{"type":"FeatureCollection","name":"10_лес_25_6","crs":{"type":"name","properties":{"name":"urn:ogc:def:crs:OGC:1.3:CRS84"}},"features":[{"type":"Feature","properties":{"id":"1"},"geometry":{"type":"MultiPolygon","coordinates":[[[[31.408195495605415,49.65004263078135],[31.410984992980904,49.64948691293728],[31.410984992980904,49.64947301990988],[31.41077041625971,49.649042334094084],[31.410405635833683,49.64911179980598],[31.410384178161568,49.6492368378376],[31.41027688980097,49.649306303271935],[31.41012668609614,49.6493201963469],[31.41004085540766,49.649306303271935],[31.4099764823913,49.649250730932394],[31.4099764823913,49.649209051636106],[31.40798091888422,49.649598057013634],[31.408195495605415,49.65004263078135]]]]},"id":"1"},{"type":"Feature","properties":{"id":"2"},"geometry":{"type":"MultiPolygon","coordinates":[[[[31.59813880920405,49.43592908419165],[31.59822463989252,49.43590117642268],[31.599383354186955,49.43537092579528],[31.599469184875435,49.435343017708725],[31.59998416900629,49.435091844215115],[31.599383354186955,49.4346732188674],[31.599297523498482,49.43464531038385],[31.599168777465763,49.434756944222784],[31.59861087799067,49.435008119431416],[31.598267555236763,49.435091844215115],[31.59813880920405,49.43592908419165]]]]},"id":"2"},{"type":"Feature","properties":{"id":"3"},"geometry":{"type":"MultiPolygon","coordinates":[[[[31.643026432,49.497763087],[31.642957432,49.49776159],[31.642930991,49.498082564],[31.642877723,49.498729908],[31.642851267,49.499050981],[31.642773796,49.49999315],[31.642609057,49.501996201],[31.6425724,49.502442624],[31.642640004,49.502460748],[31.642706441,49.501653093],[31.642749218,49.501132629],[31.642780408,49.50075361],[31.642811089,49.500379879],[31.642841907,49.500006157],[31.642872601,49.499632435],[31.642903418,49.499258704],[31.642934096,49.498884892],[31.642964788,49.49851117],[31.642995604,49.498137448],[31.643026432,49.497763087]]]]},"id":"3"},{"type":"Feature","properties":{"id":"4"},"geometry":{"type":"MultiPolygon","coordinates":[[[[31.648302801,49.49786391],[31.648233664,49.497862686],[31.648204783,49.498214576],[31.648175901,49.498566557],[31.648147019,49.498918537],[31.648118136,49.499270428],[31.64808924,49.499622408],[31.648060219,49.499974388],[31.648031335,49.500326279],[31.648002451,49.500678259],[31.647973566,49.50103023],[31.647942577,49.50140773],[31.64789671,49.501965856],[31.647815136,49.502958977],[31.647883808,49.502963799],[31.647988117,49.501695166],[31.648048003,49.500965237],[31.648074066,49.500648299],[31.648100142,49.50033137],[31.648126575,49.500009405],[31.648155643,49.499654638],[31.648186976,49.499273181],[31.648215995,49.498920751],[31.648244889,49.498568321],[31.648273782,49.498215891],[31.648302801,49.49786391]]]]},"id":"4"},{"type":"Feature","properties":{"id":"5"},"geometry":{"type":"MultiPolygon","coordinates":[[[[31.38841025,49.635324151],[31.389167894,49.63516752],[31.388866593,49.632175787],[31.388613229,49.632244566],[31.388374675,49.632434865],[31.388332523,49.632882325],[31.388303861,49.63334457],[31.38821988,49.6334335],[31.38841025,49.635324151]]]]},"id":"5"},{"type":"Feature","properties":{"id":"6"},"geometry":{"type":"MultiPolygon","coordinates":[[[[31.649638677,49.452085049],[31.649640319,49.452421159],[31.650588816,49.452428139],[31.650432173,49.45209089],[31.649638677,49.452085049]]]]},"id":"6"},{"type":"Feature","properties":{"id":"7"},"geometry":{"type":"MultiPolygon","coordinates":[[[[31.380052461,49.637249399],[31.379022077,49.637236079],[31.379089288,49.638112673],[31.379178473,49.639273424],[31.379525333,49.639223284],[31.379831378,49.638858775],[31.38009172,49.638662502],[31.380158993,49.638638602],[31.380052461,49.637249399]]]]},"id":"7"},{"type":"Feature","properties":{"id":"8"},"geometry":{"type":"MultiPolygon","coordinates":[[[[31.649666583,49.452712857],[31.649691006,49.452975236],[31.650862245,49.45298385],[31.650728443,49.452720669],[31.649666583,49.452712857]]]]},"id":"8"},{"type":"Feature","properties":{"id":"9"},"geometry":{"type":"MultiPolygon","coordinates":[[[[31.529015228,49.497127378],[31.526537652,49.496561691],[31.526517058,49.496616749],[31.528997591,49.497183101],[31.529015228,49.497127378]]]]},"id":"9"},{"type":"Feature","properties":{"id":"10"},"geometry":{"type":"MultiPolygon","coordinates":[[[[31.578077111,49.512042316],[31.578989873,49.512689335],[31.579130197,49.511400908],[31.576458673,49.511281677],[31.578077111,49.512042316]]]]},"id":"10"},{"type":"Feature","properties":{"id":"11"},"geometry":{"type":"MultiPolygon","coordinates":[[[[31.58654,49.437792],[31.587421,49.437875],[31.58761,49.436702],[31.586728,49.436624],[31.58654,49.437792]]]]},"id":"11"},{"type":"Feature","properties":{"id":"12"},"geometry":{"type":"MultiPolygon","coordinates":[[[[31.37792356,49.615367523],[31.378339028,49.61564876],[31.378345852,49.615653425],[31.380678168,49.615355431],[31.380552623,49.614940967],[31.380526773429356,49.614855632396214],[31.3804936408996,49.61476976315543],[31.38049283134177,49.614766878218056],[31.377502238,49.615149071],[31.37792356,49.615367523]]]]},"id":"12"},{"type":"Feature","properties":{"id":"13"},"geometry":{"type":"MultiPolygon","coordinates":[[[[31.618268,49.438555],[31.618348,49.438712],[31.619984,49.438346],[31.619902,49.43819],[31.618268,49.438555]]]]},"id":"13"},{"type":"Feature","properties":{"id":"14"},"geometry":{"type":"MultiPolygon","coordinates":[[[[31.593381696,49.545173748],[31.593459831,49.544669767],[31.593271842,49.544575781],[31.59054424,49.544306382],[31.590435448,49.544926289],[31.593381696,49.545173748]]]]},"id":"14"},{"type":"Feature","properties":{"id":"15"},"geometry":{"type":"MultiPolygon","coordinates":[[[[31.509719,49.461938],[31.510424,49.461855],[31.510378,49.461605],[31.509614,49.461374],[31.509719,49.461938]]]]},"id":"15"},{"type":"Feature","properties":{"id":"16"},"geometry":{"type":"MultiPolygon","coordinates":[[[[31.524253944,49.487129128],[31.522172946,49.487494126],[31.522301286,49.487675581],[31.524376619,49.487311525],[31.524253944,49.487129128]]]]},"id":"16"},{"type":"Feature","properties":{"id":"17"},"geometry":{"type":"MultiPolygon","coordinates":[[[[31.519581458,49.483295984],[31.518101111,49.483789904],[31.518265823,49.48409764],[31.51986413,49.483564442],[31.519581458,49.483295984]]]]},"id":"17"},{"type":"Feature","properties":{"id":"18"},"geometry":{"type":"MultiPolygon","coordinates":[[[[31.526673821,49.490718342],[31.524308599,49.491133309],[31.524325963,49.491190372],[31.524360291,49.491303691],[31.52678176,49.490878946],[31.526710026,49.490772057],[31.526673821,49.490718342]]]]},"id":"18"},{"type":"Feature","properties":{"id":"19"},"geometry":{"type":"MultiPolygon","coordinates":[[[[31.64370027,49.439551518],[31.643710650529375,49.4395805175024],[31.643714904785096,49.439584864629474],[31.64373137767461,49.4396384217649],[31.643739319,49.439660607],[31.644859147,49.439141456],[31.643488951,49.437884547],[31.643141307,49.438045706],[31.642544559,49.438322268],[31.643038465,49.438820372],[31.64370027,49.439551518]]]]},"id":"19"},{"type":"Feature","properties":{"id":"20"},"geometry":{"type":"MultiPolygon","coordinates":[[[[31.527424508,49.493802978],[31.524739176,49.49335532],[31.524740321,49.493464392],[31.527385763,49.493905424],[31.527424508,49.493802978]]]]},"id":"20"},{"type":"Feature","properties":{"id":"21"},"geometry":{"type":"MultiPolygon","coordinates":[[[[31.56628874,49.443754884],[31.566570913,49.44369458],[31.566737046,49.443448923],[31.566123646,49.442637071],[31.565140381,49.443142264],[31.565697273,49.443879399],[31.56628874,49.443754884]]]]},"id":"21"},{"type":"Feature","properties":{"id":"22"},"geometry":{"type":"MultiPolygon","coordinates":[[[[31.546054946,49.449390988],[31.545543693,49.449455909],[31.545617749,49.449633377],[31.546547221,49.449515807],[31.547489397,49.449347523],[31.54930741,49.449025921],[31.54901285,49.448635895],[31.546054946,49.449390988]]]]},"id":"22"},{"type":"Feature","properties":{"id":"23"},"geometry":{"type":"MultiPolygon","coordinates":[[[[31.443373343,49.622194319],[31.442403325,49.622903914],[31.442698481,49.623074072],[31.443668373,49.622364475],[31.443565461,49.62230512],[31.443373343,49.622194319]]]]},"id":"23"},{"type":"Feature","properties":{"id":"24"},"geometry":{"type":"MultiPolygon","coordinates":[[[[31.540146381,49.450322553],[31.541116349,49.450129971],[31.540791519,49.449853163],[31.538293965,49.450061206],[31.538930935,49.450604033],[31.540146381,49.450322553]]]]},"id":"24"},{"type":"Feature","properties":{"id":"25"},"geometry":{"type":"MultiPolygon","coordinates":[[[[31.573784878,49.507648002],[31.573600032,49.509342566],[31.574321009,49.509939878],[31.574566977,49.507682946],[31.573784878,49.507648002]]]]},"id":"25"},{"type":"Feature","properties":{"id":"26"},"geometry":{"type":"MultiPolygon","coordinates":[[[[31.524742816,49.49370746],[31.524732565,49.493799443],[31.527266179,49.494221818],[31.527306523,49.494114804],[31.524742668,49.493687401],[31.524742816,49.49370746]]]]},"id":"26"},{"type":"Feature","properties":{"id":"27"},"geometry":{"type":"MultiPolygon","coordinates":[[[[31.541500851,49.450053625],[31.542080442,49.449979041],[31.543193319,49.449919839],[31.544897596,49.449724442],[31.545550015,49.4496419],[31.545476084,49.449464522],[31.545408061,49.449473126],[31.542491394,49.449711535],[31.540791463,49.449853163],[31.541116363,49.450130007],[31.541500851,49.450053625]]]]},"id":"27"},{"type":"Feature","properties":{"id":"28"},"geometry":{"type":"MultiPolygon","coordinates":[[[[31.612862238,49.448139739],[31.612723628,49.448079326],[31.612011269,49.448494669],[31.612200051,49.448640703],[31.612923002,49.448219235],[31.612862238,49.448139739]]]]},"id":"28"},{"type":"Feature","properties":{"id":"29"},"geometry":{"type":"MultiPolygon","coordinates":[[[[31.555192212,49.540639877],[31.55529622,49.540562773],[31.555488952,49.540420037],[31.555483615,49.540416668],[31.554212998,49.539394217],[31.553930285,49.539603735],[31.555192212,49.540639877]]]]},"id":"29"},{"type":"Feature","properties":{"id":"30"},"geometry":{"type":"MultiPolygon","coordinates":[[[[31.620110125,49.458404892],[31.620189606,49.459479969],[31.620462776,49.459468105],[31.620384288,49.458406451],[31.620110125,49.458404892]]]]},"id":"30"},{"type":"Feature","properties":{"id":"31"},"geometry":{"type":"MultiPolygon","coordinates":[[[[31.523849091,49.486527328],[31.521749691,49.486895578],[31.521833725,49.487014435],[31.523929527,49.486646878],[31.523849091,49.486527328]]]]},"id":"31"},{"type":"Feature","properties":{"id":"32"},"geometry":{"type":"MultiPolygon","coordinates":[[[[31.387129745,49.635607832],[31.387652892,49.635480697],[31.38841025,49.635324151],[31.38821988,49.6334335],[31.387975625,49.633691898],[31.387974204,49.63394859],[31.387917349,49.63414783],[31.387613215,49.634268895],[31.387257928,49.634241117],[31.386977782,49.634099595],[31.387129745,49.635607832]]]]},"id":"32"},{"type":"Feature","properties":{"id":"33"},"geometry":{"type":"MultiPolygon","coordinates":[[[[31.556047582,49.445109395],[31.556240358,49.445045113],[31.555940275,49.444431862],[31.555532354,49.444518347],[31.555853248,49.445174181],[31.556047582,49.445109395]]]]},"id":"33"},{"type":"Feature","properties":{"id":"34"},"geometry":{"type":"MultiPolygon","coordinates":[[[[31.61593953,49.458416043],[31.615822089,49.458449851],[31.615911835,49.459665742],[31.61616225,49.459654882],[31.616070718,49.458415606],[31.61593953,49.458416043]]]]},"id":"34"},{"type":"Feature","properties":{"id":"35"},"geometry":{"type":"MultiPolygon","coordinates":[[[[31.570261672,49.532046641],[31.57029531,49.531853059],[31.570380475,49.531361469],[31.569853018,49.531362974],[31.567761667,49.531386322],[31.567348184,49.531394592],[31.567271403,49.531836795],[31.570261672,49.532046641]]]]},"id":"35"},{"type":"Feature","properties":{"id":"36"},"geometry":{"type":"MultiPolygon","coordinates":[[[[31.545792648,49.523468291],[31.545581552,49.523769551],[31.547695514,49.524330158],[31.547849939,49.524109703],[31.547906475,49.524028795],[31.545792648,49.523468291]]]]},"id":"36"},{"type":"Feature","properties":{"id":"37"},"geometry":{"type":"MultiPolygon","coordinates":[[[[31.632315097,49.454491613],[31.632407327,49.454650644],[31.632359264,49.454841719],[31.632280331,49.455047935],[31.632313004,49.45506793],[31.632993198417893,49.454351056990966],[31.632993206,49.454351049],[31.632610831,49.454213992],[31.63247805,49.454156681],[31.632145259,49.454507406],[31.632315097,49.454491613]]]]},"id":"37"},{"type":"Feature","properties":{"id":"38"},"geometry":{"type":"MultiPolygon","coordinates":[[[[31.629798519,49.459089205],[31.629862108,49.459947019],[31.630211616,49.459925632],[31.630195113,49.459704231],[31.630176086,49.459446481],[31.630148466,49.459073941],[31.629798519,49.459089205]]]]},"id":"38"},{"type":"Feature","properties":{"id":"39"},"geometry":{"type":"MultiPolygon","coordinates":[[[[31.539369475,49.524422023],[31.542094211,49.525144707],[31.542292988,49.524861054],[31.54255569,49.524486134],[31.539830846,49.52376346],[31.539369475,49.524422023]]]]},"id":"39"},{"type":"Feature","properties":{"id":"40"},"geometry":{"type":"MultiPolygon","coordinates":[[[[31.614792,49.436068],[31.614682,49.436058],[31.614587,49.437254],[31.614828,49.437255],[31.614922,49.436073],[31.614792,49.436068]]]]},"id":"40"},{"type":"Feature","properties":{"id":"41"},"geometry":{"type":"MultiPolygon","coordinates":[[[[31.651398558,49.453530972],[31.651216713,49.453518658],[31.651107013,49.453465528],[31.649876745,49.45345648],[31.649930234,49.453561978],[31.649960542,49.453668126],[31.651333677,49.453678218],[31.651398558,49.453530972]]]]},"id":"41"},{"type":"Feature","properties":{"id":"42"},"geometry":{"type":"MultiPolygon","coordinates":[[[[31.614158604,49.458876546],[31.614222247,49.459739044],[31.614858783,49.459711459],[31.614786369,49.458730294],[31.614236835,49.458844145],[31.614158604,49.458876546]]]]},"id":"42"},{"type":"Feature","properties":{"id":"43"},"geometry":{"type":"MultiPolygon","coordinates":[[[[31.563620707,49.523971681],[31.56436775,49.523960193],[31.564501964,49.521948566],[31.563737251,49.521954239],[31.563607692,49.523893798],[31.563620707,49.523971681]]]]},"id":"43"},{"type":"Feature","properties":{"id":"44"},"geometry":{"type":"MultiPolygon","coordinates":[[[[31.447509265,49.618773204],[31.446328841,49.619636968],[31.446667708,49.619832375],[31.447844765,49.618971096],[31.447640601,49.618844086],[31.447509265,49.618773204]]]]},"id":"44"},{"type":"Feature","properties":{"id":"45"},"geometry":{"type":"MultiPolygon","coordinates":[[[[31.443291138,49.625728515],[31.443044787,49.625670357],[31.442885031,49.625452893],[31.44290596322061,49.625407081559686],[31.442058236034182,49.625695380542254],[31.44232859,49.626043793],[31.443291138,49.625728515]]]]},"id":"45"},{"type":"Feature","properties":{"id":"46"},"geometry":{"type":"MultiPolygon","coordinates":[[[[31.621588793,49.459419177],[31.621514348,49.458412923],[31.621226502,49.458411273],[31.621302065,49.45943166],[31.621588793,49.459419177]]]]},"id":"46"},{"type":"Feature","properties":{"id":"47"},"geometry":{"type":"MultiPolygon","coordinates":[[[[31.526673821,49.490718342],[31.52656334,49.490553864],[31.524255608,49.490958701],[31.524308599,49.491133309],[31.526673821,49.490718342]]]]},"id":"47"},{"type":"Feature","properties":{"id":"48"},"geometry":{"type":"MultiPolygon","coordinates":[[[[31.524148332,49.490727487],[31.526412981,49.490330223],[31.526375215,49.490274036],[31.524116117,49.490670318],[31.524148332,49.490727487]]]]},"id":"48"},{"type":"Feature","properties":{"id":"49"},"geometry":{"type":"MultiPolygon","coordinates":[[[[31.366254751,49.642007232],[31.366726748,49.641744539],[31.366679672,49.64144682],[31.366547761,49.640980044],[31.366129526,49.640417667],[31.36590878,49.640575194],[31.365133927,49.64101932],[31.365028585,49.641077989],[31.366254751,49.642007232]]]]},"id":"49"},{"type":"Feature","properties":{"id":"50"},"geometry":{"type":"MultiPolygon","coordinates":[[[[31.558150724,49.542550224],[31.558353961,49.542399745],[31.558593076,49.542222589],[31.558053847,49.541924982],[31.557674067,49.541742606],[31.55747846,49.541682651],[31.557267254,49.541586253],[31.556976575,49.541383735],[31.556846918,49.541479788],[31.558150724,49.542550224]]]]},"id":"50"},{"type":"Feature","properties":{"id":"51"},"geometry":{"type":"MultiPolygon","coordinates":[[[[31.614786369,49.458730294],[31.614858783,49.459711459],[31.615283286,49.459693037],[31.615204652,49.458627307],[31.6150007,49.458685898],[31.614786369,49.458730294]]]]},"id":"51"},{"type":"Feature","properties":{"id":"52"},"geometry":{"type":"MultiPolygon","coordinates":[[[[31.61154212,49.447524204],[31.611381584,49.447358757],[31.61090352,49.447637478],[31.611314904,49.447955798],[31.611804648,49.447670249],[31.61154212,49.447524204]]]]},"id":"52"},{"type":"Feature","properties":{"id":"53"},"geometry":{"type":"MultiPolygon","coordinates":[[[[31.370722943,49.633670858],[31.370607544,49.633213509],[31.367834042,49.633501274],[31.367948526,49.633954939],[31.367949416,49.633958545],[31.370722943,49.633670858]]]]},"id":"53"},{"type":"Feature","properties":{"id":"54"},"geometry":{"type":"MultiPolygon","coordinates":[[[[31.643708718,49.459180398],[31.644623408,49.459124809],[31.644555178,49.458474465],[31.643708718,49.459180398]]]]},"id":"54"},{"type":"Feature","properties":{"id":"55"},"geometry":{"type":"MultiPolygon","coordinates":[[[[31.649691,49.452975],[31.649692,49.452984],[31.649766,49.45322],[31.650987,49.453229],[31.650862,49.452984],[31.649691,49.452975]]]]},"id":"55"},{"type":"Feature","properties":{"id":"56"},"geometry":{"type":"MultiPolygon","coordinates":[[[[31.446667666,49.619832393],[31.446992609,49.620019907],[31.448145345,49.619176362],[31.448003003,49.619069566],[31.447844765,49.618971114],[31.446667666,49.619832393]]]]},"id":"56"},{"type":"Feature","properties":{"id":"57"},"geometry":{"type":"MultiPolygon","coordinates":[[[[31.423941982,49.641094224],[31.425266279,49.64048496],[31.425259228,49.640478599],[31.4250623,49.640298112],[31.423790308,49.640883321],[31.423812736,49.640990436],[31.423941982,49.641094224]]]]},"id":"57"},{"type":"Feature","properties":{"id":"58"},"geometry":{"type":"MultiPolygon","coordinates":[[[[31.596646,49.49953],[31.599201,49.49968],[31.599271,49.499067],[31.596716,49.498916],[31.596646,49.49953]]]]},"id":"58"},{"type":"Feature","properties":{"id":"59"},"geometry":{"type":"MultiPolygon","coordinates":[[[[31.626070207,49.458557574],[31.62526856499356,49.45854930319238],[31.625221820914923,49.45855132876313],[31.625274243,49.459259002],[31.626119372,49.459222228],[31.626070207,49.458557574]]]]},"id":"59"},{"type":"Feature","properties":{"id":"60"},"geometry":{"type":"MultiPolygon","coordinates":[[[[31.652282692,49.451824219],[31.651923837,49.452607715],[31.651464251,49.45354467],[31.651123532,49.454318295],[31.651662853,49.454291335],[31.652329321,49.453206192],[31.652312274,49.451752699],[31.652282692,49.451824219]]]]},"id":"60"},{"type":"Feature","properties":{"id":"61"},"geometry":{"type":"MultiPolygon","coordinates":[[[[31.553437105,49.444934206],[31.553694927,49.444879582],[31.553203471,49.443875245],[31.552945917,49.443930138],[31.553437105,49.444934206]]]]},"id":"61"},{"type":"Feature","properties":{"id":"62"},"geometry":{"type":"MultiPolygon","coordinates":[[[[31.604175,49.433336],[31.603407,49.433678],[31.603844,49.434613],[31.604769,49.434429],[31.604242,49.433302],[31.604175,49.433336]]]]},"id":"62"},{"type":"Feature","properties":{"id":"63"},"geometry":{"type":"MultiPolygon","coordinates":[[[[31.59804365,49.452180094],[31.59832259,49.452319384],[31.599014497,49.451613465],[31.598880433,49.451546504],[31.59873556,49.451474167],[31.59804365,49.452180094]]]]},"id":"63"},{"type":"Feature","properties":{"id":"64"},"geometry":{"type":"MultiPolygon","coordinates":[[[[31.527183877,49.494439263],[31.524707501,49.494026441],[31.524694721,49.494141873],[31.527142071,49.494549865],[31.527183877,49.494439263]]]]},"id":"64"},{"type":"Feature","properties":{"id":"65"},"geometry":{"type":"MultiPolygon","coordinates":[[[[31.586362958,49.52406372],[31.586239615,49.525086136],[31.586194389,49.525548838],[31.587106642,49.525604504],[31.587349679,49.523299873],[31.586434206,49.523241756],[31.586362958,49.52406372]]]]},"id":"65"},{"type":"Feature","properties":{"id":"66"},"geometry":{"type":"MultiPolygon","coordinates":[[[[31.592870288,49.523605225],[31.594104191,49.523683524],[31.594346683,49.521508342],[31.593467217,49.521452526],[31.593112835,49.521430036],[31.592870288,49.523605225]]]]},"id":"66"},{"type":"Feature","properties":{"id":"67"},"geometry":{"type":"MultiPolygon","coordinates":[[[[31.585078,49.437655],[31.585577,49.437702],[31.585764,49.436538],[31.585265,49.436494],[31.585078,49.437655]]]]},"id":"67"},{"type":"Feature","properties":{"id":"68"},"geometry":{"type":"MultiPolygon","coordinates":[[[[31.558773483,49.442710327],[31.558341398,49.442800045],[31.559677232,49.445085055],[31.560149255,49.444926601],[31.558844933,49.442695348],[31.558773483,49.442710327]]]]},"id":"68"},{"type":"Feature","properties":{"id":"69"},"geometry":{"type":"MultiPolygon","coordinates":[[[[31.617023,49.43649],[31.616759,49.436386],[31.615926,49.43726],[31.616198,49.437261],[31.617063,49.436505],[31.617023,49.43649]]]]},"id":"69"},{"type":"Feature","properties":{"id":"70"},"geometry":{"type":"MultiPolygon","coordinates":[[[[31.653045,49.497967],[31.65283,49.500589],[31.653458,49.500923],[31.65357,49.500039],[31.65339,49.500033],[31.653559,49.497979],[31.653045,49.497967]]]]},"id":"70"},{"type":"Feature","properties":{"id":"71"},"geometry":{"type":"MultiPolygon","coordinates":[[[[31.613575,49.445575],[31.61361,49.445512],[31.6136,49.44549],[31.613641,49.445459],[31.613723,49.445318],[31.613965,49.445178],[31.613443,49.444946],[31.612988,49.445332],[31.613569,49.44559],[31.613575,49.445575]]]]},"id":"71"},{"type":"Feature","properties":{"id":"72"},"geometry":{"type":"MultiPolygon","coordinates":[[[[31.529050571,49.497015797],[31.526578868,49.496451458],[31.526537652,49.496561691],[31.529015228,49.497127378],[31.529050571,49.497015797]]]]},"id":"72"},{"type":"Feature","properties":{"id":"73"},"geometry":{"type":"MultiPolygon","coordinates":[[[[31.620028745,49.463103523],[31.620265611,49.463920855],[31.620608822,49.463844054],[31.62038162,49.46306008],[31.620028745,49.463103523]]]]},"id":"73"},{"type":"Feature","properties":{"id":"74"},"geometry":{"type":"MultiPolygon","coordinates":[[[[31.627618224,49.463305147],[31.62778872,49.464737242],[31.627891398,49.464742686],[31.627979593,49.464748568],[31.627806568,49.463295597],[31.627685065,49.463301782],[31.627618224,49.463305147]]]]},"id":"74"},{"type":"Feature","properties":{"id":"75"},"geometry":{"type":"MultiPolygon","coordinates":[[[[31.527099686,49.494661626],[31.524681776,49.494258564],[31.524655515,49.494496081],[31.527013593,49.494889196],[31.527099686,49.494661626]]]]},"id":"75"},{"type":"Feature","properties":{"id":"76"},"geometry":{"type":"MultiPolygon","coordinates":[[[[31.643604077,49.459359356],[31.642664037,49.45941281],[31.642739983,49.460049605],[31.643604077,49.459359356]]]]},"id":"76"},{"type":"Feature","properties":{"id":"77"},"geometry":{"type":"MultiPolygon","coordinates":[[[[31.512829267,49.462356432],[31.512498434,49.462254336],[31.510541629,49.462487193],[31.510551835,49.462542039],[31.510567399,49.462625531],[31.512829267,49.462356432]]]]},"id":"77"},{"type":"Feature","properties":{"id":"78"},"geometry":{"type":"MultiPolygon","coordinates":[[[[31.520066803,49.451374706],[31.520467825,49.451154979],[31.519701866,49.450816552],[31.519318335,49.451044015],[31.520066803,49.451374706]]]]},"id":"78"},{"type":"Feature","properties":{"id":"79"},"geometry":{"type":"MultiPolygon","coordinates":[[[[31.517977709,49.479742334],[31.517535484,49.479367115],[31.515991225,49.4798823],[31.516235123,49.480323683],[31.517977709,49.479742334]]]]},"id":"79"},{"type":"Feature","properties":{"id":"80"},"geometry":{"type":"MultiPolygon","coordinates":[[[[31.529079313,49.49692506],[31.529084008,49.496903578],[31.526620165,49.496341037],[31.526578868,49.496451458],[31.529050571,49.497015797],[31.529079313,49.49692506]]]]},"id":"80"},{"type":"Feature","properties":{"id":"81"},"geometry":{"type":"MultiPolygon","coordinates":[[[[31.624524925,49.461298798],[31.625058869,49.460731557],[31.624193584,49.460838126],[31.624414672,49.461600853],[31.624524925,49.461298798]]]]},"id":"81"},{"type":"Feature","properties":{"id":"82"},"geometry":{"type":"MultiPolygon","coordinates":[[[[31.544384337,49.446852899],[31.544903619,49.446742907],[31.544413913,49.445741788],[31.543898619,49.445859815],[31.544384337,49.446852899]]]]},"id":"82"},{"type":"Feature","properties":{"id":"83"},"geometry":{"type":"MultiPolygon","coordinates":[[[[31.587511749,49.513123657],[31.587357402,49.514590588],[31.588417439,49.51465792],[31.588571321,49.513195187],[31.587511749,49.513123657]]]]},"id":"83"},{"type":"Feature","properties":{"id":"84"},"geometry":{"type":"MultiPolygon","coordinates":[[[[31.628538639,49.466310102],[31.628664163,49.466303768],[31.628871291,49.466293279],[31.628742803,49.465213515],[31.628647843,49.465363946],[31.62845099,49.46557349],[31.628538639,49.466310102]]]]},"id":"84"},{"type":"Feature","properties":{"id":"85"},"geometry":{"type":"MultiPolygon","coordinates":[[[[31.527266179,49.494221818],[31.524732565,49.493799443],[31.524720115,49.493912357],[31.527225242,49.494329911],[31.527266179,49.494221818]]]]},"id":"85"},{"type":"Feature","properties":{"id":"86"},"geometry":{"type":"MultiPolygon","coordinates":[[[[31.611661,49.494619],[31.612687,49.494701],[31.612878,49.493188],[31.612764,49.493181],[31.611853,49.493094],[31.611661,49.494619]]]]},"id":"86"},{"type":"Feature","properties":{"id":"87"},"geometry":{"type":"MultiPolygon","coordinates":[[[[31.526108,49.489877],[31.523888,49.490266],[31.523954,49.490382],[31.526185,49.489991],[31.526108,49.489877]]]]},"id":"87"},{"type":"Feature","properties":{"id":"88"},"geometry":{"type":"MultiPolygon","coordinates":[[[[31.508791043,49.461247987],[31.508308729,49.461935207],[31.50830529,49.461996141],[31.508326565,49.462104134],[31.508936518,49.462031503],[31.508791043,49.461247987]]]]},"id":"88"},{"type":"Feature","properties":{"id":"89"},"geometry":{"type":"MultiPolygon","coordinates":[[[[31.617206,49.43762],[31.617423,49.437752],[31.618606,49.437258],[31.618314,49.437112],[31.617206,49.43762]]]]},"id":"89"},{"type":"Feature","properties":{"id":"90"},"geometry":{"type":"MultiPolygon","coordinates":[[[[31.52934269,49.495721797],[31.527047649,49.495197785],[31.5270035,49.495315841],[31.529315983,49.495843824],[31.52934269,49.495721797]]]]},"id":"90"},{"type":"Feature","properties":{"id":"91"},"geometry":{"type":"MultiPolygon","coordinates":[[[[31.610197,49.436422],[31.610235,49.436522],[31.612909,49.436088],[31.612917,49.435986],[31.612856,49.43599],[31.610197,49.436422]]]]},"id":"91"},{"type":"Feature","properties":{"id":"92"},"geometry":{"type":"MultiPolygon","coordinates":[[[[31.616569812,49.463529274],[31.616898853,49.464664703],[31.617144207,49.464614697],[31.616820751,49.46349837],[31.616569812,49.463529274]]]]},"id":"92"},{"type":"Feature","properties":{"id":"93"},"geometry":{"type":"MultiPolygon","coordinates":[[[[31.512608,49.45491],[31.513662,49.455236],[31.513678,49.455201],[31.513779,49.454989],[31.512714,49.454659],[31.512608,49.45491]]]]},"id":"93"},{"type":"Feature","properties":{"id":"94"},"geometry":{"type":"MultiPolygon","coordinates":[[[[31.604914152,49.453489966],[31.604514213,49.453290307],[31.604254229,49.453555614],[31.60441295901014,49.4536348750203],[31.604731252,49.453793813],[31.604914152,49.453489966]]]]},"id":"94"},{"type":"Feature","properties":{"id":"95"},"geometry":{"type":"MultiPolygon","coordinates":[[[[31.620484984,49.440066729],[31.620481886,49.440051879],[31.618700935,49.439898661],[31.61871455,49.440015705],[31.620460494,49.440257928],[31.620484984,49.440066729]]]]},"id":"95"},{"type":"Feature","properties":{"id":"96"},"geometry":{"type":"MultiPolygon","coordinates":[[[[31.650832458,49.503384492],[31.651927215,49.503581364],[31.65250431,49.503669673],[31.652654338,49.50184103],[31.651770884,49.501697593],[31.65098147,49.501569412],[31.650832458,49.503384492]]]]},"id":"96"},{"type":"Feature","properties":{"id":"97"},"geometry":{"type":"MultiPolygon","coordinates":[[[[31.563739525,49.444627649],[31.564198751,49.444408836],[31.563764148,49.443833632],[31.56216742,49.444369974],[31.56260752,49.444952509],[31.563739525,49.444627649]]]]},"id":"97"},{"type":"Feature","properties":{"id":"98"},"geometry":{"type":"MultiPolygon","coordinates":[[[[31.650173898,49.451146411],[31.64963402,49.451142434],[31.649636573,49.451664771],[31.650236437,49.451669183],[31.650201731,49.451594573],[31.650188883,49.451252705],[31.650173898,49.451146411]]]]},"id":"98"},{"type":"Feature","properties":{"id":"99"},"geometry":{"type":"MultiPolygon","coordinates":[[[[31.44644656559222,49.619064955429444],[31.445962738377816,49.619425725342424],[31.446328869,49.619636977],[31.447509321,49.618773204],[31.447345262,49.61868428],[31.44710836,49.618580729],[31.44644656559222,49.619064955429444]]]]},"id":"99"},{"type":"Feature","properties":{"id":"100"},"geometry":{"type":"MultiPolygon","coordinates":[[[[31.560149255,49.444926601],[31.560642792,49.444761039],[31.559370757,49.44258526],[31.558844933,49.442695348],[31.560149255,49.444926601]]]]},"id":"100"},{"type":"Feature","properties":{"id":"101"},"geometry":{"type":"MultiPolygon","coordinates":[[[[31.439038069,49.623887221],[31.439922188,49.623597707],[31.439612101,49.623463848],[31.439422024,49.62326306],[31.438729699,49.623489771],[31.43889739,49.623705978],[31.439038069,49.623887221]]]]},"id":"101"},{"type":"Feature","properties":{"id":"102"},"geometry":{"type":"MultiPolygon","coordinates":[[[[31.571004419,49.518843866],[31.571103521,49.518708084],[31.571298261,49.518708117],[31.571985262,49.518850572],[31.57254495,49.519116444],[31.572956563,49.519128378],[31.573041563,49.518138934],[31.570324757,49.518161084],[31.57031605,49.518262978],[31.570607121,49.518353432],[31.57060967,49.518532472],[31.570294967,49.51850863],[31.570270502,49.518793908],[31.571004419,49.518843866]]]]},"id":"102"},{"type":"Feature","properties":{"id":"103"},"geometry":{"type":"MultiPolygon","coordinates":[[[[31.613734184,49.510099191],[31.613686793,49.510444544],[31.612636235,49.510476328],[31.612156826,49.510498273],[31.612117147,49.511294159],[31.612014296,49.512145707],[31.614262791,49.51208757],[31.614318871,49.511626113],[31.614504598,49.51009774],[31.613734184,49.510099191]]]]},"id":"103"},{"type":"Feature","properties":{"id":"104"},"geometry":{"type":"MultiPolygon","coordinates":[[[[31.622402578,49.45841795],[31.622102179,49.458416217],[31.622174399,49.459393772],[31.622473815,49.45938076],[31.622402578,49.45841795]]]]},"id":"104"},{"type":"Feature","properties":{"id":"105"},"geometry":{"type":"MultiPolygon","coordinates":[[[[31.647169149,49.45545412],[31.646308994,49.455828555],[31.645762547,49.456096869],[31.644937376,49.45645725],[31.645116228,49.457261963],[31.645610861,49.456943914],[31.64609666,49.456523193],[31.646369367,49.456339715],[31.646712106,49.456182023],[31.647348849,49.455996462],[31.647480795,49.455970094],[31.64734701,49.455368216],[31.647169149,49.45545412]]]]},"id":"105"},{"type":"Feature","properties":{"id":"106"},"geometry":{"type":"MultiPolygon","coordinates":[[[[31.522172946,49.487494126],[31.524253944,49.487129128],[31.524172442,49.487007961],[31.522087708,49.487373642],[31.522172946,49.487494126]]]]},"id":"106"},{"type":"Feature","properties":{"id":"107"},"geometry":{"type":"MultiPolygon","coordinates":[[[[31.38643932,49.636247945],[31.386593496,49.636194447],[31.386962295,49.63610898],[31.386846164,49.634599384],[31.386823434,49.634587566],[31.386345656,49.634395498],[31.386296328,49.634385559],[31.38643932,49.636247945]]]]},"id":"107"},{"type":"Feature","properties":{"id":"108"},"geometry":{"type":"MultiPolygon","coordinates":[[[[31.624291831,49.458539174],[31.624043094,49.458517601],[31.624101809,49.459309922],[31.62487129,49.459276547],[31.624816991,49.458544589],[31.624291831,49.458539174]]]]},"id":"108"},{"type":"Feature","properties":{"id":"109"},"geometry":{"type":"MultiPolygon","coordinates":[[[[31.520838141,49.480657655],[31.520623403,49.480457036],[31.519190972,49.480961355],[31.519182293,49.480964243],[31.519638202,49.48139608],[31.521094876,49.480896929],[31.520838141,49.480657655]]]]},"id":"109"},{"type":"Feature","properties":{"id":"110"},"geometry":{"type":"MultiPolygon","coordinates":[[[[31.546221006304705,49.52282143185317],[31.54623475280229,49.522794661425216],[31.546235781,49.522741754],[31.546250172,49.521989878],[31.54575125,49.521364244],[31.544730315,49.521988764],[31.545918408,49.522640953],[31.546221006304705,49.52282143185317]]]]},"id":"110"},{"type":"Feature","properties":{"id":"111"},"geometry":{"type":"MultiPolygon","coordinates":[[[[31.537701353,49.542872481],[31.537443983,49.543003943],[31.536931876,49.54326556],[31.537306695,49.543571149],[31.539015911,49.542697926],[31.539001767,49.542686386],[31.538641226,49.542392424],[31.538418335,49.542506109],[31.537701353,49.542872481]]]]},"id":"111"},{"type":"Feature","properties":{"id":"112"},"geometry":{"type":"MultiPolygon","coordinates":[[[[31.592189169,49.552912937],[31.592273948,49.55236486],[31.58918199,49.552105158],[31.589139227,49.552361439],[31.589091385,49.552652734],[31.592189169,49.552912937]]]]},"id":"112"},{"type":"Feature","properties":{"id":"113"},"geometry":{"type":"MultiPolygon","coordinates":[[[[31.509144932,49.461231515],[31.508862631,49.461146012],[31.508791043,49.461247987],[31.508936518,49.462031503],[31.509285814,49.461989991],[31.509144932,49.461231515]]]]},"id":"113"},{"type":"Feature","properties":{"id":"114"},"geometry":{"type":"MultiPolygon","coordinates":[[[[31.604117708,49.506639702],[31.604146214,49.506376504],[31.603185284,49.50634655],[31.601787543,49.50629569],[31.601768652,49.50660121],[31.604117708,49.506639702]]]]},"id":"114"},{"type":"Feature","properties":{"id":"115"},"geometry":{"type":"MultiPolygon","coordinates":[[[[31.447321124,49.630692392],[31.446687567,49.6308999],[31.447139845,49.631382836],[31.447699166,49.631179256],[31.44747218,49.6308869],[31.447321124,49.630692392]]]]},"id":"115"},{"type":"Feature","properties":{"id":"116"},"geometry":{"type":"MultiPolygon","coordinates":[[[[31.612761171,49.463081481],[31.612527285,49.462274228],[31.612410588,49.462288593],[31.612644472,49.463095837],[31.612761171,49.463081481]]]]},"id":"116"},{"type":"Feature","properties":{"id":"117"},"geometry":{"type":"MultiPolygon","coordinates":[[[[31.57772,49.43687],[31.577771,49.436929],[31.579817,49.436207],[31.579843,49.43605],[31.579411,49.436074],[31.579169,49.436061],[31.578851,49.435958],[31.577372,49.436481],[31.57772,49.43687]]]]},"id":"117"},{"type":"Feature","properties":{"id":"118"},"geometry":{"type":"MultiPolygon","coordinates":[[[[31.613902784,49.460986863],[31.613706934,49.460938969],[31.614032124,49.462061706],[31.614295496,49.462029195],[31.613996929,49.460998558],[31.613902784,49.460986863]]]]},"id":"118"},{"type":"Feature","properties":{"id":"119"},"geometry":{"type":"MultiPolygon","coordinates":[[[[31.515675605,49.476236192],[31.515649672,49.47622029],[31.514397933,49.476660509],[31.514589298,49.476822903],[31.515847552,49.476380389],[31.515675605,49.476236192]]]]},"id":"119"},{"type":"Feature","properties":{"id":"120"},"geometry":{"type":"MultiPolygon","coordinates":[[[[31.628871291,49.466293279],[31.628895734,49.46629202],[31.629113208,49.466281069],[31.628957437,49.464973084],[31.628892414,49.464976366],[31.628742803,49.465213515],[31.628871291,49.466293279]]]]},"id":"120"},{"type":"Feature","properties":{"id":"121"},"geometry":{"type":"MultiPolygon","coordinates":[[[[31.631847773,49.460010674],[31.632032789,49.461563626],[31.63220634,49.46155486],[31.632021193,49.460001359],[31.631847773,49.460010674]]]]},"id":"121"},{"type":"Feature","properties":{"id":"122"},"geometry":{"type":"MultiPolygon","coordinates":[[[[31.539641037,49.447334882],[31.540002982,49.447288255],[31.539765268,49.446537374],[31.539403328,49.44658418],[31.539641037,49.447334882]]]]},"id":"122"},{"type":"Feature","properties":{"id":"123"},"geometry":{"type":"MultiPolygon","coordinates":[[[[31.538916992,49.447428213],[31.539279091,49.447381498],[31.539041373,49.446630985],[31.538779938,49.446664771],[31.538679681,49.446678687],[31.538916992,49.447428213]]]]},"id":"123"},{"type":"Feature","properties":{"id":"124"},"geometry":{"type":"MultiPolygon","coordinates":[[[[31.618741797,49.463261944],[31.619013907,49.464200948],[31.619311127,49.46413443],[31.6190474,49.463224326],[31.618741797,49.463261944]]]]},"id":"124"},{"type":"Feature","properties":{"id":"125"},"geometry":{"type":"MultiPolygon","coordinates":[[[[31.439922065,49.622352279],[31.439977147,49.622296159],[31.440188858,49.622010058],[31.440260216,49.62181819],[31.440236968,49.621669511],[31.43987088,49.621606878],[31.439460246,49.621608785],[31.43938408,49.621659014],[31.439922065,49.622352279]]]]},"id":"125"},{"type":"Feature","properties":{"id":"126"},"geometry":{"type":"MultiPolygon","coordinates":[[[[31.661062816,49.442425459],[31.66124988,49.442695667],[31.661425775,49.442914918],[31.663016845,49.442997478],[31.66304832,49.442521056],[31.661063771,49.442418076],[31.661062816,49.442425459]]]]},"id":"126"},{"type":"Feature","properties":{"id":"127"},"geometry":{"type":"MultiPolygon","coordinates":[[[[31.601417,49.434432],[31.600413,49.433823],[31.600224,49.433972],[31.599535,49.434494],[31.600265,49.434937],[31.601406,49.434437],[31.601417,49.434432]]]]},"id":"127"},{"type":"Feature","properties":{"id":"128"},"geometry":{"type":"MultiPolygon","coordinates":[[[[31.538553597,49.447475061],[31.538916937,49.447428222],[31.538679639,49.446678669],[31.538317369,49.446728879],[31.538553597,49.447475061]]]]},"id":"128"},{"type":"Feature","properties":{"id":"129"},"geometry":{"type":"MultiPolygon","coordinates":[[[[31.52898,49.497239],[31.528998,49.497183],[31.526517,49.496617],[31.526497,49.496672],[31.52898,49.497239]]]]},"id":"129"},{"type":"Feature","properties":{"id":"130"},"geometry":{"type":"MultiPolygon","coordinates":[[[[31.576407,49.435745],[31.575654,49.434851],[31.575331,49.434973],[31.576609,49.436435],[31.576893,49.436268],[31.576407,49.435745]]]]},"id":"130"},{"type":"Feature","properties":{"id":"131"},"geometry":{"type":"MultiPolygon","coordinates":[[[[31.52936959,49.495598835],[31.527092115,49.495078857],[31.527047649,49.495197803],[31.529342732,49.495721797],[31.52936959,49.495598835]]]]},"id":"131"},{"type":"Feature","properties":{"id":"132"},"geometry":{"type":"MultiPolygon","coordinates":[[[[31.624372143,49.496527853],[31.624174915,49.497733006],[31.626135871,49.497710074],[31.626205867,49.497298712],[31.626066989,49.497236968],[31.62574142,49.497115823],[31.624372143,49.496527853]]]]},"id":"132"},{"type":"Feature","properties":{"id":"133"},"geometry":{"type":"MultiPolygon","coordinates":[[[[31.426820975,49.638972646],[31.42736294,49.638723308],[31.426934079,49.638330274],[31.426265492,49.638463527],[31.426820975,49.638972646]]]]},"id":"133"},{"type":"Feature","properties":{"id":"134"},"geometry":{"type":"MultiPolygon","coordinates":[[[[31.556240413,49.445045077],[31.556656359,49.444906408],[31.55637876,49.444338931],[31.555940248,49.444431826],[31.556240413,49.445045077]]]]},"id":"134"},{"type":"Feature","properties":{"id":"135"},"geometry":{"type":"MultiPolygon","coordinates":[[[[31.647580241,49.457272536],[31.64791352,49.457257158],[31.647836177,49.456520367],[31.647401709,49.456740398],[31.647458147,49.457278176],[31.647580241,49.457272536]]]]},"id":"135"},{"type":"Feature","properties":{"id":"136"},"geometry":{"type":"MultiPolygon","coordinates":[[[[31.612567563,49.460033787],[31.613529468,49.460697718],[31.613532077,49.46069866],[31.613465669,49.459798895],[31.612812304,49.459827244],[31.612567563,49.460033787]]]]},"id":"136"},{"type":"Feature","properties":{"id":"137"},"geometry":{"type":"MultiPolygon","coordinates":[[[[31.526642609,49.492586511],[31.52628545,49.492603639],[31.52600212,49.493352663],[31.52633191,49.493407688],[31.526642609,49.492586511]]]]},"id":"137"},{"type":"Feature","properties":{"id":"138"},"geometry":{"type":"MultiPolygon","coordinates":[[[[31.373507192,49.618314142],[31.373825032,49.619364103],[31.374191693,49.619272381],[31.374737994,49.619094827],[31.375010963,49.619014482],[31.374619043,49.617719591],[31.37398208,49.618034294],[31.373507192,49.618314142]]]]},"id":"138"},{"type":"Feature","properties":{"id":"139"},"geometry":{"type":"MultiPolygon","coordinates":[[[[31.368219583,49.623945231],[31.371073932,49.623160982],[31.370907911,49.623044713],[31.370599916,49.622863055],[31.370428186,49.622776585],[31.368233554,49.623379541],[31.368219583,49.623945231]]]]},"id":"139"},{"type":"Feature","properties":{"id":"140"},"geometry":{"type":"MultiPolygon","coordinates":[[[[31.378496081,49.616328783],[31.380880502,49.616023998],[31.380757921,49.615618834],[31.380678168,49.615355431],[31.378345852,49.615653425],[31.378521752,49.615772651],[31.378633983,49.615947969],[31.378577281,49.616168181],[31.378481945,49.616281889],[31.378496081,49.616328783]]]]},"id":"140"},{"type":"Feature","properties":{"id":"141"},"geometry":{"type":"MultiPolygon","coordinates":[[[[31.527385763,49.493905424],[31.524740321,49.493464392],[31.524742668,49.493687401],[31.527306523,49.494114804],[31.527385763,49.493905424]]]]},"id":"141"},{"type":"Feature","properties":{"id":"142"},"geometry":{"type":"MultiPolygon","coordinates":[[[[31.439384053,49.621658978],[31.439045799,49.621882101],[31.439006949,49.621905664],[31.439480873,49.622516575],[31.439893187,49.622381521],[31.439922065,49.622352297],[31.439384053,49.621658978]]]]},"id":"142"},{"type":"Feature","properties":{"id":"143"},"geometry":{"type":"MultiPolygon","coordinates":[[[[31.58821,49.436755],[31.58761,49.436702],[31.587421,49.437875],[31.588287,49.437956],[31.588485,49.436725],[31.58821,49.436755]]]]},"id":"143"},{"type":"Feature","properties":{"id":"144"},"geometry":{"type":"MultiPolygon","coordinates":[[[[31.446010824,49.627163278],[31.446185346,49.627388154],[31.447460717,49.626970471],[31.447286052,49.626745508],[31.446010824,49.627163278]]]]},"id":"144"},{"type":"Feature","properties":{"id":"145"},"geometry":{"type":"MultiPolygon","coordinates":[[[[31.411948704,49.637772225],[31.411988909,49.639923002],[31.413393512,49.639912331],[31.413356062,49.637913154],[31.411948704,49.637772225]]]]},"id":"145"},{"type":"Feature","properties":{"id":"146"},"geometry":{"type":"MultiPolygon","coordinates":[[[[31.385889020344518,49.611795062905884],[31.385192871093697,49.6114885608728],[31.385016778794395,49.6114885608728],[31.384772909,49.611492523],[31.384906457,49.611933595],[31.385040021,49.612374658],[31.385203533,49.612914643],[31.386840123,49.612705283],[31.386858901,49.612227841],[31.385980486,49.611835885],[31.385889020344518,49.611795062905884]]]]},"id":"146"},{"type":"Feature","properties":{"id":"147"},"geometry":{"type":"MultiPolygon","coordinates":[[[[31.448445639,49.628239207],[31.449746877,49.627813024],[31.449544885,49.627552834],[31.448243652,49.627979096],[31.448308576,49.628062661],[31.448445639,49.628239207]]]]},"id":"147"},{"type":"Feature","properties":{"id":"148"},"geometry":{"type":"MultiPolygon","coordinates":[[[[31.450170015,49.630460424],[31.450248534,49.630561517],[31.450306279,49.630579236],[31.450601472,49.630676726],[31.450784978,49.630688107],[31.451098559,49.630712525],[31.451334344,49.630699606],[31.451220329,49.630545874],[31.451139884,49.630320867],[31.45117533,49.630131118],[31.450170015,49.630460424]]]]},"id":"148"},{"type":"Feature","properties":{"id":"149"},"geometry":{"type":"MultiPolygon","coordinates":[[[[31.373507192,49.618314142],[31.37185987,49.619286308],[31.37196813,49.619740071],[31.372181388,49.619745575],[31.372408501,49.619734021],[31.372886987,49.619605096],[31.373596072,49.619421306],[31.373825032,49.619364103],[31.373507192,49.618314142]]]]},"id":"149"},{"type":"Feature","properties":{"id":"150"},"geometry":{"type":"MultiPolygon","coordinates":[[[[31.372393716,49.624442473],[31.37334403,49.624315531],[31.372882644,49.622858388],[31.372631396,49.62288993],[31.372262173,49.622960129],[31.371941745,49.623015348],[31.372393716,49.624442473]]]]},"id":"150"},{"type":"Feature","properties":{"id":"151"},"geometry":{"type":"MultiPolygon","coordinates":[[[[31.540884759,49.522263096],[31.540378454,49.522982163],[31.540325024,49.523058328],[31.543049698,49.52378099],[31.543375332,49.523316312],[31.543607339,49.522985188],[31.540884759,49.522263096]]]]},"id":"151"},{"type":"Feature","properties":{"id":"152"},"geometry":{"type":"MultiPolygon","coordinates":[[[[31.607056,49.430931],[31.6054,49.429926],[31.605028,49.430243],[31.607159,49.431536],[31.607205,49.431498],[31.607243,49.431422],[31.607194,49.431227],[31.60706,49.430957],[31.607056,49.430931]]]]},"id":"152"},{"type":"Feature","properties":{"id":"153"},"geometry":{"type":"MultiPolygon","coordinates":[[[[31.524642076,49.494617259],[31.526969746,49.495005265],[31.527013593,49.494889196],[31.524655515,49.494496081],[31.524642076,49.494617259]]]]},"id":"153"},{"type":"Feature","properties":{"id":"154"},"geometry":{"type":"MultiPolygon","coordinates":[[[[31.607104,49.428588],[31.607098,49.428671],[31.607738,49.428656],[31.608454,49.428672],[31.609027,49.428701],[31.609102,49.428138],[31.607667,49.42808],[31.607104,49.428588]]]]},"id":"154"},{"type":"Feature","properties":{"id":"155"},"geometry":{"type":"MultiPolygon","coordinates":[[[[31.6054,49.429926],[31.607057,49.430931],[31.607021,49.430623],[31.60708,49.430303],[31.607127,49.430205],[31.605926,49.429477],[31.6054,49.429926]]]]},"id":"155"},{"type":"Feature","properties":{"id":"156"},"geometry":{"type":"MultiPolygon","coordinates":[[[[31.629565853,49.466258131],[31.62959042,49.46625688],[31.629792169,49.46624671],[31.62963638,49.464938807],[31.62941007,49.464950236],[31.629565853,49.466258131]]]]},"id":"156"},{"type":"Feature","properties":{"id":"157"},"geometry":{"type":"MultiPolygon","coordinates":[[[[31.557811119,49.531647335],[31.557791323,49.531635117],[31.557504607,49.531430296],[31.557340443,49.531253629],[31.557289471,49.531123831],[31.557137574,49.530970363],[31.556458436,49.530698946],[31.556450176,49.530712095],[31.556324975,49.530850799],[31.556208381,49.530980041],[31.556103441,49.531128806],[31.555945085,49.531353553],[31.555794974,49.53156632],[31.557705114,49.532146298],[31.557985744,49.531754584],[31.557811119,49.531647335]]]]},"id":"157"},{"type":"Feature","properties":{"id":"158"},"geometry":{"type":"MultiPolygon","coordinates":[[[[31.561037491,49.544249869],[31.561211709,49.544120908],[31.561576004,49.543850981],[31.561163584,49.543488154],[31.560930622,49.543610889],[31.560848312,49.543644747],[31.560758627,49.543659117],[31.560671107,49.543647888],[31.560548894,49.543593762],[31.559940488,49.543176564],[31.559829897,49.543258468],[31.561037491,49.544249869]]]]},"id":"158"},{"type":"Feature","properties":{"id":"159"},"geometry":{"type":"MultiPolygon","coordinates":[[[[31.543607339,49.522985188],[31.544267821,49.52204251],[31.543545903,49.521637325],[31.543079272,49.521379362],[31.542794677,49.521567985],[31.542565489,49.521867655],[31.542297167,49.522049663],[31.541948575,49.522106029],[31.541476068,49.522000057],[31.541219027,49.521788334],[31.540884759,49.522263096],[31.543607339,49.522985188]]]]},"id":"159"},{"type":"Feature","properties":{"id":"160"},"geometry":{"type":"MultiPolygon","coordinates":[[[[31.551131332,49.522558794],[31.551475543,49.522942853],[31.5524438,49.524156806],[31.553081885,49.524144144],[31.553197796,49.522532854],[31.551131332,49.522558794]]]]},"id":"160"},{"type":"Feature","properties":{"id":"161"},"geometry":{"type":"MultiPolygon","coordinates":[[[[31.524019,49.490498],[31.526261,49.490105],[31.526185,49.489991],[31.523954,49.490382],[31.524019,49.490498]]]]},"id":"161"},{"type":"Feature","properties":{"id":"162"},"geometry":{"type":"MultiPolygon","coordinates":[[[[31.547815803,49.514672881],[31.548656934,49.51466632],[31.550161443,49.514654415],[31.550376293,49.51304996],[31.550022017,49.51305379],[31.548081198,49.514482374],[31.547815803,49.514672881]]]]},"id":"162"},{"type":"Feature","properties":{"id":"163"},"geometry":{"type":"MultiPolygon","coordinates":[[[[31.542594054,49.524431246],[31.542893555,49.524003939],[31.543049698,49.52378099],[31.540325024,49.523058328],[31.539830846,49.52376346],[31.54255569,49.524486134],[31.542594054,49.524431246]]]]},"id":"163"},{"type":"Feature","properties":{"id":"164"},"geometry":{"type":"MultiPolygon","coordinates":[[[[31.563804405,49.531453883],[31.563515601,49.531458375],[31.560823971,49.531505508],[31.560828282,49.531562006],[31.561448151,49.531776992],[31.562580459,49.532054386],[31.563007396,49.532159001],[31.56330628,49.53216952],[31.563645956,49.532285824],[31.563659443,49.532288991],[31.56368721,49.532129265],[31.563758471,49.531718573],[31.563804405,49.531453883]]]]},"id":"164"},{"type":"Feature","properties":{"id":"165"},"geometry":{"type":"MultiPolygon","coordinates":[[[[31.615641,49.459677],[31.615556,49.458526],[31.615205,49.458627],[31.615283,49.459693],[31.615641,49.459677]]]]},"id":"165"},{"type":"Feature","properties":{"id":"166"},"geometry":{"type":"MultiPolygon","coordinates":[[[[31.612712737,49.522032025],[31.612769049,49.521575749],[31.610868872,49.521624811],[31.610769921,49.522381748],[31.612163693,49.522273773],[31.612506418,49.522247178],[31.612676642,49.522324462],[31.612712737,49.522032025]]]]},"id":"166"},{"type":"Feature","properties":{"id":"167"},"geometry":{"type":"MultiPolygon","coordinates":[[[[31.518097177,49.481886728],[31.517243024,49.48217169],[31.517380936,49.482431912],[31.518335822,49.482113279],[31.518097177,49.481886728]]]]},"id":"167"},{"type":"Feature","properties":{"id":"168"},"geometry":{"type":"MultiPolygon","coordinates":[[[[31.622626,49.427846],[31.62227,49.427804],[31.62208,49.429235],[31.622882,49.429265],[31.623033,49.428128],[31.622626,49.427846]]]]},"id":"168"},{"type":"Feature","properties":{"id":"169"},"geometry":{"type":"MultiPolygon","coordinates":[[[[31.584592,49.437609],[31.585078,49.437655],[31.585265,49.436494],[31.584778,49.436451],[31.584592,49.437609]]]]},"id":"169"},{"type":"Feature","properties":{"id":"170"},"geometry":{"type":"MultiPolygon","coordinates":[[[[31.427990701,49.63868397],[31.42782895034934,49.638535707661816],[31.42740011215205,49.63814888404396],[31.427404571872025,49.63814671791083],[31.427391729,49.638134946],[31.427020258,49.638313129],[31.426934079,49.638330274],[31.42736294,49.638723308],[31.427544123,49.638889432],[31.427990701,49.63868397]]]]},"id":"170"},{"type":"Feature","properties":{"id":"171"},"geometry":{"type":"MultiPolygon","coordinates":[[[[31.381216236,49.61713257],[31.383748059,49.616808906],[31.383710832,49.616688191],[31.383657928,49.616572441],[31.383493666,49.616481691],[31.383126396,49.616479378],[31.382759329,49.616415727],[31.382586443,49.616292464],[31.38102243,49.616492424],[31.381022814,49.616493774],[31.381144823,49.616896967],[31.381216236,49.61713257]]]]},"id":"171"},{"type":"Feature","properties":{"id":"172"},"geometry":{"type":"MultiPolygon","coordinates":[[[[31.44051778915076,49.624500961786254],[31.440939903259224,49.62436184180744],[31.440940458030095,49.624362560562346],[31.44094523,49.624360998],[31.440934797,49.624347623],[31.440907609,49.624352159],[31.440471182,49.624173588],[31.4395056,49.624489767],[31.439547428,49.624543628],[31.439704251,49.624745729],[31.439717571,49.62476299],[31.44051778915076,49.624500961786254]]]]},"id":"172"},{"type":"Feature","properties":{"id":"173"},"geometry":{"type":"MultiPolygon","coordinates":[[[[31.51641,49.478413],[31.516164,49.478204],[31.515235,49.478514],[31.515371,49.478759],[31.51641,49.478413]]]]},"id":"173"},{"type":"Feature","properties":{"id":"174"},"geometry":{"type":"MultiPolygon","coordinates":[[[[31.622174399,49.459393772],[31.622102179,49.458416217],[31.621806057,49.458414595],[31.62187952,49.459406553],[31.622174399,49.459393772]]]]},"id":"174"},{"type":"Feature","properties":{"id":"175"},"geometry":{"type":"MultiPolygon","coordinates":[[[[31.5177727,49.481239102],[31.517745791,49.481204796],[31.518037541,49.481107475],[31.519070879,49.480762614],[31.519148285,49.480735394],[31.519057495,49.480658471],[31.516830623,49.481401389],[31.516901612,49.481529675],[31.5177727,49.481239102]]]]},"id":"175"},{"type":"Feature","properties":{"id":"176"},"geometry":{"type":"MultiPolygon","coordinates":[[[[31.522344167,49.487736219],[31.524417612,49.487372522],[31.524376591,49.487311543],[31.5223013,49.487675572],[31.522344167,49.487736219]]]]},"id":"176"},{"type":"Feature","properties":{"id":"177"},"geometry":{"type":"MultiPolygon","coordinates":[[[[31.524084,49.490613],[31.524116,49.49067],[31.526375,49.490274],[31.526337,49.490218],[31.524084,49.490613]]]]},"id":"177"},{"type":"Feature","properties":{"id":"178"},"geometry":{"type":"MultiPolygon","coordinates":[[[[31.614828,49.437255],[31.615015,49.437256],[31.61522,49.436086],[31.614922,49.436074],[31.614828,49.437255]]]]},"id":"178"},{"type":"Feature","properties":{"id":"179"},"geometry":{"type":"MultiPolygon","coordinates":[[[[31.585577,49.437702],[31.58654,49.437792],[31.586728,49.436624],[31.585764,49.436538],[31.585577,49.437702]]]]},"id":"179"},{"type":"Feature","properties":{"id":"180"},"geometry":{"type":"MultiPolygon","coordinates":[[[[31.565048275,49.5484289],[31.564415718,49.547816335],[31.563694637,49.548490241],[31.562527478,49.549408691],[31.562412404,49.549493449],[31.562685681,49.549713522],[31.565048275,49.5484289]]]]},"id":"180"},{"type":"Feature","properties":{"id":"181"},"geometry":{"type":"MultiPolygon","coordinates":[[[[31.646508577,49.442189398],[31.646985249,49.441968372],[31.645593614,49.440691906],[31.645547885,49.440713147],[31.645168254,49.440889089],[31.645208534,49.440927512],[31.646447555,49.442122472],[31.646508577,49.442189398]]]]},"id":"181"},{"type":"Feature","properties":{"id":"182"},"geometry":{"type":"MultiPolygon","coordinates":[[[[31.62130201,49.459431642],[31.621226543,49.458411255],[31.620942518,49.458409637],[31.621019006,49.459443941],[31.62130201,49.459431642]]]]},"id":"182"},{"type":"Feature","properties":{"id":"183"},"geometry":{"type":"MultiPolygon","coordinates":[[[[31.615015,49.437256],[31.615172,49.437257],[31.615551,49.436099],[31.61522,49.436086],[31.615015,49.437256]]]]},"id":"183"},{"type":"Feature","properties":{"id":"184"},"geometry":{"type":"MultiPolygon","coordinates":[[[[31.552972606,49.510728286],[31.552071214,49.511727759],[31.554028431,49.511708632],[31.554084544,49.511275887],[31.554156907,49.510716771],[31.552972606,49.510728286]]]]},"id":"184"},{"type":"Feature","properties":{"id":"185"},"geometry":{"type":"MultiPolygon","coordinates":[[[[31.512818,49.454411],[31.512714,49.454659],[31.513779,49.454989],[31.513809,49.454926],[31.513895,49.454744],[31.512818,49.454411]]]]},"id":"185"},{"type":"Feature","properties":{"id":"186"},"geometry":{"type":"MultiPolygon","coordinates":[[[[31.613480957,49.445817743],[31.613569309,49.445590212],[31.6129879,49.445331561],[31.612638481,49.44562776],[31.613348781,49.445943867],[31.613480957,49.445817743]]]]},"id":"186"},{"type":"Feature","properties":{"id":"187"},"geometry":{"type":"MultiPolygon","coordinates":[[[[31.597554323,49.441023397],[31.59779522,49.441508239],[31.598845214,49.441286405],[31.598265669,49.440120032],[31.597554323,49.441023397]]]]},"id":"187"},{"type":"Feature","properties":{"id":"188"},"geometry":{"type":"MultiPolygon","coordinates":[[[[31.539279091,49.447381498],[31.539641037,49.447334882],[31.539403328,49.44658418],[31.539041373,49.446630985],[31.539279091,49.447381498]]]]},"id":"188"},{"type":"Feature","properties":{"id":"189"},"geometry":{"type":"MultiPolygon","coordinates":[[[[31.529508604,49.452821336],[31.531227285,49.452345043],[31.531871191,49.452167381],[31.532587844,49.451989641],[31.533364738,49.451798428],[31.534241284,49.45160861],[31.535201182,49.451402712],[31.536573426,49.451107635],[31.537555513,49.450943753],[31.537913328,49.450887208],[31.538973689,49.450639301],[31.540170425,49.450364687],[31.541157849,49.450165877],[31.541502158,49.450098572],[31.541500851,49.450053625],[31.541116363,49.450130007],[31.540146381,49.450322553],[31.538930935,49.450604033],[31.537884804,49.45084628],[31.537515518,49.450907136],[31.536570773,49.451062725],[31.5362403,49.451133967],[31.535159134,49.451367074],[31.534196121,49.451574646],[31.533322415,49.451762942],[31.533296518,49.451768524],[31.532545025,49.451954398],[31.531830469,49.452131103],[31.531822154,49.452133191],[31.531184233,49.452309917],[31.529465856,49.452786065],[31.529508604,49.452821336]]]]},"id":"189"},{"type":"Feature","properties":{"id":"190"},"geometry":{"type":"MultiPolygon","coordinates":[[[[31.559103536,49.529691447],[31.556911431,49.529705956],[31.556986694,49.529771932],[31.558057399,49.530232209],[31.559026505,49.530653524],[31.559103536,49.529691447]]]]},"id":"190"},{"type":"Feature","properties":{"id":"191"},"geometry":{"type":"MultiPolygon","coordinates":[[[[31.403873288,49.647825323],[31.404447355,49.649016368],[31.40586166,49.648729054],[31.405349967,49.647667466],[31.403873288,49.647825323]]]]},"id":"191"},{"type":"Feature","properties":{"id":"192"},"geometry":{"type":"MultiPolygon","coordinates":[[[[31.401392208,49.643185057],[31.404592679,49.642814835],[31.40455959,49.642693969],[31.404482434,49.642698356],[31.403480253,49.642407733],[31.403421346,49.642384101],[31.403022544,49.642224338],[31.401186859,49.642436651],[31.401322415,49.642930822],[31.401392208,49.643185057]]]]},"id":"192"},{"type":"Feature","properties":{"id":"193"},"geometry":{"type":"MultiPolygon","coordinates":[[[[31.37334403,49.624315531],[31.374271563,49.624191524],[31.373843949,49.622841145],[31.373619266,49.622833113],[31.373043779,49.62283811],[31.372882644,49.622858388],[31.37334403,49.624315531]]]]},"id":"193"},{"type":"Feature","properties":{"id":"194"},"geometry":{"type":"MultiPolygon","coordinates":[[[[31.615841045,49.463619018],[31.616186065,49.464809783],[31.61641992,49.464762201],[31.616080235,49.463589548],[31.615841045,49.463619018]]]]},"id":"194"},{"type":"Feature","properties":{"id":"195"},"geometry":{"type":"MultiPolygon","coordinates":[[[[31.618686757,49.439776906],[31.618700976,49.43989867],[31.620481941,49.44005187],[31.620439012,49.439846085],[31.618686757,49.439776906]]]]},"id":"195"},{"type":"Feature","properties":{"id":"196"},"geometry":{"type":"MultiPolygon","coordinates":[[[[31.528174021,49.498854914],[31.525755099,49.49830262],[31.525712695,49.498416602],[31.528115647,49.498965242],[31.528174021,49.498854914]]]]},"id":"196"},{"type":"Feature","properties":{"id":"197"},"geometry":{"type":"MultiPolygon","coordinates":[[[[31.614724002,49.494865738],[31.615632086,49.494938951],[31.615724858,49.494210092],[31.61590372,49.494219822],[31.615974643,49.493845518],[31.616072464,49.493434098],[31.614942525,49.493333839],[31.614917025,49.493331751],[31.614724002,49.494865738]]]]},"id":"197"},{"type":"Feature","properties":{"id":"198"},"geometry":{"type":"MultiPolygon","coordinates":[[[[31.383835,49.612118],[31.383651,49.611511],[31.383145,49.611519],[31.383135738829836,49.61151629288872],[31.383132934570256,49.611516368599865],[31.382858031797948,49.611435116987096],[31.3823,49.611272],[31.381909,49.611158],[31.38191,49.611181],[31.382255,49.61232],[31.383835,49.612118]]]]},"id":"198"},{"type":"Feature","properties":{"id":"199"},"geometry":{"type":"MultiPolygon","coordinates":[[[[31.618738212,49.440290896],[31.618639474,49.440422945],[31.620309629,49.440820321],[31.620378543,49.440644703],[31.618738212,49.440290896]]]]},"id":"199"},{"type":"Feature","properties":{"id":"200"},"geometry":{"type":"MultiPolygon","coordinates":[[[[31.58198637026636,49.51491557200266],[31.582002639770447,49.51492805556364],[31.581926217170892,49.514977672901054],[31.582115305,49.515159116],[31.583122206,49.51627952],[31.583300263,49.514644416],[31.581534962,49.514558023],[31.581992308,49.514912952],[31.58198637026636,49.51491557200266]]]]},"id":"200"},{"type":"Feature","properties":{"id":"201"},"geometry":{"type":"MultiPolygon","coordinates":[[[[31.631858074,49.455980948],[31.631839846,49.456008724],[31.632933172,49.456677551],[31.633095371,49.456506594],[31.631958735,49.455811266],[31.631858074,49.455980948]]]]},"id":"201"},{"type":"Feature","properties":{"id":"202"},"geometry":{"type":"MultiPolygon","coordinates":[[[[31.566245013,49.549508537],[31.566686196,49.549177986],[31.564820999,49.547434058],[31.564448346,49.547765077],[31.566245013,49.549508537]]]]},"id":"202"},{"type":"Feature","properties":{"id":"203"},"geometry":{"type":"MultiPolygon","coordinates":[[[[31.612200092,49.448640721],[31.612270591,49.448695266],[31.61227568,49.448852896],[31.613058392,49.448396546],[31.612922975,49.448219253],[31.612200092,49.448640721]]]]},"id":"203"},{"type":"Feature","properties":{"id":"204"},"geometry":{"type":"MultiPolygon","coordinates":[[[[31.528532985,49.452016283],[31.528838396,49.452268306],[31.530571902,49.451787999],[31.52996204,49.451268173],[31.528245011,49.451743908],[31.528532985,49.452016283]]]]},"id":"204"},{"type":"Feature","properties":{"id":"205"},"geometry":{"type":"MultiPolygon","coordinates":[[[[31.556776833,49.443124911],[31.55734956,49.444104682],[31.557364316,49.444129923],[31.557628705,49.444582198],[31.557109093,49.444755457],[31.557028579,49.444782299],[31.557619956,49.445793943],[31.558785686,49.44538715],[31.557388939,49.442997824],[31.556776833,49.443124911]]]]},"id":"205"},{"type":"Feature","properties":{"id":"206"},"geometry":{"type":"MultiPolygon","coordinates":[[[[31.51210675,49.462133561],[31.511212169,49.461857599],[31.510377706,49.461604894],[31.510424134,49.461854533],[31.510449654,49.461991782],[31.510475161,49.462129302],[31.510500682,49.462266821],[31.510511261,49.462323384],[31.51210675,49.462133561]]]]},"id":"206"},{"type":"Feature","properties":{"id":"207"},"geometry":{"type":"MultiPolygon","coordinates":[[[[31.635096,49.456842],[31.635142,49.456803],[31.634985,49.456552],[31.633793,49.455823],[31.633659,49.455964],[31.635096,49.456842]]]]},"id":"207"},{"type":"Feature","properties":{"id":"208"},"geometry":{"type":"MultiPolygon","coordinates":[[[[31.632590671,49.457038494],[31.631572705,49.456415767],[31.631431419,49.456631035],[31.632409543,49.457229389],[31.632590671,49.457038494]]]]},"id":"208"},{"type":"Feature","properties":{"id":"209"},"geometry":{"type":"MultiPolygon","coordinates":[[[[31.620414625,49.439729457],[31.620407248,49.439656033],[31.618670509,49.439637234],[31.618686757,49.439776906],[31.620439012,49.439846085],[31.620414625,49.439729457]]]]},"id":"209"},{"type":"Feature","properties":{"id":"210"},"geometry":{"type":"MultiPolygon","coordinates":[[[[31.588247652,49.504223416],[31.585583791,49.504075599],[31.584525556,49.504021465],[31.584480227,49.504438573],[31.588203045,49.504640534],[31.588247652,49.504223416]]]]},"id":"210"},{"type":"Feature","properties":{"id":"211"},"geometry":{"type":"MultiPolygon","coordinates":[[[[31.611874986,49.447709374],[31.611804676,49.447670267],[31.611314904,49.447955762],[31.611579982,49.448161004],[31.612149481,49.447829008],[31.611874986,49.447709374]]]]},"id":"211"},{"type":"Feature","properties":{"id":"212"},"geometry":{"type":"MultiPolygon","coordinates":[[[[31.617336722,49.463434865],[31.617647336,49.464506769],[31.617906767,49.464448683],[31.617603423,49.46340211],[31.617336722,49.463434865]]]]},"id":"212"},{"type":"Feature","properties":{"id":"213"},"geometry":{"type":"MultiPolygon","coordinates":[[[[31.61360301,49.463894397],[31.613327671,49.463928275],[31.613596420438423,49.4648560488242],[31.61362177152607,49.464940783387725],[31.613677487,49.464939488],[31.613904229,49.464934212],[31.61360301,49.463894397]]]]},"id":"213"},{"type":"Feature","properties":{"id":"214"},"geometry":{"type":"MultiPolygon","coordinates":[[[[31.617076103,49.463466958],[31.617393861,49.464563464],[31.617647336,49.464506769],[31.617336722,49.463434865],[31.617076103,49.463466958]]]]},"id":"214"},{"type":"Feature","properties":{"id":"215"},"geometry":{"type":"MultiPolygon","coordinates":[[[[31.632764975,49.456854801],[31.631708659,49.456208615],[31.631572705,49.456415767],[31.632590671,49.457038494],[31.632764975,49.456854801]]]]},"id":"215"},{"type":"Feature","properties":{"id":"216"},"geometry":{"type":"MultiPolygon","coordinates":[[[[31.618654,49.439494],[31.618671,49.439637],[31.620407,49.439656],[31.620389,49.43947],[31.618654,49.439494]]]]},"id":"216"},{"type":"Feature","properties":{"id":"217"},"geometry":{"type":"MultiPolygon","coordinates":[[[[31.581687,49.437336],[31.582703,49.437432],[31.58289,49.436272],[31.581875,49.43617],[31.581687,49.437336]]]]},"id":"217"},{"type":"Feature","properties":{"id":"218"},"geometry":{"type":"MultiPolygon","coordinates":[[[[31.594113,49.437801],[31.594441,49.435768],[31.594139,49.435823],[31.593802,49.435903],[31.59346,49.438028],[31.593654,49.438018],[31.594113,49.437801]]]]},"id":"218"},{"type":"Feature","properties":{"id":"219"},"geometry":{"type":"MultiPolygon","coordinates":[[[[31.620189606,49.459479969],[31.620110125,49.458404892],[31.619839356,49.458403347],[31.619919814,49.459491686],[31.620189606,49.459479969]]]]},"id":"219"},{"type":"Feature","properties":{"id":"220"},"geometry":{"type":"MultiPolygon","coordinates":[[[[31.653149187,49.435465213],[31.653995972,49.434891496],[31.653224271,49.434698226],[31.65179302,49.434711808],[31.652746457,49.435252983],[31.653149187,49.435465213]]]]},"id":"220"},{"type":"Feature","properties":{"id":"221"},"geometry":{"type":"MultiPolygon","coordinates":[[[[31.618445337,49.463298437],[31.618725552,49.464265459],[31.619013907,49.464200939],[31.618741797,49.463261944],[31.618445337,49.463298437]]]]},"id":"221"},{"type":"Feature","properties":{"id":"222"},"geometry":{"type":"MultiPolygon","coordinates":[[[[31.612517814,49.446476719],[31.611940085,49.446219614],[31.611930698,49.446227464],[31.611425388,49.446549974],[31.611838406,49.446733691],[31.611937478,49.446723031],[31.612255096,49.446615233],[31.612517814,49.446476719]]]]},"id":"222"},{"type":"Feature","properties":{"id":"223"},"geometry":{"type":"MultiPolygon","coordinates":[[[[31.518753579,49.485008663],[31.520198255,49.484754691],[31.52096722,49.484611676],[31.520611654,49.484274091],[31.518701416,49.484911297],[31.518753579,49.485008663]]]]},"id":"223"},{"type":"Feature","properties":{"id":"224"},"geometry":{"type":"MultiPolygon","coordinates":[[[[31.523769055,49.486408238],[31.52166592,49.48677717],[31.521749691,49.486895578],[31.523849091,49.486527328],[31.523769055,49.486408238]]]]},"id":"224"},{"type":"Feature","properties":{"id":"225"},"geometry":{"type":"MultiPolygon","coordinates":[[[[31.563828716,49.520584516],[31.563737251,49.521954239],[31.564501964,49.521948566],[31.564697848,49.52194709],[31.564809147,49.520347083],[31.563848581,49.520354232],[31.563828716,49.520584516]]]]},"id":"225"},{"type":"Feature","properties":{"id":"226"},"geometry":{"type":"MultiPolygon","coordinates":[[[[31.52625427,49.496935097],[31.524342716,49.496616412],[31.524309366,49.496759092],[31.526202495,49.497074752],[31.52625427,49.496935097]]]]},"id":"226"},{"type":"Feature","properties":{"id":"227"},"geometry":{"type":"MultiPolygon","coordinates":[[[[31.619799,49.438037],[31.618188,49.438397],[31.618268,49.438555],[31.619902,49.43819],[31.619848,49.438085],[31.619799,49.438037]]]]},"id":"227"},{"type":"Feature","properties":{"id":"228"},"geometry":{"type":"MultiPolygon","coordinates":[[[[31.548574707,49.558745365],[31.548975729,49.559077842],[31.549916333,49.558384874],[31.551033731,49.557561898],[31.550624724,49.557234944],[31.548574707,49.558745365]]]]},"id":"228"},{"type":"Feature","properties":{"id":"229"},"geometry":{"type":"MultiPolygon","coordinates":[[[[31.588973,49.436673],[31.588485,49.436725],[31.588287,49.437956],[31.58907,49.43803],[31.589296,49.436629],[31.588973,49.436673]]]]},"id":"229"},{"type":"Feature","properties":{"id":"230"},"geometry":{"type":"MultiPolygon","coordinates":[[[[31.647010609,49.442740658],[31.647206063,49.442960328],[31.649114244,49.442075696],[31.648739873,49.441732422],[31.646878269,49.442595463],[31.647010609,49.442740658]]]]},"id":"230"},{"type":"Feature","properties":{"id":"231"},"geometry":{"type":"MultiPolygon","coordinates":[[[[31.626015423,49.521491926],[31.625934867,49.522167737],[31.626644899,49.522130657],[31.626666232,49.522305432],[31.625924697,49.522343526],[31.625761778,49.523671629],[31.626697901,49.52366053],[31.627002839,49.521480545],[31.626015423,49.521491926]]]]},"id":"231"},{"type":"Feature","properties":{"id":"232"},"geometry":{"type":"MultiPolygon","coordinates":[[[[31.602255,49.431853],[31.602354,49.431776],[31.600933,49.431086],[31.600342,49.431587],[31.601755,49.432273],[31.602255,49.431853]]]]},"id":"232"},{"type":"Feature","properties":{"id":"233"},"geometry":{"type":"MultiPolygon","coordinates":[[[[31.570355797,49.514204572],[31.570112672,49.516085182],[31.570512344825193,49.516104682113365],[31.570532721678152,49.51606499404199],[31.570541481,49.516030877],[31.570709137,49.514718231],[31.570715904235783,49.514682678735355],[31.570715904235783,49.51462156398738],[31.570727395182686,49.51462231004147],[31.570730601,49.514605468],[31.57114693306192,49.51464090370565],[31.571230888366642,49.5142593441938],[31.571230888366642,49.51424725623028],[31.570355797,49.514204572]]]]},"id":"233"},{"type":"Feature","properties":{"id":"234"},"geometry":{"type":"MultiPolygon","coordinates":[[[[31.529451639,49.495224105],[31.527227662,49.494716317],[31.527182136,49.494838114],[31.529424078,49.495350008],[31.529451639,49.495224105]]]]},"id":"234"},{"type":"Feature","properties":{"id":"235"},"geometry":{"type":"MultiPolygon","coordinates":[[[[31.620435504,49.440452967],[31.618730249,49.440150837],[31.618745414,49.440281286],[31.618738212,49.440290923],[31.620378557,49.440644685],[31.620426641,49.440522155],[31.620435504,49.440452967]]]]},"id":"235"},{"type":"Feature","properties":{"id":"236"},"geometry":{"type":"MultiPolygon","coordinates":[[[[31.576679855,49.532022359],[31.576801196,49.531322101],[31.575651165,49.531337188],[31.573332895,49.531351092],[31.573258155,49.531782526],[31.576679855,49.532022359]]]]},"id":"236"},{"type":"Feature","properties":{"id":"237"},"geometry":{"type":"MultiPolygon","coordinates":[[[[31.595504857,49.532548038],[31.595743759,49.531099517],[31.593958838,49.531115407],[31.59282003,49.531136239],[31.592751002,49.531253305],[31.592585755,49.53228529],[31.595504857,49.532548038]]]]},"id":"237"},{"type":"Feature","properties":{"id":"238"},"geometry":{"type":"MultiPolygon","coordinates":[[[[31.52254394,49.484557067],[31.520372483,49.484937956],[31.52045096,49.485050648],[31.522618281,49.484670486],[31.52254394,49.484557067]]]]},"id":"238"},{"type":"Feature","properties":{"id":"239"},"geometry":{"type":"MultiPolygon","coordinates":[[[[31.61435,49.437253],[31.614587,49.437254],[31.614682,49.436058],[31.614447,49.436038],[31.61435,49.437253]]]]},"id":"239"},{"type":"Feature","properties":{"id":"240"},"geometry":{"type":"MultiPolygon","coordinates":[[[[31.582703,49.437432],[31.583646,49.43752],[31.583832,49.436366],[31.58289,49.436272],[31.582703,49.437432]]]]},"id":"240"},{"type":"Feature","properties":{"id":"241"},"geometry":{"type":"MultiPolygon","coordinates":[[[[31.621019,49.459444],[31.620943,49.45841],[31.620662,49.458408],[31.620739,49.459456],[31.621019,49.459444]]]]},"id":"241"},{"type":"Feature","properties":{"id":"242"},"geometry":{"type":"MultiPolygon","coordinates":[[[[31.552215919,49.528709429],[31.552394902,49.528453927],[31.552269278,49.528342924],[31.552059292,49.528122357],[31.551769371,49.52764982],[31.551443463,49.52718139],[31.551346075,49.526988626],[31.551237372,49.526660092],[31.551174487,49.526504293],[31.551144227,49.526547653],[31.55098301,49.526777772],[31.550927316,49.526857242],[31.552215919,49.528709429]]]]},"id":"242"},{"type":"Feature","properties":{"id":"243"},"geometry":{"type":"MultiPolygon","coordinates":[[[[31.584848182,49.521000255],[31.586366134,49.520987717],[31.58643871,49.520295144],[31.58502697202606,49.52030683429174],[31.58483505249018,49.52055601394801],[31.58483505249018,49.52078316039455],[31.584848182,49.521000255]]]]},"id":"243"},{"type":"Feature","properties":{"id":"244"},"geometry":{"type":"MultiPolygon","coordinates":[[[[31.643892526,49.440087585],[31.64441055,49.440302633],[31.644744216,49.440485828],[31.645168254,49.440889089],[31.645547885,49.440713147],[31.644218343,49.439493681],[31.643756279,49.439707853],[31.643892526,49.440087585]]]]},"id":"244"},{"type":"Feature","properties":{"id":"245"},"geometry":{"type":"MultiPolygon","coordinates":[[[[31.616198,49.437261],[31.616525,49.437263],[31.617403,49.436629],[31.617063,49.436505],[31.616198,49.437261]]]]},"id":"245"},{"type":"Feature","properties":{"id":"246"},"geometry":{"type":"MultiPolygon","coordinates":[[[[31.648024566,49.455861451],[31.648142421,49.455873736],[31.648456676,49.456125566],[31.649864052,49.455571635],[31.650328691,49.455342888],[31.650205847,49.455299727],[31.6499019,49.455377069],[31.648843873,49.455255531],[31.648012295,49.455215775],[31.647620784,49.455235993],[31.647347052,49.455368216],[31.647480753,49.455970103],[31.648024566,49.455861451]]]]},"id":"246"},{"type":"Feature","properties":{"id":"247"},"geometry":{"type":"MultiPolygon","coordinates":[[[[31.620122575,49.528157391],[31.620047214,49.528769399],[31.62057331557658,49.52875995265344],[31.620573269,49.528759997],[31.620663769,49.52867383],[31.620821727,49.528523621],[31.620667592,49.528514898],[31.620648349,49.528424566],[31.622387362,49.528376457],[31.622401774,49.528450475],[31.621009029,49.528516143],[31.620811499,49.528701028],[31.62075196389575,49.52875674495741],[31.620751935,49.528756772],[31.621915402,49.528735855],[31.62277184,49.528720503],[31.622804023,49.528404618],[31.622834183,49.528108668],[31.622822291,49.528108942],[31.620122575,49.528157391]]]]},"id":"247"},{"type":"Feature","properties":{"id":"248"},"geometry":{"type":"MultiPolygon","coordinates":[[[[31.620384343,49.458406496],[31.620462735,49.459468078],[31.620600644,49.459462117],[31.62052268,49.458407278],[31.620384343,49.458406496]]]]},"id":"248"},{"type":"Feature","properties":{"id":"249"},"geometry":{"type":"MultiPolygon","coordinates":[[[[31.611652613,49.461215092],[31.612401831,49.461122909],[31.611749333,49.460665578],[31.611356122,49.460984715],[31.611434369,49.461036259],[31.611652613,49.461215092]]]]},"id":"249"},{"type":"Feature","properties":{"id":"250"},"geometry":{"type":"MultiPolygon","coordinates":[[[[31.52937,49.495599],[31.529397,49.495475],[31.527137,49.494959],[31.527092,49.495079],[31.52937,49.495599]]]]},"id":"250"},{"type":"Feature","properties":{"id":"251"},"geometry":{"type":"MultiPolygon","coordinates":[[[[31.556575197,49.541612891],[31.556929131,49.541350707],[31.556140256,49.540801192],[31.555713053,49.540563392],[31.555488952,49.540420037],[31.55529622,49.540562773],[31.556575197,49.541612891]]]]},"id":"251"},{"type":"Feature","properties":{"id":"252"},"geometry":{"type":"MultiPolygon","coordinates":[[[[31.448436,49.623863],[31.448155,49.623701],[31.448146944776127,49.62370689201328],[31.448149681091255,49.62370852826027],[31.447205543518013,49.62440354237473],[31.447199244537583,49.62440008967993],[31.447198,49.624401],[31.447375,49.624503],[31.44748,49.624563],[31.448436,49.623863]]]]},"id":"252"},{"type":"Feature","properties":{"id":"253"},"geometry":{"type":"MultiPolygon","coordinates":[[[[31.523929527,49.486646878],[31.521833725,49.487014435],[31.521918022,49.487133751],[31.524010227,49.486766786],[31.523929527,49.486646878]]]]},"id":"253"},{"type":"Feature","properties":{"id":"254"},"geometry":{"type":"MultiPolygon","coordinates":[[[[31.513026142,49.462458552],[31.512990773,49.46240619],[31.512829267,49.462356432],[31.510567399,49.462625531],[31.510577356,49.462679469],[31.510590172,49.462748458],[31.513026142,49.462458552]]]]},"id":"254"},{"type":"Feature","properties":{"id":"255"},"geometry":{"type":"MultiPolygon","coordinates":[[[[31.548574707,49.558745365],[31.548558647,49.55873211],[31.546609335,49.56016816],[31.547032326,49.560522924],[31.548975729,49.559077842],[31.548574707,49.558745365]]]]},"id":"255"},{"type":"Feature","properties":{"id":"256"},"geometry":{"type":"MultiPolygon","coordinates":[[[[31.422110059,49.631557986],[31.42341179,49.631592376],[31.423274775,49.630962788],[31.423202544,49.630630882],[31.421900825,49.63059649],[31.422110059,49.631557986]]]]},"id":"256"},{"type":"Feature","properties":{"id":"257"},"geometry":{"type":"MultiPolygon","coordinates":[[[[31.585092544555607,49.52021310523743],[31.585092544555607,49.52022169788132],[31.585026958198405,49.52030685224494],[31.586438751,49.520295171],[31.586519719,49.51952274],[31.585104258,49.51953445],[31.585107679,49.520194437],[31.585092544555607,49.52021310523743]]]]},"id":"257"},{"type":"Feature","properties":{"id":"258"},"geometry":{"type":"MultiPolygon","coordinates":[[[[31.612710069,49.528698143],[31.615259772,49.528674786],[31.615310103,49.5282666],[31.614850039,49.528270815],[31.614723348,49.528271911],[31.61276042,49.528289867],[31.612710069,49.528698143]]]]},"id":"258"},{"type":"Feature","properties":{"id":"259"},"geometry":{"type":"MultiPolygon","coordinates":[[[[31.518023977,49.45125423],[31.517984816,49.451272686],[31.516915106,49.451713607],[31.517645241169497,49.452036220540315],[31.517645292,49.452036243],[31.517686548,49.452011762],[31.518109737,49.451760796],[31.518523022,49.451515691],[31.518562595,49.451492218],[31.518023977,49.45125423]]]]},"id":"259"},{"type":"Feature","properties":{"id":"260"},"geometry":{"type":"MultiPolygon","coordinates":[[[[31.519255627323133,49.483010882085935],[31.519260406494084,49.48301476321701],[31.517930030822694,49.48346085653463],[31.51792663810411,49.48345424410611],[31.517923515,49.483455286],[31.518014204,49.483626358],[31.519431406,49.483153561],[31.519274506,49.483004584],[31.519255627323133,49.483010882085935]]]]},"id":"260"},{"type":"Feature","properties":{"id":"261"},"geometry":{"type":"MultiPolygon","coordinates":[[[[31.629113208,49.466281069],[31.629127292,49.46628028],[31.629339524,49.46626956],[31.62918376,49.464961656],[31.628957437,49.464973084],[31.629113208,49.466281069]]]]},"id":"261"},{"type":"Feature","properties":{"id":"262"},"geometry":{"type":"MultiPolygon","coordinates":[[[[31.62977192,49.463196209],[31.629834746,49.463192992],[31.629961228,49.463186574],[31.629784666,49.461704443],[31.629595376,49.461713987],[31.62977192,49.463196209]]]]},"id":"262"},{"type":"Feature","properties":{"id":"263"},"geometry":{"type":"MultiPolygon","coordinates":[[[[31.390816759,49.627198673],[31.391943951,49.627209479],[31.391926939,49.62655489],[31.391959951,49.626454231],[31.390745179,49.626442586],[31.390741301,49.626869683],[31.390816759,49.627198673]]]]},"id":"263"},{"type":"Feature","properties":{"id":"264"},"geometry":{"type":"MultiPolygon","coordinates":[[[[31.390756311,49.62521204],[31.392410109,49.625239073],[31.392483929,49.624940218],[31.392503904,49.624700679],[31.391378535,49.624598918],[31.391104396,49.624798683],[31.390758338,49.624987042],[31.390756311,49.62521204]]]]},"id":"264"},{"type":"Feature","properties":{"id":"265"},"geometry":{"type":"MultiPolygon","coordinates":[[[[31.431207333,49.619366819],[31.430829491,49.620155457],[31.431157797,49.620222951],[31.431617081157952,49.620155249673175],[31.431648731231633,49.620149900660834],[31.4317841609278,49.62011480525872],[31.43208571,49.620033018],[31.432697985,49.620147383],[31.433066872,49.620272996],[31.4333839147667,49.62051610341242],[31.433451013822037,49.62056681843361],[31.433769339,49.619799826],[31.431207333,49.619366819]]]]},"id":"265"},{"type":"Feature","properties":{"id":"266"},"geometry":{"type":"MultiPolygon","coordinates":[[[[31.441960216,49.619330917],[31.442968834,49.618526804],[31.442644658,49.617851462],[31.440993425,49.618472124],[31.440768611,49.618556624],[31.441960216,49.619330917]]]]},"id":"266"},{"type":"Feature","properties":{"id":"267"},"geometry":{"type":"MultiPolygon","coordinates":[[[[31.437940227,49.622087396],[31.439695787,49.620978602],[31.438257823,49.620044212],[31.438148793,49.620745642],[31.437940227,49.622087396]]]]},"id":"267"},{"type":"Feature","properties":{"id":"268"},"geometry":{"type":"MultiPolygon","coordinates":[[[[31.604342345,49.453170563],[31.604600391,49.453299428],[31.605337623,49.452547151],[31.605071831,49.452426316],[31.604342345,49.453170563]]]]},"id":"268"},{"type":"Feature","properties":{"id":"269"},"geometry":{"type":"MultiPolygon","coordinates":[[[[31.620364,49.439224],[31.620326,49.439065],[31.618617,49.439241],[31.618627,49.439262],[31.618638,49.439361],[31.620369,49.439273],[31.620364,49.439224]]]]},"id":"269"},{"type":"Feature","properties":{"id":"270"},"geometry":{"type":"MultiPolygon","coordinates":[[[[31.632933103,49.456677587],[31.63183979,49.456008688],[31.631708673,49.45620857],[31.632765003,49.456854801],[31.632933103,49.456677587]]]]},"id":"270"},{"type":"Feature","properties":{"id":"271"},"geometry":{"type":"MultiPolygon","coordinates":[[[[31.573141703,49.532052676],[31.573263398,49.531351522],[31.572715333,49.531354771],[31.570380475,49.531361469],[31.57029531,49.531853059],[31.573141703,49.532052676]]]]},"id":"271"},{"type":"Feature","properties":{"id":"272"},"geometry":{"type":"MultiPolygon","coordinates":[[[[31.524212625,49.490841581],[31.52648836,49.490442381],[31.526412981,49.490330223],[31.524148332,49.490727487],[31.524212625,49.490841581]]]]},"id":"272"},{"type":"Feature","properties":{"id":"273"},"geometry":{"type":"MultiPolygon","coordinates":[[[[31.521008511,49.484575524],[31.52163352,49.484473998],[31.521194767,49.484058476],[31.520657142,49.484242739],[31.521008511,49.484575524]]]]},"id":"273"},{"type":"Feature","properties":{"id":"274"},"geometry":{"type":"MultiPolygon","coordinates":[[[[31.583646,49.43752],[31.584592,49.437609],[31.584778,49.436451],[31.583832,49.436366],[31.583646,49.43752]]]]},"id":"274"},{"type":"Feature","properties":{"id":"275"},"geometry":{"type":"MultiPolygon","coordinates":[[[[31.603575691,49.45497609],[31.603129437,49.454753306],[31.602721634,49.455169398],[31.603145208,49.455415321],[31.603575691,49.45497609]]]]},"id":"275"},{"type":"Feature","properties":{"id":"276"},"geometry":{"type":"MultiPolygon","coordinates":[[[[31.650684,49.452634],[31.650589,49.452428],[31.64964,49.452421],[31.64964,49.452432],[31.649667,49.452713],[31.650728,49.452721],[31.650684,49.452634]]]]},"id":"276"},{"type":"Feature","properties":{"id":"277"},"geometry":{"type":"MultiPolygon","coordinates":[[[[31.598671587,49.531531293],[31.601625221,49.531477485],[31.601683019,49.531037271],[31.600636669,49.531056292],[31.600393588,49.531091091],[31.599958814,49.531093643],[31.599660594,49.531077113],[31.599232819,49.531029457],[31.598747832,49.530990885],[31.598671587,49.531531293]]]]},"id":"277"},{"type":"Feature","properties":{"id":"278"},"geometry":{"type":"MultiPolygon","coordinates":[[[[31.55899918,49.541041189],[31.558753631,49.541308755],[31.559856745,49.54200925],[31.560148543,49.542176164],[31.56026196,49.542249824],[31.560293207,49.54227733],[31.560857381,49.541793051],[31.559327109,49.540584586],[31.55899918,49.541041189]]]]},"id":"278"},{"type":"Feature","properties":{"id":"279"},"geometry":{"type":"MultiPolygon","coordinates":[[[[31.596624,49.436635],[31.597192,49.436364],[31.597504,49.436214],[31.59814223400261,49.43590681260622],[31.598267555236763,49.435091844215115],[31.59827712935509,49.435089509412144],[31.598283,49.435053],[31.597777,49.435154],[31.596334,49.435422],[31.596046,49.435474],[31.595792,49.437052],[31.596022,49.436951],[31.596624,49.436635]]]]},"id":"279"},{"type":"Feature","properties":{"id":"280"},"geometry":{"type":"MultiPolygon","coordinates":[[[[31.39527729,49.643105381],[31.395152593,49.642650215],[31.394927342,49.641828854],[31.393963527,49.641940216],[31.394028275,49.642064109],[31.394215589,49.642414048],[31.394277216439857,49.642685613940664],[31.39429092407221,49.64273443429909],[31.394269466400093,49.64298454280245],[31.39410617833989,49.6431854424086],[31.39406119,49.643245988],[31.39527729,49.643105381]]]]},"id":"280"},{"type":"Feature","properties":{"id":"281"},"geometry":{"type":"MultiPolygon","coordinates":[[[[31.602226,49.432411],[31.603744,49.433331],[31.603972,49.433223],[31.604351,49.433046],[31.602684,49.432034],[31.602551,49.432138],[31.602226,49.432411]]]]},"id":"281"},{"type":"Feature","properties":{"id":"282"},"geometry":{"type":"MultiPolygon","coordinates":[[[[31.588024456,49.559086784],[31.587838689,49.559101418],[31.58783569940554,49.55910184123308],[31.587630644671734,49.55913087057073],[31.587547523,49.559142638],[31.587623945,49.559313807],[31.587759859,49.559408381],[31.587980595,49.559802061],[31.589287549,49.559239882],[31.58812255,49.558702186],[31.588024456,49.559086784]]]]},"id":"282"},{"type":"Feature","properties":{"id":"283"},"geometry":{"type":"MultiPolygon","coordinates":[[[[31.625274,49.459259],[31.625222169451153,49.45855131365993],[31.625089645385682,49.45855705635245],[31.62491977962287,49.45854601510739],[31.624817,49.458545],[31.624871,49.459277],[31.625274,49.459259]]]]},"id":"283"},{"type":"Feature","properties":{"id":"284"},"geometry":{"type":"MultiPolygon","coordinates":[[[[31.623167705,49.461800496],[31.62341657,49.462658908],[31.623741885,49.462618846],[31.623493139,49.461760436],[31.623378805,49.461774494],[31.623167705,49.461800496]]]]},"id":"284"},{"type":"Feature","properties":{"id":"285"},"geometry":{"type":"MultiPolygon","coordinates":[[[[31.622761086,49.458441083],[31.622777796,49.459367509],[31.623086894,49.459354027],[31.623018553,49.458428825],[31.622964238,49.458380941],[31.622760658,49.458418686],[31.622761086,49.458441083]]]]},"id":"285"},{"type":"Feature","properties":{"id":"286"},"geometry":{"type":"MultiPolygon","coordinates":[[[[31.604711702,49.531743459],[31.604808296,49.531008002],[31.602070775,49.531030214],[31.601752528,49.531036014],[31.601655888,49.531771649],[31.604711702,49.531743459]]]]},"id":"286"},{"type":"Feature","properties":{"id":"287"},"geometry":{"type":"MultiPolygon","coordinates":[[[[31.62038162,49.463060071],[31.620608822,49.463844045],[31.621343305,49.463679691],[31.621136766,49.462967106],[31.62038162,49.463060071]]]]},"id":"287"},{"type":"Feature","properties":{"id":"288"},"geometry":{"type":"MultiPolygon","coordinates":[[[[31.642544614,49.438322286],[31.643141293,49.438045661],[31.641897384,49.436904592],[31.641377145,49.437145764],[31.642099047,49.43787289],[31.642544614,49.438322286]]]]},"id":"288"},{"type":"Feature","properties":{"id":"289"},"geometry":{"type":"MultiPolygon","coordinates":[[[[31.560932824,49.552051791],[31.559968844,49.551275566],[31.559877385,49.551331825],[31.559580022,49.551509319],[31.558872643,49.55202462],[31.558186007,49.552668291],[31.558061657,49.552810602],[31.557815259,49.553233703],[31.557751082,49.553308083],[31.557592663,49.553403449],[31.556982134,49.553587826],[31.556817764,49.553654638],[31.556287392,49.55402516],[31.556193782,49.554106126],[31.556170882,49.55415459],[31.556208571,49.554227993],[31.556252134,49.554312956],[31.556434537,49.554494183],[31.556435313,49.554496619],[31.560932824,49.552051791]]]]},"id":"289"},{"type":"Feature","properties":{"id":"290"},"geometry":{"type":"MultiPolygon","coordinates":[[[[31.631419646,49.456648959],[31.631253652,49.456831859],[31.632223764,49.457425206],[31.632409556,49.457229416],[31.631431419,49.456631071],[31.631419646,49.456648959]]]]},"id":"290"},{"type":"Feature","properties":{"id":"291"},"geometry":{"type":"MultiPolygon","coordinates":[[[[31.553203471,49.443875245],[31.553694927,49.444879582],[31.55395261,49.444824957],[31.553461012,49.443820352],[31.553203471,49.443875245]]]]},"id":"291"},{"type":"Feature","properties":{"id":"292"},"geometry":{"type":"MultiPolygon","coordinates":[[[[31.630634063,49.508432243],[31.630469172,49.509617865],[31.630442317,49.509722589],[31.63390081,49.509677341],[31.634088133,49.508358267],[31.630634063,49.508432243]]]]},"id":"292"},{"type":"Feature","properties":{"id":"293"},"geometry":{"type":"MultiPolygon","coordinates":[[[[31.517826231,49.481629467],[31.517086429,49.48187627],[31.517243038,49.48217169],[31.518097191,49.481886737],[31.517826231,49.481629467]]]]},"id":"293"},{"type":"Feature","properties":{"id":"294"},"geometry":{"type":"MultiPolygon","coordinates":[[[[31.551452,49.512433],[31.553938,49.512409],[31.55394,49.512394],[31.554012,49.511835],[31.554029,49.511709],[31.552071,49.511728],[31.551777,49.512054],[31.551452,49.512433]],[[31.552154,49.511861],[31.552166,49.511845],[31.552191,49.511853],[31.552179,49.511869],[31.552154,49.511861]],[[31.551936,49.512163],[31.551916,49.51215],[31.551936,49.512137],[31.551955,49.51215],[31.551936,49.512163]],[[31.551506,49.512411],[31.551526,49.512399],[31.551545,49.512412],[31.551525,49.512424],[31.551506,49.512411]]]]},"id":"294"},{"type":"Feature","properties":{"id":"295"},"geometry":{"type":"MultiPolygon","coordinates":[[[[31.6199198,49.45949165],[31.619839397,49.458403338],[31.619571828,49.458401843],[31.619653222,49.45950329],[31.6199198,49.45949165]]]]},"id":"295"},{"type":"Feature","properties":{"id":"296"},"geometry":{"type":"MultiPolygon","coordinates":[[[[31.615911835,49.459665724],[31.615822047,49.458449815],[31.615555682,49.458526372],[31.61564069,49.459677486],[31.615911835,49.459665724]]]]},"id":"296"},{"type":"Feature","properties":{"id":"297"},"geometry":{"type":"MultiPolygon","coordinates":[[[[31.6502555,49.454517834],[31.65096159,49.454523031],[31.651116925362256,49.454170169981424],[31.651117064,49.454170171],[31.650157348,49.45416312],[31.650184374,49.454219694],[31.6502555,49.454517834]]]]},"id":"297"},{"type":"Feature","properties":{"id":"298"},"geometry":{"type":"MultiPolygon","coordinates":[[[[31.618004,49.436958],[31.617532,49.436677],[31.617403,49.436629],[31.616525,49.437263],[31.616615,49.437263],[31.616987,49.437488],[31.618011,49.436961],[31.618004,49.436958]]]]},"id":"298"},{"type":"Feature","properties":{"id":"299"},"geometry":{"type":"MultiPolygon","coordinates":[[[[31.513023252,49.453926643],[31.512818368,49.454411062],[31.513895105,49.454744409],[31.513926506,49.454678319],[31.514033072,49.454453902],[31.514121925,49.454266828],[31.513023252,49.453926643]]]]},"id":"299"},{"type":"Feature","properties":{"id":"300"},"geometry":{"type":"MultiPolygon","coordinates":[[[[31.564787695,49.555155729],[31.564518183,49.554938833],[31.563265161,49.555432029],[31.561879084,49.555922064],[31.562289334,49.556252134],[31.562483579,49.556408358],[31.564787695,49.555155729]]]]},"id":"300"},{"type":"Feature","properties":{"id":"301"},"geometry":{"type":"MultiPolygon","coordinates":[[[[31.404861749,49.6435393],[31.405053933,49.644239191],[31.40858528,49.643830533],[31.408513305,49.643567912],[31.408393185,49.643130566],[31.408296707,49.64277913],[31.408201495,49.642784306],[31.407643326,49.642785614],[31.406845289,49.642632126],[31.405974668,49.642584999],[31.405353775,49.642603319],[31.404616631,49.642645537],[31.404861749,49.6435393]]]]},"id":"301"},{"type":"Feature","properties":{"id":"302"},"geometry":{"type":"MultiPolygon","coordinates":[[[[31.647959753,49.456457827],[31.647836177,49.456520394],[31.647913479,49.457257185],[31.647971871,49.457254476],[31.648268396,49.457240745],[31.64817368,49.456338383],[31.647959753,49.456457827]]]]},"id":"302"},{"type":"Feature","properties":{"id":"303"},"geometry":{"type":"MultiPolygon","coordinates":[[[[31.611807664,49.448337095],[31.612011269,49.448494669],[31.612723628,49.448079326],[31.612452553,49.447961075],[31.611807664,49.448337095]]]]},"id":"303"},{"type":"Feature","properties":{"id":"304"},"geometry":{"type":"MultiPolygon","coordinates":[[[[31.579843,49.43605],[31.579817,49.436207],[31.579716,49.436832],[31.57957204807744,49.43701393072766],[31.579642295837346,49.436989567645206],[31.57952004311167,49.43713266361021],[31.581687,49.437336],[31.581875,49.43617],[31.580372,49.436019],[31.579843,49.43605]]]]},"id":"304"},{"type":"Feature","properties":{"id":"305"},"geometry":{"type":"MultiPolygon","coordinates":[[[[31.561816182,49.500617297],[31.56157421,49.5009116],[31.560133149,49.502600167],[31.558510837,49.504476059],[31.559952583,49.504473949],[31.559682388,49.505634421],[31.561169096,49.505621429],[31.561220926,49.505221374],[31.561309896,49.504533077],[31.561398686,49.503846227],[31.561488293,49.503153002],[31.561697117,49.501537953],[31.561786854,49.500844179],[31.561816182,49.500617297]]]]},"id":"305"},{"type":"Feature","properties":{"id":"306"},"geometry":{"type":"MultiPolygon","coordinates":[[[[31.629510096680274,49.457821788148394],[31.62946701049799,49.45785967930832],[31.629365486644918,49.45792567048152],[31.629849491,49.45830598],[31.630546499,49.45757158],[31.630490822,49.457537538],[31.63036041,49.457720882],[31.629510096680274,49.457821788148394]]]]},"id":"306"},{"type":"Feature","properties":{"id":"307"},"geometry":{"type":"MultiPolygon","coordinates":[[[[31.399434437,49.648254396],[31.402687566,49.647906588],[31.402542649,49.647378354],[31.402523748,49.647309521],[31.399278175,49.64768495],[31.399434437,49.648254396]]]]},"id":"307"},{"type":"Feature","properties":{"id":"308"},"geometry":{"type":"MultiPolygon","coordinates":[[[[31.629339496,49.466269587],[31.629358877,49.466268603],[31.629565826,49.466258131],[31.629410029,49.464950218],[31.629183705,49.464961665],[31.629339496,49.466269587]]]]},"id":"308"},{"type":"Feature","properties":{"id":"309"},"geometry":{"type":"MultiPolygon","coordinates":[[[[31.630017932,49.466235281],[31.6300537,49.466233479],[31.630241903,49.466223926],[31.630086102,49.464916032],[31.629862137,49.464927378],[31.630017932,49.466235281]]]]},"id":"309"},{"type":"Feature","properties":{"id":"310"},"geometry":{"type":"MultiPolygon","coordinates":[[[[31.383560066,49.636131863],[31.383555254,49.636141002],[31.383320608,49.636365217],[31.382901382,49.636583337],[31.382853113,49.636834812],[31.382937246,49.63700043],[31.384321835,49.636780044],[31.385537682,49.636560904],[31.38594362,49.636419949],[31.385915664,49.636055552],[31.383560066,49.636131863]]]]},"id":"310"},{"type":"Feature","properties":{"id":"311"},"geometry":{"type":"MultiPolygon","coordinates":[[[[31.613206547,49.524675914],[31.612753585,49.524738511],[31.61197386,49.524907042],[31.610930752,49.525317584],[31.610374292,49.525383346],[31.61036066,49.525494247],[31.613110317,49.525455507],[31.613161341,49.525042214],[31.613206547,49.524675914]]]]},"id":"311"},{"type":"Feature","properties":{"id":"312"},"geometry":{"type":"MultiPolygon","coordinates":[[[[31.428152291,49.620205249],[31.428417052,49.620257598],[31.428430099,49.620260177],[31.428484471,49.620157533],[31.429092669,49.619009359],[31.428973311,49.618989181],[31.427804715,49.618791624],[31.427366621,49.619618668],[31.427399309,49.619673992],[31.42734366,49.619870798],[31.42723027420447,49.619963275580425],[31.427228450775097,49.61996918216875],[31.42718230187115,49.62000240186862],[31.427171403,49.620011291],[31.428152291,49.620205249]]]]},"id":"312"},{"type":"Feature","properties":{"id":"313"},"geometry":{"type":"MultiPolygon","coordinates":[[[[31.600307,49.435096],[31.600364,49.435071],[31.600316,49.43504],[31.60025,49.434996],[31.600315,49.434968],[31.601467,49.434462],[31.602348,49.434048],[31.602596,49.43393],[31.603119,49.433683],[31.603794,49.433362],[31.604401,49.433076],[31.60471,49.432932],[31.604971,49.432828],[31.605438,49.432641],[31.60586,49.432471],[31.606665,49.432139],[31.607031,49.431988],[31.60709,49.431964],[31.607063,49.431923],[31.607042,49.431932],[31.606614,49.432108],[31.60581,49.432441],[31.605718,49.432479],[31.605387,49.432611],[31.60492,49.432797],[31.604662,49.4329],[31.604351,49.433046],[31.603972,49.433223],[31.603744,49.433331],[31.603068,49.433652],[31.602542,49.433902],[31.602297,49.434017],[31.601417,49.434432],[31.601406,49.434437],[31.600265,49.434937],[31.600202,49.434964],[31.600143,49.43499],[31.600258,49.435065],[31.600307,49.435096]]]]},"id":"313"},{"type":"Feature","properties":{"id":"314"},"geometry":{"type":"MultiPolygon","coordinates":[[[[31.60579,49.433535],[31.605562,49.433046],[31.605431,49.432766],[31.604855,49.432993],[31.605463,49.434291],[31.606086,49.434168],[31.606047,49.434084],[31.60579,49.433535]]]]},"id":"314"},{"type":"Feature","properties":{"id":"315"},"geometry":{"type":"MultiPolygon","coordinates":[[[[31.374679007,49.623927217],[31.375146698,49.623860551],[31.374640761,49.622379154],[31.374370388,49.622556622],[31.374245531,49.622581571],[31.374679007,49.623927217]]]]},"id":"315"},{"type":"Feature","properties":{"id":"316"},"geometry":{"type":"MultiPolygon","coordinates":[[[[31.391378535,49.624598918],[31.392503904,49.624700679],[31.39251967,49.624511487],[31.392760932,49.624197906],[31.393000028,49.62398059],[31.393231684,49.623861179],[31.393568553,49.623752905],[31.39304639,49.623540666],[31.392527073,49.623815337],[31.391807005,49.624286684],[31.391378535,49.624598918]]]]},"id":"316"},{"type":"Feature","properties":{"id":"317"},"geometry":{"type":"MultiPolygon","coordinates":[[[[31.630913117,49.523655461],[31.63011533,49.523664946],[31.629975123,49.524629363],[31.630371082,49.52510091],[31.630373037,49.52547335],[31.630302982,49.525708215],[31.62981802,49.525709874],[31.629757312,49.526127483],[31.63020684,49.526122142],[31.630555139,49.52611801],[31.630838614,49.524168016],[31.630771595,49.524177002],[31.630829461,49.524060635],[31.630854795,49.524056714],[31.630913117,49.523655461]]]]},"id":"317"},{"type":"Feature","properties":{"id":"318"},"geometry":{"type":"MultiPolygon","coordinates":[[[[31.629792183,49.466246683],[31.629822046,49.466245166],[31.630017932,49.466235254],[31.629862123,49.464927342],[31.629636366,49.464938762],[31.629792183,49.466246683]]]]},"id":"318"},{"type":"Feature","properties":{"id":"319"},"geometry":{"type":"MultiPolygon","coordinates":[[[[31.613895,49.437372],[31.614115,49.437303],[31.614218,49.436017],[31.614004,49.435998],[31.613895,49.437372]]]]},"id":"319"},{"type":"Feature","properties":{"id":"320"},"geometry":{"type":"MultiPolygon","coordinates":[[[[31.620171,49.438672],[31.618498,49.439007],[31.618617,49.439241],[31.620326,49.439065],[31.620276,49.438851],[31.620171,49.438672]]]]},"id":"320"},{"type":"Feature","properties":{"id":"321"},"geometry":{"type":"MultiPolygon","coordinates":[[[[31.623683391,49.458486444],[31.623745487,49.459325444],[31.624101781,49.459309958],[31.624043149,49.458517619],[31.623683391,49.458486444]]]]},"id":"321"},{"type":"Feature","properties":{"id":"322"},"geometry":{"type":"MultiPolygon","coordinates":[[[[31.605463,49.434291],[31.604855,49.432993],[31.604839,49.432999],[31.604242,49.433302],[31.604769,49.434429],[31.605463,49.434291]]]]},"id":"322"},{"type":"Feature","properties":{"id":"323"},"geometry":{"type":"MultiPolygon","coordinates":[[[[31.64935825,49.503119353],[31.650832458,49.503384492],[31.65098147,49.501569412],[31.65102558,49.501030528],[31.648048003,49.500965237],[31.647988117,49.501695166],[31.649472516,49.501727698],[31.64935825,49.503119353]]]]},"id":"323"},{"type":"Feature","properties":{"id":"324"},"geometry":{"type":"MultiPolygon","coordinates":[[[[31.571923093,49.507113546],[31.571844493,49.507495046],[31.572463691,49.507549742],[31.572949087,49.507568832],[31.573132212,49.506089951],[31.572521906746946,49.50606411531936],[31.57251834869379,49.506066887905114],[31.57234633242673,49.50617858946045],[31.572235225,49.506261597],[31.571923093,49.507113546]]]]},"id":"324"},{"type":"Feature","properties":{"id":"325"},"geometry":{"type":"MultiPolygon","coordinates":[[[[31.381643935,49.637270146],[31.380052461,49.637249399],[31.380158993,49.638638602],[31.380569114,49.638492707],[31.381201699,49.638237736],[31.381708123,49.638105342],[31.381643935,49.637270146]]]]},"id":"325"},{"type":"Feature","properties":{"id":"326"},"geometry":{"type":"MultiPolygon","coordinates":[[[[31.610889086,49.531527838],[31.610962509,49.530953321],[31.609218374,49.530974164],[31.607867441,49.530984518],[31.607792374,49.531556597],[31.610889086,49.531527838]]]]},"id":"326"},{"type":"Feature","properties":{"id":"327"},"geometry":{"type":"MultiPolygon","coordinates":[[[[31.411948704,49.637772225],[31.411918087,49.637769198],[31.410562806,49.637890749],[31.409744515,49.637962669],[31.409462688,49.638164881],[31.409040054,49.638275174],[31.409071255,49.639945016],[31.41060092,49.63993348],[31.411988909,49.639923002],[31.411948704,49.637772225]]]]},"id":"327"},{"type":"Feature","properties":{"id":"328"},"geometry":{"type":"MultiPolygon","coordinates":[[[[31.526008405,49.489728261],[31.525953015,49.489646246],[31.5237562,49.49003161],[31.523822452,49.490149183],[31.526030934,49.489761775],[31.526008405,49.489728261]]]]},"id":"328"},{"type":"Feature","properties":{"id":"329"},"geometry":{"type":"MultiPolygon","coordinates":[[[[31.515552973,49.477684933],[31.515120281,49.47731776],[31.514656522,49.477472477],[31.514897122,49.47790373],[31.515552973,49.477684933]]]]},"id":"329"},{"type":"Feature","properties":{"id":"330"},"geometry":{"type":"MultiPolygon","coordinates":[[[[31.62782954,49.50990108],[31.627681144,49.511133577],[31.629937916,49.511107513],[31.630103229,49.509891681],[31.62901346,49.509884915],[31.62782954,49.50990108]]]]},"id":"330"},{"type":"Feature","properties":{"id":"331"},"geometry":{"type":"MultiPolygon","coordinates":[[[[31.589104288,49.523366135],[31.589832237,49.523412355],[31.590074917,49.521237181],[31.589480528,49.521199438],[31.589347,49.521190963],[31.589104288,49.523366135]]]]},"id":"331"},{"type":"Feature","properties":{"id":"332"},"geometry":{"type":"MultiPolygon","coordinates":[[[[31.618730249,49.440150837],[31.620435462,49.440452985],[31.620460467,49.440257973],[31.618714605,49.44001566],[31.618730249,49.440150837]]]]},"id":"332"},{"type":"Feature","properties":{"id":"333"},"geometry":{"type":"MultiPolygon","coordinates":[[[[31.549259036,49.525522429],[31.549428781,49.525279982],[31.547849939,49.524109703],[31.547695514,49.524330158],[31.547680038,49.524352148],[31.549259036,49.525522429]]]]},"id":"333"},{"type":"Feature","properties":{"id":"334"},"geometry":{"type":"MultiPolygon","coordinates":[[[[31.538621858,49.552758876],[31.538395611,49.552866503],[31.538075289,49.55307924],[31.540238315,49.554890909],[31.540732862,49.554526956],[31.538621858,49.552758876]]]]},"id":"334"},{"type":"Feature","properties":{"id":"335"},"geometry":{"type":"MultiPolygon","coordinates":[[[[31.545966832,49.515987366],[31.544988109,49.516647971],[31.544321064,49.517138418],[31.546557515,49.517116344],[31.546742395,49.515767267],[31.546278175,49.515770905],[31.545966832,49.515987366]]]]},"id":"335"},{"type":"Feature","properties":{"id":"336"},"geometry":{"type":"MultiPolygon","coordinates":[[[[31.601214,49.494108],[31.600622,49.494036],[31.599933,49.494013],[31.599791,49.495057],[31.602681,49.495229],[31.602728,49.494853],[31.601927,49.49485],[31.601928,49.494891],[31.6019,49.494891],[31.601899,49.49485],[31.601734,49.494814],[31.601577,49.494779],[31.601514,49.494666],[31.601611,49.494233],[31.60137,49.494224],[31.601359,49.494147],[31.601356,49.494125],[31.601214,49.494108]],[[31.601309,49.494364],[31.601281,49.494364],[31.601282,49.494346],[31.601309,49.494346],[31.601309,49.494364]],[[31.601281,49.494982],[31.601251520150825,49.4950095145259],[31.601314544677678,49.495029982188186],[31.601271629333443,49.4950578562974],[31.601228713989205,49.495029982188186],[31.601228713989205,49.49502199364701],[31.601212,49.495014],[31.601228,49.495],[31.601259,49.494971],[31.601281,49.494982]],[[31.60205,49.495048],[31.60205,49.495066],[31.602022,49.495066],[31.602022,49.495048],[31.60205,49.495048]],[[31.602686,49.495078],[31.602687,49.495096],[31.60266,49.495097],[31.602659,49.495079],[31.602686,49.495078]]]]},"id":"336"},{"type":"Feature","properties":{"id":"337"},"geometry":{"type":"MultiPolygon","coordinates":[[[[31.569350728,49.519011023],[31.569351031,49.518951591],[31.569781546,49.518942467],[31.570024017,49.51877718],[31.570270502,49.518793908],[31.570294967,49.51850863],[31.570147815,49.518497462],[31.570215826,49.518231866],[31.57031605,49.518262978],[31.570324757,49.518161084],[31.569334945,49.518169124],[31.569154481,49.520269672],[31.570144474,49.520262173],[31.570244446,49.519097421],[31.569346122,49.519064927],[31.569350728,49.519011023]]]]},"id":"337"},{"type":"Feature","properties":{"id":"338"},"geometry":{"type":"MultiPolygon","coordinates":[[[[31.580940399,49.497524512],[31.580738865,49.499072401],[31.580734119,49.499115949],[31.581717663,49.499165603],[31.58190414,49.49758904],[31.580940399,49.497524512]]]]},"id":"338"},{"type":"Feature","properties":{"id":"339"},"geometry":{"type":"MultiPolygon","coordinates":[[[[31.652976,49.447539],[31.653001,49.447013],[31.651071,49.446952],[31.6507327412431,49.44725613353718],[31.6505177968387,49.4474603773078],[31.652976,49.447539]]]]},"id":"339"},{"type":"Feature","properties":{"id":"340"},"geometry":{"type":"MultiPolygon","coordinates":[[[[31.586466574,49.522868688],[31.586438118,49.523196797],[31.587122413,49.523240262],[31.587365210811157,49.52106510465055],[31.587365212,49.521065094],[31.586680962,49.521021622],[31.586567408,49.522105036],[31.586467255,49.52286349],[31.586466574,49.522868688]]]]},"id":"340"},{"type":"Feature","properties":{"id":"341"},"geometry":{"type":"MultiPolygon","coordinates":[[[[31.425723352,49.63857162],[31.426381552,49.639174942],[31.426821017,49.638972682],[31.426265534,49.638463572],[31.425723352,49.63857162]]]]},"id":"341"},{"type":"Feature","properties":{"id":"342"},"geometry":{"type":"MultiPolygon","coordinates":[[[[31.526261407,49.490104712],[31.524019071,49.490498048],[31.52408386,49.49061306],[31.526337421,49.490217742],[31.526261407,49.490104712]]]]},"id":"342"},{"type":"Feature","properties":{"id":"343"},"geometry":{"type":"MultiPolygon","coordinates":[[[[31.527225242,49.494329911],[31.524720115,49.493912357],[31.524707501,49.494026441],[31.527183877,49.494439263],[31.527225242,49.494329911]]]]},"id":"343"},{"type":"Feature","properties":{"id":"344"},"geometry":{"type":"MultiPolygon","coordinates":[[[[31.60271653,49.545727574],[31.602720267,49.545704409],[31.602818268,49.545098706],[31.601493236,49.545107479],[31.600069772,49.545119253],[31.599964442,49.545745757],[31.60271653,49.545727574]]]]},"id":"344"},{"type":"Feature","properties":{"id":"345"},"geometry":{"type":"MultiPolygon","coordinates":[[[[31.524256,49.490959],[31.526563,49.490554],[31.526488,49.490442],[31.524213,49.490842],[31.524229,49.49087],[31.524256,49.490959]]]]},"id":"345"},{"type":"Feature","properties":{"id":"346"},"geometry":{"type":"MultiPolygon","coordinates":[[[[31.611239,49.447116],[31.611317,49.446859],[31.611486,49.446772],[31.611838,49.446734],[31.611425,49.44655],[31.61038,49.447217],[31.611239,49.447116]]]]},"id":"346"},{"type":"Feature","properties":{"id":"347"},"geometry":{"type":"MultiPolygon","coordinates":[[[[31.603599568,49.455679107],[31.603918906,49.455147391],[31.603575691,49.454976054],[31.603145208,49.455415276],[31.603599568,49.455679107]]]]},"id":"347"},{"type":"Feature","properties":{"id":"348"},"geometry":{"type":"MultiPolygon","coordinates":[[[[31.553179256,49.444988865],[31.553437092,49.444934206],[31.552945861,49.443930138],[31.552688155,49.443985066],[31.553179256,49.444988865]]]]},"id":"348"},{"type":"Feature","properties":{"id":"349"},"geometry":{"type":"MultiPolygon","coordinates":[[[[31.444106376,49.626550873],[31.444212586,49.62668775],[31.444307118,49.626809543],[31.445384715,49.62645655],[31.445183982,49.626197891],[31.444106376,49.626550873]]]]},"id":"349"},{"type":"Feature","properties":{"id":"350"},"geometry":{"type":"MultiPolygon","coordinates":[[[[31.620739,49.459456],[31.620662,49.458408],[31.620523,49.458407],[31.620601,49.459462],[31.620739,49.459456]]]]},"id":"350"},{"type":"Feature","properties":{"id":"351"},"geometry":{"type":"MultiPolygon","coordinates":[[[[31.61158,49.448161],[31.611808,49.448337],[31.612453,49.447961],[31.612149,49.447829],[31.61158,49.448161]]]]},"id":"351"},{"type":"Feature","properties":{"id":"352"},"geometry":{"type":"MultiPolygon","coordinates":[[[[31.592949,49.449636],[31.59323,49.449776],[31.593922,49.44907],[31.593861,49.44904],[31.593640944411113,49.448930056713515],[31.593641,49.44893],[31.592949,49.449636]]]]},"id":"352"},{"type":"Feature","properties":{"id":"353"},"geometry":{"type":"MultiPolygon","coordinates":[[[[31.596581,49.498908],[31.594301,49.498779],[31.59414931726174,49.500111018523356],[31.594149,49.500111],[31.596564,49.500252],[31.59656725620263,49.50022486497811],[31.596572960717875,49.50017732735104],[31.596573,49.500177],[31.596646,49.49953],[31.596716,49.498916],[31.596581,49.498908]]]]},"id":"353"},{"type":"Feature","properties":{"id":"354"},"geometry":{"type":"MultiPolygon","coordinates":[[[[31.62188,49.459407],[31.621806,49.458415],[31.621514,49.458413],[31.621589,49.459419],[31.62188,49.459407]]]]},"id":"354"},{"type":"Feature","properties":{"id":"355"},"geometry":{"type":"MultiPolygon","coordinates":[[[[31.649949,49.453668],[31.650043,49.453892],[31.651231516910226,49.453900966179546],[31.651236,49.453901],[31.651334,49.453678],[31.649961,49.453668],[31.649949,49.453668]]]]},"id":"355"},{"type":"Feature","properties":{"id":"356"},"geometry":{"type":"MultiPolygon","coordinates":[[[[31.6320416,49.455671582],[31.631958721,49.45581123],[31.633095426,49.456506612],[31.633251283,49.456342252],[31.632063145,49.455615371],[31.6320416,49.455671582]]]]},"id":"356"},{"type":"Feature","properties":{"id":"357"},"geometry":{"type":"MultiPolygon","coordinates":[[[[31.640345353,49.468473706],[31.641233054,49.467263949],[31.640247097,49.467394279],[31.640100186,49.46742447],[31.639296443,49.468306125],[31.640345353,49.468473706]]]]},"id":"357"},{"type":"Feature","properties":{"id":"358"},"geometry":{"type":"MultiPolygon","coordinates":[[[[31.528855119,49.497567592],[31.52637334,49.497001021],[31.526332082,49.497111443],[31.528798473,49.497674655],[31.528855119,49.497567592]]]]},"id":"358"},{"type":"Feature","properties":{"id":"359"},"geometry":{"type":"MultiPolygon","coordinates":[[[[31.527227676,49.49471629],[31.52945168,49.495224132],[31.529479447,49.495097133],[31.527273589,49.494593495],[31.527227676,49.49471629]]]]},"id":"359"},{"type":"Feature","properties":{"id":"360"},"geometry":{"type":"MultiPolygon","coordinates":[[[[31.514986,49.478063],[31.515235,49.478514],[31.516164,49.478204],[31.515553,49.477685],[31.514897,49.477904],[31.514986,49.478063]]]]},"id":"360"},{"type":"Feature","properties":{"id":"361"},"geometry":{"type":"MultiPolygon","coordinates":[[[[31.614274396,49.461032865],[31.613996929,49.460998558],[31.614295496,49.462029195],[31.614579608,49.461994235],[31.614300768,49.461031544],[31.614274396,49.461032865]]]]},"id":"361"},{"type":"Feature","properties":{"id":"362"},"geometry":{"type":"MultiPolygon","coordinates":[[[[31.622777796,49.459367509],[31.622761086,49.458441083],[31.622402578,49.45841795],[31.622473815,49.45938076],[31.622777796,49.459367509]]]]},"id":"362"},{"type":"Feature","properties":{"id":"363"},"geometry":{"type":"MultiPolygon","coordinates":[[[[31.518631908,49.450931986],[31.518404528,49.451074813],[31.518024018,49.451254194],[31.518562526,49.451492191],[31.518925547,49.451276962],[31.519133517,49.451153568],[31.518631908,49.450931986]]]]},"id":"363"},{"type":"Feature","properties":{"id":"364"},"geometry":{"type":"MultiPolygon","coordinates":[[[[31.564776,49.518209],[31.564031,49.518231],[31.563852,49.520309],[31.564596,49.520304],[31.564776,49.518209]]]]},"id":"364"},{"type":"Feature","properties":{"id":"365"},"geometry":{"type":"MultiPolygon","coordinates":[[[[31.618428,49.438869],[31.618498,49.439007],[31.620171,49.438672],[31.620071,49.438502],[31.618428,49.438869]]]]},"id":"365"},{"type":"Feature","properties":{"id":"366"},"geometry":{"type":"MultiPolygon","coordinates":[[[[31.623745515,49.45932548],[31.62368335,49.458486462],[31.623342756,49.458456911],[31.623408129,49.4593401],[31.623745515,49.45932548]]]]},"id":"366"},{"type":"Feature","properties":{"id":"367"},"geometry":{"type":"MultiPolygon","coordinates":[[[[31.526030934,49.489761775],[31.523822452,49.490149183],[31.523888332,49.490266092],[31.526108177,49.489876702],[31.526030934,49.489761775]]]]},"id":"367"},{"type":"Feature","properties":{"id":"368"},"geometry":{"type":"MultiPolygon","coordinates":[[[[31.517780514,49.481249045],[31.517772686,49.481239102],[31.51690157,49.481529711],[31.516929311,49.481579905],[31.517086429,49.48187627],[31.517826231,49.481629467],[31.517515766,49.481334655],[31.517780514,49.481249045]]]]},"id":"368"},{"type":"Feature","properties":{"id":"369"},"geometry":{"type":"MultiPolygon","coordinates":[[[[31.627806609,49.463295597],[31.627979648,49.464748541],[31.628167862,49.464761037],[31.627992222,49.463286203],[31.627872485,49.463292261],[31.627806609,49.463295597]]]]},"id":"369"},{"type":"Feature","properties":{"id":"370"},"geometry":{"type":"MultiPolygon","coordinates":[[[[31.619571828,49.458401843],[31.619307431,49.458400281],[31.61938983,49.459514675],[31.619653222,49.45950329],[31.619571828,49.458401843]]]]},"id":"370"},{"type":"Feature","properties":{"id":"371"},"geometry":{"type":"MultiPolygon","coordinates":[[[[31.594455,49.43764],[31.594875,49.437456],[31.595168,49.435635],[31.594441,49.435768],[31.594113,49.437801],[31.594455,49.43764]]]]},"id":"371"},{"type":"Feature","properties":{"id":"372"},"geometry":{"type":"MultiPolygon","coordinates":[[[[31.37256753,49.630640095],[31.372473994,49.630255886],[31.372807456,49.630220398],[31.372746589,49.630009581],[31.37260881,49.629669524],[31.372504677,49.629066723],[31.372670394,49.628683322],[31.372865441,49.62829312],[31.371441926,49.628444751],[31.371839769817807,49.63007777002573],[31.371993293411098,49.63070119061866],[31.37256753,49.630640095]]]]},"id":"372"},{"type":"Feature","properties":{"id":"373"},"geometry":{"type":"MultiPolygon","coordinates":[[[[31.622080024,49.429235318],[31.622269937,49.427803923],[31.621551894,49.427719206],[31.621350943,49.429233701],[31.622080024,49.429235318]]]]},"id":"373"},{"type":"Feature","properties":{"id":"374"},"geometry":{"type":"MultiPolygon","coordinates":[[[[31.576336968,49.524469954],[31.579283025,49.524445439],[31.579333198,49.524090765],[31.576512355,49.524097765],[31.576377662,49.524098484],[31.576336968,49.524469954]]]]},"id":"374"},{"type":"Feature","properties":{"id":"375"},"geometry":{"type":"MultiPolygon","coordinates":[[[[31.594474375342323,49.45107417089891],[31.594491004943787,49.45108065741735],[31.594491004943787,49.451370505017984],[31.595103246,49.450745796],[31.594681365,49.450535151],[31.594263216,49.45096176],[31.594474344,49.45106052],[31.594474375342323,49.45107417089891]]]]},"id":"375"},{"type":"Feature","properties":{"id":"376"},"geometry":{"type":"MultiPolygon","coordinates":[[[[31.409040054,49.638275174],[31.408937349,49.638301985],[31.407850171,49.63833429],[31.407284594,49.638260821],[31.407265095,49.63824972],[31.407296909,49.639958413],[31.409071255,49.639945016],[31.409040054,49.638275174]],[[31.408683478,49.638380968],[31.408683901,49.638398968],[31.408656212,49.638399144],[31.408655762,49.638381153],[31.408683478,49.638380968]],[[31.407593998,49.638436088],[31.407594421,49.63845408],[31.407566732,49.638454255],[31.407566309,49.638436273],[31.407593998,49.638436088]]]]},"id":"376"},{"type":"Feature","properties":{"id":"377"},"geometry":{"type":"MultiPolygon","coordinates":[[[[31.540002982,49.447288255],[31.540364803,49.447241537],[31.540127083,49.446490576],[31.539765268,49.446537374],[31.540002982,49.447288255]]]]},"id":"377"},{"type":"Feature","properties":{"id":"378"},"geometry":{"type":"MultiPolygon","coordinates":[[[[31.524010227,49.486766786],[31.521918022,49.487133751],[31.522002734,49.487253508],[31.524091203,49.486887144],[31.524010227,49.486766786]]]]},"id":"378"},{"type":"Feature","properties":{"id":"379"},"geometry":{"type":"MultiPolygon","coordinates":[[[[31.524091203,49.486887144],[31.522002734,49.487253508],[31.522087708,49.487373642],[31.524172442,49.487007961],[31.524091203,49.486887144]]]]},"id":"379"},{"type":"Feature","properties":{"id":"380"},"geometry":{"type":"MultiPolygon","coordinates":[[[[31.614300768,49.461031544],[31.614579608,49.461994235],[31.614876449,49.461957661],[31.614603708,49.461016239],[31.614300768,49.461031544]]]]},"id":"380"},{"type":"Feature","properties":{"id":"381"},"geometry":{"type":"MultiPolygon","coordinates":[[[[31.565392393,49.507282646],[31.566202094,49.507317155],[31.566984622,49.50735054],[31.567781774,49.507384487],[31.568468697,49.507413764],[31.568712315,49.507425704],[31.569754503,49.50747681],[31.570732443,49.507524735],[31.572494063,49.507593501],[31.573556421,49.507637807],[31.573784878,49.507648002],[31.574566977,49.507682946],[31.575190972,49.507710776],[31.575771224,49.507736725],[31.576326869,49.507761554],[31.576885401,49.507786451],[31.577376812,49.50780845],[31.577966345,49.50783475],[31.57951121,49.50790369],[31.579580058,49.507906754],[31.579628747,49.507908941],[31.57956601,49.507860243],[31.576997177,49.507745979],[31.575101315,49.507661598],[31.575032481,49.507658531],[31.573991423,49.507612157],[31.573560579,49.507592974],[31.572949087,49.507568832],[31.572463691,49.507549742],[31.57073851,49.507479955],[31.570352542,49.507461029],[31.570283694,49.50745769],[31.568213503,49.507357863],[31.566725454,49.507294431],[31.565398216,49.507237831],[31.565392393,49.507282646]]]]},"id":"381"},{"type":"Feature","properties":{"id":"382"},"geometry":{"type":"MultiPolygon","coordinates":[[[[31.646336174,49.457353893],[31.645972948,49.457555046],[31.646029069,49.458088563],[31.64648103,49.458067717],[31.646403405,49.45732687],[31.646381325,49.457327878],[31.646336174,49.457353893]]]]},"id":"382"},{"type":"Feature","properties":{"id":"383"},"geometry":{"type":"MultiPolygon","coordinates":[[[[31.607449414,49.449365576],[31.607382995,49.449377614],[31.607256866,49.449587705],[31.606598992,49.45068356],[31.606236053,49.45128809],[31.605475392,49.452555046],[31.605449652,49.452598102],[31.604929819,49.453463842],[31.604914152,49.453489966],[31.604731252,49.453793813],[31.604574231,49.454054891],[31.60441953,49.454312001],[31.604250412,49.454594219],[31.604086406,49.454867899],[31.603934561,49.455121257],[31.603918906,49.455147391],[31.603599568,49.455679107],[31.603403794,49.455974987],[31.603465256,49.45599537],[31.603666115,49.455690952],[31.604241479,49.454732954],[31.604486734,49.454322074],[31.604789644,49.453817731],[31.604985981,49.453489901],[31.605540439,49.452569958],[31.606300301,49.451304404],[31.606666629,49.450692264],[31.607322664,49.449601086],[31.607426586,49.449407992],[31.607449414,49.449365576]]]]},"id":"383"},{"type":"Feature","properties":{"id":"384"},"geometry":{"type":"MultiPolygon","coordinates":[[[[31.573779,49.434987],[31.573801,49.43501],[31.573917,49.435132],[31.575197,49.43438],[31.575063,49.434233],[31.573779,49.434987]]]]},"id":"384"},{"type":"Feature","properties":{"id":"385"},"geometry":{"type":"MultiPolygon","coordinates":[[[[31.435679669,49.624134924],[31.43709835,49.623670431],[31.436949445,49.623478535],[31.435994695,49.623791202],[31.43553092,49.623943117],[31.435679669,49.624134924]]]]},"id":"385"},{"type":"Feature","properties":{"id":"386"},"geometry":{"type":"MultiPolygon","coordinates":[[[[31.616987,49.437488],[31.617206,49.43762],[31.618314,49.437112],[31.618011,49.436961],[31.616987,49.437488]]]]},"id":"386"},{"type":"Feature","properties":{"id":"387"},"geometry":{"type":"MultiPolygon","coordinates":[[[[31.65787388,49.437844152],[31.657414566,49.437428694],[31.65678543,49.437854963],[31.657340982,49.438318],[31.657832729,49.438693744],[31.658457933,49.438270136],[31.65787388,49.437844152]]]]},"id":"387"},{"type":"Feature","properties":{"id":"388"},"geometry":{"type":"MultiPolygon","coordinates":[[[[31.524489226,49.487479],[31.524417598,49.487372522],[31.522344167,49.487736228],[31.522420864,49.487859123],[31.524499681,49.487494471],[31.524489226,49.487479]]]]},"id":"388"},{"type":"Feature","properties":{"id":"389"},"geometry":{"type":"MultiPolygon","coordinates":[[[[31.613804,49.435977],[31.613687,49.437436],[31.613895,49.437372],[31.614004,49.435998],[31.613943,49.435993],[31.613804,49.435977]]]]},"id":"389"},{"type":"Feature","properties":{"id":"390"},"geometry":{"type":"MultiPolygon","coordinates":[[[[31.552066004,49.448436553],[31.55169865,49.447950171],[31.54901285,49.448635895],[31.54930741,49.449025921],[31.549527265,49.44898703],[31.550634594,49.44868503],[31.552066004,49.448436553]]]]},"id":"390"},{"type":"Feature","properties":{"id":"391"},"geometry":{"type":"MultiPolygon","coordinates":[[[[31.616084245,49.521992177],[31.616140864,49.521533255],[31.613746329,49.521550509],[31.612769049,49.521575749],[31.612712737,49.522032025],[31.616084245,49.521992177]]]]},"id":"391"},{"type":"Feature","properties":{"id":"392"},"geometry":{"type":"MultiPolygon","coordinates":[[[[31.617369621,49.464568857],[31.617393861,49.464563464],[31.617076103,49.463466958],[31.616820751,49.46349837],[31.617144207,49.464614697],[31.617369621,49.464568857]]]]},"id":"392"},{"type":"Feature","properties":{"id":"393"},"geometry":{"type":"MultiPolygon","coordinates":[[[[31.614184677,49.451343365],[31.614504659,49.45143486],[31.615571642,49.450812754],[31.615157912,49.450775924],[31.614184677,49.451343365]]]]},"id":"393"},{"type":"Feature","properties":{"id":"394"},"geometry":{"type":"MultiPolygon","coordinates":[[[[31.518335822,49.482113315],[31.517380964,49.482431867],[31.517505745,49.482667249],[31.518551704,49.482318309],[31.518335822,49.482113315]]]]},"id":"394"},{"type":"Feature","properties":{"id":"395"},"geometry":{"type":"MultiPolygon","coordinates":[[[[31.537953153,49.446779359],[31.538188298,49.447522143],[31.538553597,49.447475061],[31.538317369,49.446728879],[31.537953153,49.446779359]]]]},"id":"395"},{"type":"Feature","properties":{"id":"396"},"geometry":{"type":"MultiPolygon","coordinates":[[[[31.529109106,49.496788925],[31.526661629,49.49623012],[31.526620165,49.496341037],[31.529084008,49.496903578],[31.529109106,49.496788925]]]]},"id":"396"},{"type":"Feature","properties":{"id":"397"},"geometry":{"type":"MultiPolygon","coordinates":[[[[31.529315983,49.495843824],[31.5270035,49.495315841],[31.526959695,49.495433007],[31.529289468,49.495964951],[31.529315983,49.495843824]]]]},"id":"397"},{"type":"Feature","properties":{"id":"398"},"geometry":{"type":"MultiPolygon","coordinates":[[[[31.379268647,49.613084834],[31.382298352,49.612697543],[31.382104384,49.612057012],[31.380352707,49.612280904],[31.38037763,49.612347428],[31.379399487,49.612840019],[31.379268647,49.613084834]]]]},"id":"398"},{"type":"Feature","properties":{"id":"399"},"geometry":{"type":"MultiPolygon","coordinates":[[[[31.395152593,49.642650224],[31.397744814,49.642350469],[31.39761655,49.641883021],[31.397059808,49.641947343],[31.396999197,49.641984826],[31.3965266,49.642025546],[31.396219792,49.642030693],[31.395684807,49.642006429],[31.395324674,49.641969312],[31.395095609,49.641902922],[31.395019602,49.641818095],[31.394927356,49.6418288],[31.395152593,49.642650224]]]]},"id":"399"},{"type":"Feature","properties":{"id":"400"},"geometry":{"type":"MultiPolygon","coordinates":[[[[31.374212021,49.623993791],[31.374679007,49.623927217],[31.374245531,49.622581571],[31.373891534,49.622652214],[31.373759214,49.622646253],[31.374212021,49.623993791]]]]},"id":"400"},{"type":"Feature","properties":{"id":"401"},"geometry":{"type":"MultiPolygon","coordinates":[[[[31.570589041,49.553585582],[31.570868656,49.553846964],[31.57243379,49.55531648],[31.572883744,49.555143497],[31.57156259,49.553211449],[31.570589041,49.553585582]]]]},"id":"401"},{"type":"Feature","properties":{"id":"402"},"geometry":{"type":"MultiPolygon","coordinates":[[[[31.569270393,49.499445653],[31.57134028,49.49954548],[31.57141042,49.499019324],[31.57102246,49.498999125],[31.570364743,49.498971896],[31.569336035,49.498954622],[31.569270393,49.499445653]]]]},"id":"402"},{"type":"Feature","properties":{"id":"403"},"geometry":{"type":"MultiPolygon","coordinates":[[[[31.546546816,49.515584123],[31.546343521,49.515725465],[31.548517312,49.515708376],[31.548656893,49.514666284],[31.547815858,49.514672908],[31.546546816,49.515584123]]]]},"id":"403"},{"type":"Feature","properties":{"id":"404"},"geometry":{"type":"MultiPolygon","coordinates":[[[[31.383576212,49.641714996],[31.383615871,49.641630952],[31.383602559,49.641355706],[31.383431193,49.641184309],[31.383330432,49.64063385],[31.382309553,49.640541969],[31.382341708,49.640441294],[31.382066015,49.640184526],[31.381784611,49.64042821],[31.381478132,49.640608741],[31.381287158,49.640675788],[31.381199364,49.64076247],[31.38118554,49.640770889],[31.380708769,49.640915288],[31.380158515,49.641050312],[31.38012359,49.641059204],[31.380190777,49.641071852],[31.383576212,49.641714996]]]]},"id":"404"},{"type":"Feature","properties":{"id":"405"},"geometry":{"type":"MultiPolygon","coordinates":[[[[31.379234949,49.623272901],[31.380127371,49.623140107],[31.37964487,49.621704907],[31.379349719,49.621708609],[31.378868554,49.621772823],[31.378746856,49.621780904],[31.379234949,49.623272901]]]]},"id":"405"},{"type":"Feature","properties":{"id":"406"},"geometry":{"type":"MultiPolygon","coordinates":[[[[31.529424065,49.495349963],[31.527182191,49.494838105],[31.527137008,49.494958931],[31.529396752,49.495474894],[31.529424065,49.495349963]]]]},"id":"406"},{"type":"Feature","properties":{"id":"407"},"geometry":{"type":"MultiPolygon","coordinates":[[[[31.440412515,49.606975915],[31.442573967,49.607399556],[31.442412528,49.60700743],[31.442122085,49.60643539],[31.440740321,49.606164597],[31.440581436,49.606507065],[31.440412515,49.606975915]]]]},"id":"407"},{"type":"Feature","properties":{"id":"408"},"geometry":{"type":"MultiPolygon","coordinates":[[[[31.527142071,49.494549865],[31.524694721,49.494141873],[31.524681776,49.494258564],[31.527099686,49.494661626],[31.527142071,49.494549865]]]]},"id":"408"},{"type":"Feature","properties":{"id":"409"},"geometry":{"type":"MultiPolygon","coordinates":[[[[31.630075,49.458525],[31.62933826446527,49.45794606591849],[31.62933826446527,49.45797126030226],[31.629231702495353,49.458005893204714],[31.629189,49.458036],[31.62919058720782,49.45805740695674],[31.629209518432564,49.45805494588099],[31.629191402538353,49.458068403466],[31.629228,49.458562],[31.630075,49.458525]]]]},"id":"409"},{"type":"Feature","properties":{"id":"410"},"geometry":{"type":"MultiPolygon","coordinates":[[[[31.573045775,49.537317234],[31.573530017,49.537310149],[31.573998665,49.537323797],[31.574248598,49.537374797],[31.57437604,49.537488391],[31.574699336,49.537539442],[31.574772757,49.537550993],[31.575224261,49.537726524],[31.57521883,49.538014829],[31.575579855,49.5385197],[31.57597238,49.538885465],[31.576416503,49.539101743],[31.577144454,49.539360387],[31.577454305,49.53944414],[31.577519462,49.539461746],[31.5782281,49.53965334],[31.578317092,49.53968902],[31.579110593,49.539096909],[31.578382252,49.538624279],[31.577242013,49.537884343],[31.576825547,49.537608491],[31.575585663,49.536995182],[31.575469131,49.537059401],[31.577781153,49.538489789],[31.577745891,49.538706113],[31.577457071,49.538858023],[31.577037748,49.538802395],[31.576575514,49.538525359],[31.576250563,49.538214803],[31.575364259,49.537629274],[31.574859915,49.537375187],[31.573907607,49.536865099],[31.573421043,49.536711164],[31.57319816331398,49.53707112192689],[31.57317693784942,49.53710540174106],[31.573045775,49.537317234]]]]},"id":"410"},{"type":"Feature","properties":{"id":"411"},"geometry":{"type":"MultiPolygon","coordinates":[[[[31.614115,49.437303],[31.614277,49.437253],[31.61435,49.437253],[31.614447,49.436038],[31.614218,49.436017],[31.614115,49.437303]]]]},"id":"411"},{"type":"Feature","properties":{"id":"412"},"geometry":{"type":"MultiPolygon","coordinates":[[[[31.543783461,49.51753373],[31.543089429,49.518032587],[31.542839458,49.518216719],[31.545971365,49.518184361],[31.546411565,49.518181426],[31.546557515,49.517116344],[31.544321064,49.517138418],[31.543783461,49.51753373]]]]},"id":"412"},{"type":"Feature","properties":{"id":"413"},"geometry":{"type":"MultiPolygon","coordinates":[[[[31.521666,49.486777],[31.523769,49.486408],[31.523689,49.48629],[31.521582,49.486659],[31.521666,49.486777]]]]},"id":"413"},{"type":"Feature","properties":{"id":"414"},"geometry":{"type":"MultiPolygon","coordinates":[[[[31.631669512,49.4600203],[31.631854535,49.461572623],[31.632032789,49.461563626],[31.631847773,49.460010674],[31.631669512,49.4600203]]]]},"id":"414"},{"type":"Feature","properties":{"id":"415"},"geometry":{"type":"MultiPolygon","coordinates":[[[[31.518101083,49.483789868],[31.519581445,49.483296002],[31.519431406,49.483153561],[31.518014204,49.483626358],[31.518081956,49.483754131],[31.518101083,49.483789868]]]]},"id":"415"},{"type":"Feature","properties":{"id":"416"},"geometry":{"type":"MultiPolygon","coordinates":[[[[31.639381054,49.501926795],[31.642609057,49.501996201],[31.642773796,49.49999315],[31.639545925,49.499923838],[31.639381054,49.501926795]]]]},"id":"416"},{"type":"Feature","properties":{"id":"417"},"geometry":{"type":"MultiPolygon","coordinates":[[[[31.613559433,49.460902951],[31.613430568,49.460843375],[31.613473339,49.46099106],[31.613519962,49.461152012],[31.613570117,49.461325144],[31.613623026,49.461507813],[31.613678688,49.461700019],[31.613735157,49.461894958],[31.613791988,49.462091163],[31.614032096,49.462061616],[31.61370692,49.460938996],[31.613559433,49.460902951]]]]},"id":"417"},{"type":"Feature","properties":{"id":"418"},"geometry":{"type":"MultiPolygon","coordinates":[[[[31.537316375,49.543655213],[31.536874652,49.543294844],[31.535530787,49.543981367],[31.534967817,49.544270863],[31.534671329,49.544423406],[31.535114218,49.544780195],[31.537316375,49.543655213]]]]},"id":"418"},{"type":"Feature","properties":{"id":"419"},"geometry":{"type":"MultiPolygon","coordinates":[[[[31.585980144,49.524599546],[31.586045095,49.524066375],[31.58322768,49.524089612],[31.582003003,49.524089693],[31.581927566,49.524622923],[31.585980144,49.524599546]]]]},"id":"419"},{"type":"Feature","properties":{"id":"420"},"geometry":{"type":"MultiPolygon","coordinates":[[[[31.559672135,49.532752056],[31.559711881,49.532696632],[31.559820181,49.532545471],[31.559455734,49.532467426],[31.558879168,49.53224874],[31.558578028,49.53211861],[31.55803858,49.531787115],[31.557901025,49.531979846],[31.557762916,49.532172389],[31.559672135,49.532752056]]]]},"id":"420"},{"type":"Feature","properties":{"id":"421"},"geometry":{"type":"MultiPolygon","coordinates":[[[[31.572494063,49.507593501],[31.572537393985527,49.508162865610885],[31.57256126403803,49.508379863199586],[31.572593072074792,49.50848313355383],[31.572656267,49.50864796],[31.572817918,49.508810834],[31.572904785,49.508766398],[31.573600032,49.509342566],[31.573784878,49.507648002],[31.573556421,49.507637807],[31.572494063,49.507593501]]]]},"id":"421"},{"type":"Feature","properties":{"id":"422"},"geometry":{"type":"MultiPolygon","coordinates":[[[[31.443291138,49.625728515],[31.44232859,49.626043793],[31.442541068,49.626317379],[31.443644558,49.625955928],[31.443507851,49.625779745],[31.443291138,49.625728515]]]]},"id":"422"},{"type":"Feature","properties":{"id":"423"},"geometry":{"type":"MultiPolygon","coordinates":[[[[31.367406065,49.645671734],[31.365439119,49.646732465],[31.366061806,49.647219341],[31.368028757,49.646158599],[31.367406065,49.645671734]]]]},"id":"423"},{"type":"Feature","properties":{"id":"424"},"geometry":{"type":"MultiPolygon","coordinates":[[[[31.390751196,49.625777535],[31.392273485,49.625792119],[31.392410109,49.625239073],[31.390756311,49.62521204],[31.390751196,49.625777535]]]]},"id":"424"},{"type":"Feature","properties":{"id":"425"},"geometry":{"type":"MultiPolygon","coordinates":[[[[31.572009914,49.520248192],[31.573989126,49.520233299],[31.574076425,49.519215405],[31.572103501,49.519157665],[31.572009914,49.520248192]]]]},"id":"425"},{"type":"Feature","properties":{"id":"426"},"geometry":{"type":"MultiPolygon","coordinates":[[[[31.367750681,49.640704702],[31.367302185,49.639664135],[31.366129526,49.640417667],[31.366547761,49.640980044],[31.366679672,49.64144682],[31.367127462,49.641183899],[31.367460485,49.640875297],[31.367750681,49.640704702]]]]},"id":"426"},{"type":"Feature","properties":{"id":"427"},"geometry":{"type":"MultiPolygon","coordinates":[[[[31.566699136,49.436137875],[31.567584557,49.435617593],[31.567573636,49.43560609],[31.567444527,49.435470135],[31.567409609,49.435433372],[31.56652419,49.435953662],[31.566699136,49.436137875]]]]},"id":"427"},{"type":"Feature","properties":{"id":"428"},"geometry":{"type":"MultiPolygon","coordinates":[[[[31.424165369,49.641273615],[31.425471075,49.640672888],[31.425266279,49.64048496],[31.423941982,49.641094224],[31.424165369,49.641273615]]]]},"id":"428"},{"type":"Feature","properties":{"id":"429"},"geometry":{"type":"MultiPolygon","coordinates":[[[[31.371664014,49.636124889],[31.372273122,49.636060082],[31.373193104,49.635961988],[31.373188851,49.635888653],[31.373182749,49.63578088],[31.373179735,49.635731579],[31.373339593,49.635483899],[31.373658713,49.635349536],[31.374187768,49.635075348],[31.374187001,49.635071994],[31.371471124,49.635361248],[31.371664014,49.636124889]]]]},"id":"429"},{"type":"Feature","properties":{"id":"430"},"geometry":{"type":"MultiPolygon","coordinates":[[[[31.619047372,49.46322429],[31.619311113,49.464134431],[31.619618052,49.464065736],[31.619363014,49.46318551],[31.619047372,49.46322429]]]]},"id":"430"},{"type":"Feature","properties":{"id":"431"},"geometry":{"type":"MultiPolygon","coordinates":[[[[31.623408129,49.4593401],[31.623342756,49.458456911],[31.623018553,49.458428825],[31.623086894,49.459354027],[31.623408129,49.4593401]]]]},"id":"431"},{"type":"Feature","properties":{"id":"432"},"geometry":{"type":"MultiPolygon","coordinates":[[[[31.579561829566877,49.542086725036185],[31.578517003204503,49.54196201636036],[31.577902896,49.541888922],[31.575885761,49.541648791],[31.57576635,49.541672471],[31.575756482,49.541778042],[31.576047595,49.542138047],[31.579475567,49.542546071],[31.57947555275126,49.54254615045914],[31.5794759988784,49.542546203463544],[31.579561829566877,49.542086725036185]]]]},"id":"432"},{"type":"Feature","properties":{"id":"433"},"geometry":{"type":"MultiPolygon","coordinates":[[[[31.536655,49.548504],[31.537752,49.547939],[31.539233,49.547176],[31.538971,49.546965],[31.538894,49.546903],[31.5382,49.547265],[31.537798,49.546941],[31.53771,49.54687],[31.535703,49.547904],[31.536208,49.548212],[31.536655,49.548504]]]]},"id":"433"},{"type":"Feature","properties":{"id":"434"},"geometry":{"type":"MultiPolygon","coordinates":[[[[31.574428759,49.51812757],[31.574332503,49.518083278],[31.571761288,49.518104739],[31.57170706979924,49.51810519006862],[31.570175339713487,49.51811793330546],[31.569392277,49.518124448],[31.569317668,49.518169251],[31.569334945,49.518169124],[31.570324757,49.518161084],[31.573041563,49.518138934],[31.574169502,49.518129624],[31.574428759,49.51812757]]]]},"id":"434"},{"type":"Feature","properties":{"id":"435"},"geometry":{"type":"MultiPolygon","coordinates":[[[[31.58665504,49.518231091],[31.586593215,49.518821966],[31.586519664,49.519522704],[31.58643871,49.520295144],[31.586366134,49.520987717],[31.586291031,49.521704901],[31.58625089,49.522087703],[31.586224992,49.522283784],[31.586150051,49.522851624],[31.586149536,49.5228571],[31.58605889,49.523859459],[31.584173803,49.523875021],[31.583389852,49.523881494],[31.583227261,49.523882806],[31.582611389,49.523882869],[31.581741779,49.523882891],[31.580743581,49.52388296],[31.579731709,49.523883003],[31.579717759,49.523882986],[31.57871647,49.52388553],[31.577698746,49.523888023],[31.576678411,49.52389058],[31.576510031,49.523891033],[31.575655801,49.52389554],[31.574631809,49.523900833],[31.573677581,49.523905866],[31.57288828,49.523909969],[31.572127292,49.523913942],[31.571366041,49.523917901],[31.570603949,49.523921846],[31.569841179,49.523925778],[31.569077842,49.523929705],[31.568313815,49.523933618],[31.567669564,49.523936971],[31.567549111,49.523937077],[31.566782952,49.523937547],[31.566014983,49.523938085],[31.565804905,49.523938186],[31.565210259,49.523947315],[31.56436775,49.523960193],[31.563620707,49.523971681],[31.563628141,49.524016516],[31.565805697,49.523983151],[31.567669805,49.523981927],[31.576510419,49.523935997],[31.579717873,49.523927941],[31.583227668,49.523927771],[31.586124091,49.523903855],[31.586218908,49.522854864],[31.586319746,49.522091123],[31.586724054,49.518233341],[31.58665504,49.518231091]]]]},"id":"435"},{"type":"Feature","properties":{"id":"436"},"geometry":{"type":"MultiPolygon","coordinates":[[[[31.661661984,49.445288941],[31.661629041,49.445474199],[31.661682236,49.445791626],[31.661765683421017,49.44579595703691],[31.662828294,49.445851108],[31.662879344,49.445079645],[31.662058053,49.445037],[31.661661984,49.445288941]]]]},"id":"436"},{"type":"Feature","properties":{"id":"437"},"geometry":{"type":"MultiPolygon","coordinates":[[[[31.555689504,49.553996631],[31.555734007,49.553960763],[31.555281214,49.553582488],[31.554743732,49.553124032],[31.554266489,49.552717137],[31.554077346,49.552563909],[31.553655119,49.552221929],[31.5532816,49.551919369],[31.552916384,49.551623439],[31.552555129,49.55133078],[31.552366536,49.551177997],[31.552205717,49.551047204],[31.55189523,49.550794701],[31.551593875,49.550549637],[31.551452921,49.550434928],[31.55129237,49.550304672],[31.550990455,49.550059967],[31.550688529,49.549815172],[31.550386757,49.549570465],[31.550084989,49.549325757],[31.549944859,49.549212125],[31.549786929,49.549082612],[31.549493517,49.548841838],[31.549202142,49.548602788],[31.548561327,49.548077012],[31.548385506,49.54793044],[31.547585356,49.547263438],[31.547487679,49.54725508],[31.548507033,49.548104799],[31.549890828,49.549240182],[31.551399027,49.550463076],[31.551886108,49.55085918],[31.552312642,49.551206146],[31.553342732,49.552040622],[31.554212055,49.552744838],[31.555226516,49.55360991],[31.555689504,49.553996631]]]]},"id":"437"},{"type":"Feature","properties":{"id":"438"},"geometry":{"type":"MultiPolygon","coordinates":[[[[31.587544094,49.559296991],[31.587524333,49.559252689],[31.587443988,49.559276872],[31.586892518,49.55944578],[31.586867549,49.559457811],[31.586148699,49.559804505],[31.585982312,49.559884739],[31.585436264,49.560126068],[31.584732564,49.560436994],[31.584401277,49.560583449],[31.584041211,49.560738843],[31.583685452,49.5608923],[31.583349614,49.561000228],[31.583226552,49.561039715],[31.582811267,49.561183609],[31.582651693,49.561252928],[31.582448034,49.561351831],[31.58200124,49.561568752],[31.581694588,49.561727087],[31.581485784,49.561834947],[31.581391819,49.561877352],[31.581264677,49.561934786],[31.580799232,49.562113702],[31.580761921,49.562128069],[31.580359006,49.562340476],[31.580298273,49.562402305],[31.580110139,49.562593577],[31.580062383,49.56261972],[31.580281435,49.562849849],[31.580337945,49.56302832],[31.580265935,49.563219269],[31.580171012,49.563320386],[31.579782271,49.563594766],[31.579424238,49.563918656],[31.57914567,49.564097077],[31.579101958,49.564120825],[31.577259239,49.565122876],[31.577206174,49.565151674],[31.576624738,49.565467845],[31.575456826,49.565956009],[31.575494126,49.565993801],[31.57664087190419,49.565514558164814],[31.576665796,49.565504142],[31.576928952140502,49.56536104787263],[31.577890508,49.564838191],[31.579146234,49.564155348],[31.57947691,49.56394803],[31.579835923,49.56362324],[31.580226487,49.563347618],[31.580330434,49.563236775],[31.580408844,49.563029152],[31.580346583,49.562832919],[31.580151813,49.562634727],[31.580356561,49.562426504],[31.580411236,49.56237083],[31.580801445,49.562165067],[31.580834447,49.562152375],[31.581333508,49.561964832],[31.581641328,49.561817566],[31.582044259,49.561603985],[31.582478476,49.561379772],[31.582687349,49.561290431],[31.582846607,49.561222282],[31.583258148,49.561079703],[31.583380244,49.561040576],[31.583719963,49.560931323],[31.584079341,49.560776281],[31.584439836,49.560620797],[31.584771413,49.560474171],[31.585475099,49.560163236],[31.586022266,49.559921384],[31.58618991,49.55984061],[31.586908761,49.559493924],[31.58692815,49.559484541],[31.587544094,49.559296991]]]]},"id":"438"},{"type":"Feature","properties":{"id":"439"},"geometry":{"type":"MultiPolygon","coordinates":[[[[31.586273525,49.557380081],[31.586247632,49.557337707],[31.585540013,49.557609861],[31.584791874,49.557897506],[31.584042483,49.558185686],[31.583294464,49.558473231],[31.582546575,49.55876078],[31.581798828,49.559048234],[31.581072774,49.559327405],[31.580374987,49.559595646],[31.579711436,49.559850759],[31.579069316,49.560097581],[31.578427204,49.560344401],[31.577989098,49.560510492],[31.577674376,49.56019328],[31.576951097,49.559604699],[31.576895436,49.559631314],[31.577238582,49.559913866],[31.577608664,49.560218562],[31.577792827,49.560399772],[31.578321276,49.560919994],[31.578863996,49.561454266],[31.579358826,49.56194131],[31.579423035,49.562003224],[31.580004,49.562563512],[31.580062383,49.56261972],[31.580110139,49.562593577],[31.579421258,49.561921307],[31.578033167,49.560548153],[31.578822317,49.560244781],[31.579375328,49.560032223],[31.579972607,49.559802575],[31.580293671,49.559679157],[31.580622095,49.559552829],[31.581306246,49.559289874],[31.581997615,49.559024096],[31.582686765,49.558759106],[31.583397608,49.558485744],[31.584123209,49.558206819],[31.584861343,49.557922963],[31.585618253,49.557631967],[31.586273525,49.557380081]]]]},"id":"439"},{"type":"Feature","properties":{"id":"440"},"geometry":{"type":"MultiPolygon","coordinates":[[[[31.564448346,49.547765077],[31.564415718,49.547816335],[31.565048275,49.5484289],[31.565487892,49.54885442],[31.565924127,49.549276847],[31.566370678,49.549709165],[31.566645723,49.54997546],[31.5668657,49.55018062],[31.567788246,49.551041104],[31.568546888,49.551748684],[31.568586533,49.551785686],[31.570034264,49.553135785],[31.570550708,49.553617461],[31.570818919,49.553867602],[31.571069146,49.554104014],[31.571592693,49.554598871],[31.571857598,49.554849254],[31.572124539,49.555101443],[31.57266657,49.555613707],[31.573242977,49.556158343],[31.57380337,49.556687835],[31.573844242,49.556726471],[31.573898382,49.556691569],[31.573179051,49.556016224],[31.57243379,49.55531648],[31.570868656,49.553846964],[31.570589041,49.553585582],[31.570549532,49.55354858],[31.570031606,49.55306455],[31.569854529,49.552899031],[31.569067092,49.552163002],[31.568140736,49.5512971],[31.568099998,49.55125901],[31.567170024,49.550389695],[31.56670336,49.549953354],[31.566245013,49.549508537],[31.565345792,49.548635961],[31.564448346,49.547765077]]]]},"id":"440"},{"type":"Feature","properties":{"id":"441"},"geometry":{"type":"MultiPolygon","coordinates":[[[[31.572507215,49.541349575],[31.572407262,49.541338344],[31.571455874,49.54208697],[31.570995531,49.542449129],[31.57063592,49.542723353],[31.56997264,49.543229003],[31.569329237,49.543719605],[31.569272729,49.54376267],[31.568711333,49.544184158],[31.568093844,49.544647718],[31.567703868,49.544940572],[31.567476383,49.545109936],[31.566857402,49.545570515],[31.566238562,49.54603118],[31.565709978,49.5464246],[31.565619572,49.546491752],[31.565054973,49.546910949],[31.565006865,49.546948325],[31.565022019,49.546965256],[31.565029106,49.547173019],[31.564765261,49.547407539],[31.564398226,49.547733564],[31.564365504,49.547775642],[31.564415718,49.547816335],[31.564448346,49.547765077],[31.564820999,49.547434058],[31.565003728,49.54727172],[31.565098756,49.547187249],[31.565090639,49.546953313],[31.56595924,49.546307987],[31.567528686,49.545141914],[31.568763549,49.544213618],[31.569831604,49.543402384],[31.571048464,49.542478057],[31.572440304,49.541417644],[31.572507215,49.541349575]]]]},"id":"441"},{"type":"Feature","properties":{"id":"442"},"geometry":{"type":"MultiPolygon","coordinates":[[[[31.58131511,49.549694953],[31.581214975,49.549552181],[31.580752453,49.549117107],[31.580766682,49.549080441],[31.580761832,49.549022415],[31.580840477,49.548527434],[31.580866039,49.548365791],[31.581188367,49.54806733],[31.581893823,49.547469158],[31.582857853,49.546883654],[31.582998182,49.546746753],[31.583100584,49.546620696],[31.583400598,49.546656337],[31.58364754,49.546685723],[31.584189121,49.546750157],[31.584479213,49.546784643],[31.585176879,49.54686767],[31.585865867,49.546949639],[31.586582694,49.547034963],[31.587394946,49.547131467],[31.588184036,49.547225349],[31.588973268,49.547319235],[31.589770353,49.54741399],[31.589778093,49.547369272],[31.588660848,49.547236396],[31.587535193,49.547102545],[31.586187422,49.546942198],[31.585130858,49.546816509],[31.58412049,49.546696296],[31.58313452,49.546578971],[31.583073422,49.546557984],[31.582934243,49.546729248],[31.582860565,49.546819922],[31.581842437,49.547438813],[31.581132619,49.548040719],[31.580799185,49.548349528],[31.580691202,49.549030035],[31.580708943,49.549078997],[31.580663814,49.549098063],[31.580690313,49.549136392],[31.581154443,49.549574629],[31.581249744,49.54971121],[31.58131511,49.549694953]]]]},"id":"442"},{"type":"Feature","properties":{"id":"443"},"geometry":{"type":"MultiPolygon","coordinates":[[[[31.580550188,49.542204054],[31.58129535,49.542292691],[31.58221738,49.542402426],[31.583124946,49.542510411],[31.583369179,49.542535995],[31.584155363,49.54261838],[31.58425232,49.542627418],[31.585001718,49.542697101],[31.586021053,49.542791927],[31.587954748,49.54297173],[31.588829679,49.543053072],[31.589669015,49.543131162],[31.590516907,49.54320995],[31.59052506,49.543165321],[31.589061214,49.543029239],[31.587526482,49.54288653],[31.587457923,49.542880144],[31.585890158,49.542734309],[31.584330418,49.542589194],[31.584167516,49.542574063],[31.583137113,49.542466183],[31.583068983,49.542459174],[31.580495195,49.542152545],[31.579574803,49.542042858],[31.579557988,49.54208592],[31.580550188,49.542204054]]]]},"id":"443"},{"type":"Feature","properties":{"id":"444"},"geometry":{"type":"MultiPolygon","coordinates":[[[[31.567979,49.442477],[31.568792,49.442102],[31.569373,49.441757],[31.569471,49.441712],[31.57001,49.441461],[31.570705,49.441132],[31.572273,49.440391],[31.573207,49.439952],[31.573827,49.439658],[31.57498,49.439099],[31.575374,49.438907],[31.576179,49.438396],[31.576446,49.438227],[31.576805,49.438061],[31.578033,49.437489],[31.578194,49.437421],[31.57966,49.436903],[31.579716,49.436832],[31.578163,49.437381],[31.577993,49.437453],[31.577388,49.437734],[31.576766,49.438024],[31.576397,49.438195],[31.576137,49.43836],[31.575549,49.438735],[31.57534,49.438868],[31.574941,49.439061],[31.573791,49.43962],[31.573518,49.439752],[31.573177,49.439912],[31.57252,49.440219],[31.572236,49.440352],[31.571715,49.440599],[31.570656,49.4411],[31.569974,49.441423],[31.569432,49.441675],[31.569335,49.44172],[31.568765,49.442061],[31.567956,49.442435],[31.567979,49.442477]]]]},"id":"444"},{"type":"Feature","properties":{"id":"445"},"geometry":{"type":"MultiPolygon","coordinates":[[[[31.641233054,49.467263949],[31.641270364,49.467213157],[31.640229783,49.46735072],[31.638959826,49.467611369],[31.63784258,49.467636215],[31.637502034,49.46756067],[31.637986339,49.467455391],[31.639024821,49.467255704],[31.639633123,49.46692359],[31.640031959,49.466845272],[31.640467659,49.466946615],[31.640986939,49.466639643],[31.641872215,49.466419365],[31.642189454,49.465972694],[31.641519547,49.465212339],[31.641286516,49.464731815],[31.641171343,49.464169983],[31.64119356,49.463956062],[31.641441852,49.463594292],[31.641999985,49.46380147],[31.641956475,49.464183913],[31.641654371,49.464522535],[31.641850073,49.465103033],[31.642549272,49.465496658],[31.642822748,49.465138217],[31.643777258,49.463847022],[31.644069298,49.463451043],[31.64479995,49.4624727],[31.645361301,49.461708628],[31.645985468,49.460884584],[31.646778132,49.459809673],[31.647258415,49.459199013],[31.647177514,49.45920327],[31.6467164,49.4597897],[31.645936183,49.460847719],[31.64592346,49.46086489],[31.645681476,49.461184367],[31.645299292,49.461688925],[31.645084808,49.461980997],[31.644737789,49.462453176],[31.644629885,49.462597684],[31.644338224,49.462988179],[31.644008002,49.463430449],[31.64400715,49.46343143],[31.64371511,49.463827498],[31.643638532,49.463931056],[31.643239839,49.46447037],[31.642760736,49.465118432],[31.642527074,49.465424737],[31.641912579,49.46507877],[31.641727494,49.464529998],[31.642024111,49.464197542],[31.642046754,49.463998816],[31.64207202,49.463776467],[31.641521703,49.463572229],[31.641409996,49.463530664],[31.641241258,49.463776502],[31.641125615,49.463945041],[31.641102068,49.464171452],[31.641218892,49.464741653],[31.641347522,49.465006775],[31.641456044,49.46523048],[31.641854171,49.465682471],[31.642111874,49.465974902],[31.642018251,49.466106739],[31.641821372,49.46638392],[31.641810702,49.466386541],[31.641188145,49.46654151],[31.640950228,49.466600711],[31.640677422,49.466761869],[31.640451868,49.466895249],[31.640033756,49.466797993],[31.639655685,49.466872241],[31.639599609,49.466883242],[31.63901821,49.467200712],[31.638991597,49.467215265],[31.637965704,49.467412528],[31.63774495,49.467460426],[31.636308008,49.467015501],[31.633783015,49.466233604],[31.633739754,49.466269871],[31.634600339,49.466536347],[31.635360498,49.466771671],[31.636064964,49.466989766],[31.63672195,49.467193122],[31.637417094,49.467408351],[31.637651332,49.467480857],[31.637439705,49.467526847],[31.637415888,49.467579357],[31.637832263,49.467681453],[31.638395784,49.467668931],[31.638971596,49.46765605],[31.640100186,49.46742447],[31.640247097,49.467394279],[31.641233054,49.467263949]]]]},"id":"445"},{"type":"Feature","properties":{"id":"446"},"geometry":{"type":"MultiPolygon","coordinates":[[[[31.628908,49.470179],[31.628956,49.470212],[31.629496,49.469743],[31.629873,49.469416],[31.630316,49.469031],[31.630365,49.468991],[31.630804,49.468626],[31.631614,49.467954],[31.631733,49.46786],[31.63178,49.467824],[31.632626,49.467158],[31.633525,49.46645],[31.63374,49.46627],[31.633783,49.466234],[31.634171055759168,49.465908953220236],[31.634171,49.465909],[31.634556,49.465586],[31.634939,49.465264],[31.635235,49.465017],[31.635332,49.464941],[31.635742,49.464622],[31.635635,49.464635],[31.63518,49.464989],[31.634943,49.465188],[31.634609,49.465468],[31.63393,49.466037],[31.633672,49.466254],[31.63347,49.466422],[31.633329,49.466534],[31.632472,49.467209],[31.632243,49.467389],[31.63219,49.46743],[31.632154,49.467459],[31.631813,49.467727],[31.631643,49.467861],[31.631559,49.467927],[31.631293,49.468147],[31.63054,49.468772],[31.630414,49.468876],[31.630277,49.46899],[31.630128,49.46912],[31.629957,49.469269],[31.629826,49.469383],[31.629452,49.469708],[31.628908,49.470179]]]]},"id":"446"},{"type":"Feature","properties":{"id":"447"},"geometry":{"type":"MultiPolygon","coordinates":[[[[31.6268996,49.497605967],[31.62639363,49.500578847],[31.627411943,49.500570162],[31.627845558,49.49802249],[31.6268996,49.497605967]]]]},"id":"447"},{"type":"Feature","properties":{"id":"448"},"geometry":{"type":"MultiPolygon","coordinates":[[[[31.639584,49.469508],[31.637863,49.469547],[31.63714,49.469604],[31.63672,49.470124],[31.637367,49.470119],[31.638515,49.470011],[31.639294,49.469898],[31.639584,49.469508]]]]},"id":"448"},{"type":"Feature","properties":{"id":"449"},"geometry":{"type":"MultiPolygon","coordinates":[[[[31.639620271,49.43381669],[31.636678619,49.432962982],[31.635479742,49.432680948],[31.634731225,49.432598282],[31.634974342,49.432712962],[31.635641309,49.433043891],[31.636907883,49.433736442],[31.637533422,49.434112375],[31.638381545,49.434704919],[31.640055322,49.433928979],[31.639620271,49.43381669]]]]},"id":"449"},{"type":"Feature","properties":{"id":"450"},"geometry":{"type":"MultiPolygon","coordinates":[[[[31.518800804,49.480396435],[31.519185112,49.480722495],[31.520117648,49.480394481],[31.520427143,49.480285706],[31.520042955,49.479959561],[31.518800804,49.480396435]]]]},"id":"450"},{"type":"Feature","properties":{"id":"451"},"geometry":{"type":"MultiPolygon","coordinates":[[[[31.603471,49.430903],[31.603452,49.430894],[31.601995,49.430186],[31.601464,49.430636],[31.602913,49.431339],[31.603471,49.430903]]]]},"id":"451"},{"type":"Feature","properties":{"id":"452"},"geometry":{"type":"MultiPolygon","coordinates":[[[[31.448404974,49.625604605],[31.448823614,49.625588697],[31.448944992,49.625711542],[31.450148172,49.625200246],[31.449926048,49.624983259],[31.449909984,49.624965],[31.448404974,49.625604605]]]]},"id":"452"},{"type":"Feature","properties":{"id":"453"},"geometry":{"type":"MultiPolygon","coordinates":[[[[31.652595817,49.445120998],[31.65291631,49.445384821],[31.653025187,49.445524447],[31.653726487,49.445127577],[31.654199044,49.444888626],[31.654912956,49.444680037],[31.654457308,49.444465312],[31.654097,49.44431098],[31.652480058,49.445060711],[31.652595817,49.445120998]]]]},"id":"453"},{"type":"Feature","properties":{"id":"454"},"geometry":{"type":"MultiPolygon","coordinates":[[[[31.583533189,49.520122356],[31.583916679,49.520035666],[31.584372569,49.519711086],[31.584306343,49.519419244],[31.583943916,49.519236095],[31.58386488,49.518823754],[31.583452928,49.518653074],[31.583323747,49.520162599],[31.583504971,49.520161156],[31.583533189,49.520122356]]]]},"id":"454"},{"type":"Feature","properties":{"id":"455"},"geometry":{"type":"MultiPolygon","coordinates":[[[[31.420487748,49.631341635],[31.418487643,49.631646383],[31.41886682,49.632696432],[31.41900643164836,49.632675127569364],[31.421675763,49.632268396],[31.421206198,49.632131035],[31.420770503,49.631920806],[31.420603391,49.631627206],[31.420487748,49.631341635]]]]},"id":"455"},{"type":"Feature","properties":{"id":"456"},"geometry":{"type":"MultiPolygon","coordinates":[[[[31.591835783,49.516843794],[31.591747914,49.516838253],[31.591738121,49.516837632],[31.591535556,49.518758661],[31.592885343,49.518844335],[31.592951334,49.518218522],[31.592857122,49.51819737],[31.592258764,49.517799753],[31.592174042,49.517705934],[31.592109693,49.517355041],[31.591804514,49.51721957],[31.591835783,49.516843794]]]]},"id":"456"},{"type":"Feature","properties":{"id":"457"},"geometry":{"type":"MultiPolygon","coordinates":[[[[31.662058053,49.445037],[31.662879344,49.445079645],[31.663016817,49.442997469],[31.66142583,49.4429149],[31.661938792,49.44355441],[31.662209471,49.443992466],[31.662474243,49.444348114],[31.662528164,49.444575006],[31.662509248,49.444705515],[31.662412629,49.444824219],[31.662123582,49.444995306],[31.662058053,49.445037]]]]},"id":"457"},{"type":"Feature","properties":{"id":"458"},"geometry":{"type":"MultiPolygon","coordinates":[[[[31.601184,49.429793],[31.599836,49.429122],[31.599553,49.429508],[31.601548,49.430492],[31.60194,49.43016],[31.601184,49.429793]]]]},"id":"458"},{"type":"Feature","properties":{"id":"459"},"geometry":{"type":"MultiPolygon","coordinates":[[[[31.44767302,49.627244048],[31.4478022,49.627410368],[31.447868615,49.62749593],[31.449063309,49.627104609],[31.448926362,49.62694966],[31.448859097,49.626855557],[31.44767302,49.627244048]]]]},"id":"459"},{"type":"Feature","properties":{"id":"460"},"geometry":{"type":"MultiPolygon","coordinates":[[[[31.386838245,49.612751289],[31.385289186,49.612949362],[31.385667881,49.614199384],[31.385815144,49.614173132],[31.386765482,49.614375539],[31.386830457,49.612953076],[31.386838245,49.612751289]]]]},"id":"460"},{"type":"Feature","properties":{"id":"461"},"geometry":{"type":"MultiPolygon","coordinates":[[[[31.650269528,49.434805038],[31.650118483,49.43481061],[31.649644689,49.435030315],[31.651015073,49.436287187],[31.651720649,49.435959988],[31.651531839,49.435858462],[31.650633235,49.435335746],[31.650650702,49.43532185],[31.650322848,49.434874633],[31.650282803,49.434822365],[31.650269528,49.434805038]]]]},"id":"461"},{"type":"Feature","properties":{"id":"462"},"geometry":{"type":"MultiPolygon","coordinates":[[[[31.58479589,49.521855643],[31.584792708,49.521900574],[31.584265129,49.521884334],[31.584246049,49.522300136],[31.586225006,49.522283784],[31.58625089,49.522087667],[31.586291017,49.521704883],[31.584810677,49.521717114],[31.58479589,49.521855643]]]]},"id":"462"},{"type":"Feature","properties":{"id":"463"},"geometry":{"type":"MultiPolygon","coordinates":[[[[31.612779,49.437719],[31.61295,49.437665],[31.613085,49.435973],[31.612917,49.435986],[31.612909,49.436088],[31.6129,49.436197],[31.612891,49.436308],[31.612882,49.436422],[31.612873,49.436538],[31.612864,49.436657],[31.612854,49.436777],[31.612844,49.4369],[31.612779,49.437719]]]]},"id":"463"},{"type":"Feature","properties":{"id":"464"},"geometry":{"type":"MultiPolygon","coordinates":[[[[31.578642,49.433214],[31.578867,49.433705],[31.579139,49.434065],[31.579043,49.434217],[31.578248,49.4345],[31.578242,49.434586],[31.577882,49.434775],[31.577643,49.434813],[31.57734,49.434819],[31.576952,49.434825],[31.576436,49.434975],[31.576326,49.435007],[31.576445,49.435133],[31.57664,49.43521],[31.576646,49.435212],[31.579027,49.435051],[31.580001,49.434985],[31.578631,49.432906],[31.578596,49.43294],[31.578642,49.433214]]]]},"id":"464"},{"type":"Feature","properties":{"id":"465"},"geometry":{"type":"MultiPolygon","coordinates":[[[[31.570835608,49.512283527],[31.570602036,49.514171506],[31.571244137,49.514202825],[31.571294555,49.513936278],[31.571090244,49.513932123],[31.571264897,49.51302279],[31.571284392,49.512305883],[31.570835608,49.512283527]]]]},"id":"465"},{"type":"Feature","properties":{"id":"466"},"geometry":{"type":"MultiPolygon","coordinates":[[[[31.606133194,49.506303097],[31.606271178,49.50520928],[31.601907131,49.505065785],[31.601889669,49.505220395],[31.601795811,49.506160976],[31.603195191,49.506211844],[31.606045984,49.506300713],[31.606133194,49.506303097]]]]},"id":"466"},{"type":"Feature","properties":{"id":"467"},"geometry":{"type":"MultiPolygon","coordinates":[[[[31.589945256,49.492235789],[31.589936107,49.492327344],[31.589921638,49.492371197],[31.589904822,49.492421956],[31.589778363,49.493294833],[31.589644035,49.494449977],[31.592703616,49.494632999],[31.592994025,49.492496217],[31.589945256,49.492235789]]]]},"id":"467"},{"type":"Feature","properties":{"id":"468"},"geometry":{"type":"MultiPolygon","coordinates":[[[[31.578932,49.437819],[31.578447,49.438401],[31.579605,49.43862],[31.580151,49.438755],[31.58017,49.43876],[31.581318,49.437347],[31.579447,49.437171],[31.578932,49.437819]]]]},"id":"468"},{"type":"Feature","properties":{"id":"469"},"geometry":{"type":"MultiPolygon","coordinates":[[[[31.613492,49.437497],[31.613687,49.437436],[31.613804,49.435977],[31.613615,49.435955],[31.613492,49.437497]]]]},"id":"469"},{"type":"Feature","properties":{"id":"470"},"geometry":{"type":"MultiPolygon","coordinates":[[[[31.628893681,49.458245375],[31.628956924,49.459098776],[31.629267108,49.459085294],[31.629250178,49.458857321],[31.629228368,49.458562053],[31.629189401,49.458036034],[31.628893681,49.458245375]]]]},"id":"470"},{"type":"Feature","properties":{"id":"471"},"geometry":{"type":"MultiPolygon","coordinates":[[[[31.616269504,49.45304821],[31.616289229,49.453101508],[31.616669168,49.453380261],[31.617217911,49.4530604],[31.616698656,49.452798018],[31.616269504,49.45304821]]]]},"id":"471"},{"type":"Feature","properties":{"id":"472"},"geometry":{"type":"MultiPolygon","coordinates":[[[[31.574451492,49.518138003],[31.574428759,49.51812757],[31.574169502,49.518129624],[31.574081108,49.519161123],[31.574076494,49.519215396],[31.573989057,49.520233326],[31.574586742,49.520228763],[31.574751433,49.518307636],[31.574451492,49.518138003]]]]},"id":"472"},{"type":"Feature","properties":{"id":"473"},"geometry":{"type":"MultiPolygon","coordinates":[[[[31.616477,49.436274],[31.616451,49.436265],[31.615724,49.437259],[31.615926,49.43726],[31.616759,49.436386],[31.616477,49.436274]]]]},"id":"473"},{"type":"Feature","properties":{"id":"474"},"geometry":{"type":"MultiPolygon","coordinates":[[[[31.607483625411927,49.51889485845557],[31.607526466199467,49.518550682240196],[31.607524882,49.518550635],[31.606480805,49.518519742],[31.603867840211258,49.51846421422202],[31.603825092315617,49.518769485939615],[31.603808999061524,49.51893316666021],[31.607483625411927,49.51889485845557]]]]},"id":"474"},{"type":"Feature","properties":{"id":"475"},"geometry":{"type":"MultiPolygon","coordinates":[[[[31.588144898414534,49.514687738467565],[31.587352659255433,49.514635606980804],[31.587269060625196,49.51542933180042],[31.587200760841295,49.51609131293137],[31.58715248107902,49.516547553027735],[31.58795177936546,49.51659631125958],[31.588144898414534,49.514687738467565]]]]},"id":"475"},{"type":"Feature","properties":{"id":"476"},"geometry":{"type":"MultiPolygon","coordinates":[[[[31.587978601455614,49.516599793988576],[31.58795177936546,49.51659631125958],[31.58715248107902,49.516547553027735],[31.587056985422333,49.51743994048915],[31.586976722,49.518199552],[31.586953829540636,49.518418031842785],[31.586948893539255,49.51846738075994],[31.587527335072355,49.51850413769585],[31.58777475357048,49.518518739943445],[31.587978601455614,49.516599793988576]]]]},"id":"476"},{"type":"Feature","properties":{"id":"477"},"geometry":{"type":"MultiPolygon","coordinates":[[[[31.566951431,49.436454709],[31.566426549,49.435901991],[31.56635643,49.435985488],[31.566169273,49.436163722],[31.566378429,49.43645395],[31.566552521,49.436689136],[31.566951431,49.436454709]]]]},"id":"477"},{"type":"Feature","properties":{"id":"478"},"geometry":{"type":"MultiPolygon","coordinates":[[[[31.566899855,49.43715849],[31.56736189,49.436886999],[31.566951362,49.436454709],[31.566552466,49.436689109],[31.566899855,49.43715849]]]]},"id":"478"},{"type":"Feature","properties":{"id":"479"},"geometry":{"type":"MultiPolygon","coordinates":[[[[31.567205203,49.437570988],[31.567722773,49.437266933],[31.567361835,49.436887008],[31.566899896,49.437158508],[31.567205203,49.437570988]]]]},"id":"479"},{"type":"Feature","properties":{"id":"480"},"geometry":{"type":"MultiPolygon","coordinates":[[[[31.616152524948063,49.43616281113328],[31.61602914333337,49.436120949673374],[31.615836024284302,49.43611048430281],[31.615374756446606,49.43725799390415],[31.615376,49.437258],[31.615544,49.437258],[31.61554643413296,49.437258013522964],[31.616152524948063,49.43616281113328]]]]},"id":"480"},{"type":"Feature","properties":{"id":"481"},"geometry":{"type":"MultiPolygon","coordinates":[[[[31.639271194,49.46992934],[31.638522474,49.470037143],[31.637370045,49.470145439],[31.63609957,49.470155732],[31.635282381,49.469997938],[31.633911512,49.469496298],[31.633058207,49.468986109],[31.631811596,49.467896704],[31.631796819717028,49.467913847886244],[31.631797,49.467914],[31.631796988636065,49.467914013245256],[31.632037567,49.468124267],[31.632037678977635,49.46812436486687],[31.632038,49.468124],[31.632145319802166,49.468218441425904],[31.632263375,49.46832162],[31.632263390831067,49.46832163382916],[31.632263403,49.46832162],[31.632341137522754,49.4683895491375],[31.632465828,49.468498472],[31.63253295852848,49.46855712085962],[31.632532958528582,49.46855712085971],[31.632643934002175,49.4686540750342],[31.632644,49.468654],[31.632826,49.468813],[31.6328258294535,49.468813193812544],[31.632826016,49.468813357],[31.633012985,49.468976603],[31.63303120277044,49.46899259059764],[31.633037642,49.468998217],[31.633063008186266,49.46901338262158],[31.633228176,49.469112097],[31.633434187,49.469235293],[31.633585063,49.469325535],[31.633771564,49.469436982],[31.633895258,49.469510919],[31.633970649,49.469538552],[31.634185745,49.469617219],[31.634367616372703,49.46968381680914],[31.634397514,49.469694757],[31.63439750932374,49.46969476303458],[31.634397542,49.469694775],[31.634606867,49.469771336],[31.634783100291227,49.46983581986096],[31.634785216,49.469836594],[31.634989474,49.469911406],[31.634989496394915,49.469911414188694],[31.634989515,49.469911388],[31.635104704610324,49.469953540021685],[31.63519155,49.469985295],[31.63527161,49.470014585],[31.635403605,49.47004011],[31.635622648,49.470082391],[31.635646256323184,49.47008695102527],[31.63584252,49.470124851],[31.636062736016193,49.47016737154451],[31.636063,49.470167],[31.636085950815712,49.470171868354846],[31.636095798,49.470173772],[31.636276309057443,49.47017229897116],[31.636308,49.470172],[31.63630797117984,49.47017204059795],[31.636308167,49.470172039],[31.636550440413004,49.47017007327251],[31.636550447,49.470170064],[31.636628509215825,49.470169431816515],[31.636785608,49.470168141],[31.63678590141506,49.47016813869282],[31.636786,49.470168],[31.637014,49.470166],[31.63701375354856,49.470166347043865],[31.637014395,49.470166342],[31.637015310421845,49.47016633442184],[31.637125891,49.470165419],[31.637237387,49.470164496],[31.637237387,49.470164496],[31.637238200968444,49.4701644896063],[31.637372192,49.470163401],[31.637463613,49.470154814],[31.637575565411993,49.470144292920374],[31.637695034,49.470133023],[31.637834202383072,49.47011998813517],[31.637922649,49.470111677],[31.63805308687951,49.47009941992211],[31.638146401,49.470090632],[31.638354276634683,49.470071119048505],[31.638366,49.47007],[31.638365985862617,49.47007001992211],[31.638366480070633,49.4700699735316],[31.638366484,49.470069968],[31.638382683270894,49.4700684462924],[31.638527408,49.470054805],[31.638584669,49.4700466],[31.638804182,49.470014967],[31.638968556845626,49.46999133447409],[31.639018841,49.469984094],[31.63901883228748,49.46998410626543],[31.639018855,49.469984103],[31.639255786,49.469949993],[31.639271194,49.46992934]]]]},"id":"481"},{"type":"Feature","properties":{"id":"482"},"geometry":{"type":"MultiPolygon","coordinates":[[[[31.383748059,49.616808906],[31.381216236,49.61713257],[31.381363933992365,49.6176204319748],[31.381363934,49.617620432],[31.38151457806102,49.61760117512205],[31.383871516,49.617299887],[31.383748059,49.616808906]]]]},"id":"482"},{"type":"Feature","properties":{"id":"483"},"geometry":{"type":"MultiPolygon","coordinates":[[[[31.444078087806627,49.621286326588155],[31.445167064666677,49.62049395901425],[31.444947123527456,49.620368847166816],[31.444904208183218,49.62034104449043],[31.444700360298082,49.62022288293881],[31.444646716117784,49.62019160483307],[31.443552374839708,49.62098745261323],[31.444078087806627,49.621286326588155]]]]},"id":"483"},{"type":"Feature","properties":{"id":"484"},"geometry":{"type":"MultiPolygon","coordinates":[[[[31.610967,49.518625],[31.609015,49.518595],[31.607594,49.518553],[31.607541,49.518976],[31.610928,49.518962],[31.610967,49.518625]]]]},"id":"484"},{"type":"Feature","properties":{"id":"485"},"geometry":{"type":"MultiPolygon","coordinates":[[[[31.441814303398072,49.622565208472864],[31.442779898643437,49.62185626722654],[31.44272625446314,49.621821514939455],[31.442490220069825,49.621682505543205],[31.441519260406437,49.62239492450692],[31.441814303398072,49.622565208472864]]]]},"id":"485"},{"type":"Feature","properties":{"id":"486"},"geometry":{"type":"MultiPolygon","coordinates":[[[[31.441224217414803,49.62222463994586],[31.44219517707819,49.62151569374422],[31.44217371940607,49.6215017927352],[31.44189476966852,49.62134193084635],[31.440929174423157,49.62205435478968],[31.441224217414803,49.62222463994586]]]]},"id":"486"},{"type":"Feature","properties":{"id":"487"},"geometry":{"type":"MultiPolygon","coordinates":[[[[31.441519260406437,49.62239492450692],[31.442490220069825,49.621682505543205],[31.44244730472559,49.62166165409956],[31.44219517707819,49.62151569374422],[31.441224217414803,49.62222463994586],[31.441519260406437,49.62239492450692]]]]},"id":"487"},{"type":"Feature","properties":{"id":"488"},"geometry":{"type":"MultiPolygon","coordinates":[[[[31.440929174423157,49.62205435478968],[31.44189476966852,49.62134193084635],[31.441621184349003,49.621182068433015],[31.441599726676884,49.62117511788141],[31.44067168235773,49.621852791998954],[31.440655589103645,49.621897969938345],[31.440929174423157,49.62205435478968]]]]},"id":"488"},{"type":"Feature","properties":{"id":"489"},"geometry":{"type":"MultiPolygon","coordinates":[[[[31.56523346900934,49.55544464488217],[31.567540168762147,49.55418836249932],[31.566826701164185,49.55357586962001],[31.56675159931177,49.55366287191749],[31.56694471836084,49.55386819672508],[31.5669554471969,49.55392735795013],[31.566923260688725,49.55404220012361],[31.566896438598572,49.55416748218671],[31.566805243492066,49.554299724015806],[31.56649410724634,49.55441804534885],[31.566365361213627,49.55440760524276],[31.56628489494318,49.55435540467882],[31.56625807285303,49.55435192463924],[31.565383672714173,49.55479736768997],[31.56518518924707,49.55482172773965],[31.564986705779972,49.55480084769781],[31.564857959747258,49.554804327705405],[31.564573645591672,49.55491568781745],[31.56523346900934,49.55544464488217]]]]},"id":"489"},{"type":"Feature","properties":{"id":"490"},"geometry":{"type":"MultiPolygon","coordinates":[[[[31.55634462833399,49.53404515312655],[31.556607484817448,49.53367611417679],[31.554713845252927,49.53309817965689],[31.554628014564454,49.533220033889236],[31.55444562435144,49.533470704497674],[31.55634462833399,49.53404515312655]]]]},"id":"490"},{"type":"Feature","properties":{"id":"491"},"geometry":{"type":"MultiPolygon","coordinates":[[[[31.579895976,49.532338326],[31.580079228,49.531281144],[31.579469641,49.531286903],[31.576801196,49.531322101],[31.576679855,49.532022359],[31.576664356,49.532111886],[31.579895976,49.532338326]]]]},"id":"491"},{"type":"Feature","properties":{"id":"492"},"geometry":{"type":"MultiPolygon","coordinates":[[[[31.528905630111634,49.49746193848649],[31.528943181037846,49.49735044743111],[31.526454091072026,49.4967825359258],[31.526416540145814,49.496890544142886],[31.528905630111634,49.49746193848649]]]]},"id":"492"},{"type":"Feature","properties":{"id":"493"},"geometry":{"type":"MultiPolygon","coordinates":[[[[31.52885198593134,49.497569945204184],[31.528905630111634,49.49746890666902],[31.528905630111634,49.49746193848649],[31.526416540145814,49.496890544142886],[31.52637362480158,49.49699855212162],[31.52885198593134,49.497569945204184]]]]},"id":"493"},{"type":"Feature","properties":{"id":"494"},"geometry":{"type":"MultiPolygon","coordinates":[[[[31.528943181037846,49.49735044743111],[31.528980731964054,49.49723895612174],[31.52649700641626,49.496674527470354],[31.526454091072026,49.4967825359258],[31.528943181037846,49.49735044743111]]]]},"id":"494"},{"type":"Feature","properties":{"id":"495"},"geometry":{"type":"MultiPolygon","coordinates":[[[[31.586820307,49.55783163],[31.58702123,49.558175606],[31.587547523,49.559142638],[31.587630644671734,49.55913087057073],[31.58783569940554,49.55910184123308],[31.587838689,49.559101418],[31.587841595,49.558863709],[31.587955902,49.558246633],[31.588000413,49.557972028],[31.587986090339683,49.55797032402353],[31.587980902750502,49.557969706852575],[31.586911573523004,49.55784286624015],[31.586820307,49.55783163]]]]},"id":"495"}]}