{"type":"FeatureCollection","name":"25_лес_50_5","crs":{"type":"name","properties":{"name":"urn:ogc:def:crs:OGC:1.3:CRS84"}},"features":[{"type":"Feature","properties":{"id":"1"},"geometry":{"type":"MultiPolygon","coordinates":[[[[31.398258586,49.640800371],[31.398248598,49.640829916],[31.39880274,49.640763968],[31.399306218,49.64078008],[31.399737394,49.640731418],[31.40011964,49.640730482],[31.400601651,49.640790904],[31.401066578,49.640886239],[31.401339977,49.640932318],[31.401463645,49.640642697],[31.401526074,49.640484113],[31.398582824,49.640167232],[31.398405278,49.64046644],[31.398258586,49.640800371]]]]},"id":"1"},{"type":"Feature","properties":{"id":"2"},"geometry":{"type":"MultiPolygon","coordinates":[[[[31.404290434,49.661863274],[31.405036504,49.661526926],[31.404388022,49.660181522],[31.403555969,49.660350589],[31.404290434,49.661863274]]]]},"id":"2"},{"type":"Feature","properties":{"id":"3"},"geometry":{"type":"MultiPolygon","coordinates":[[[[31.59468142,49.450535142],[31.594214098,49.450301767],[31.593785954,49.450738534],[31.594263216,49.450961769],[31.59468142,49.450535142]]]]},"id":"3"},{"type":"Feature","properties":{"id":"4"},"geometry":{"type":"MultiPolygon","coordinates":[[[[31.627773133,49.46634882],[31.627969324,49.466338893],[31.628200909,49.466327182],[31.628432509,49.466315471],[31.628538708,49.466310093],[31.628450977,49.46557349],[31.627795199,49.46627147],[31.627773133,49.46634882]]]]},"id":"4"},{"type":"Feature","properties":{"id":"5"},"geometry":{"type":"MultiPolygon","coordinates":[[[[31.621024343,49.509977057],[31.62088531,49.511223644],[31.620745148,49.512479933],[31.620696952,49.512911425],[31.620597495,49.51373096],[31.620445691,49.514981712],[31.620293935,49.516232464],[31.620142088,49.51748309],[31.620079706,49.51799683],[31.619962191,49.518934455],[31.619874826,49.519630985],[31.619827287,49.520009518],[31.619800215,49.520240925],[31.619742552,49.52073291],[31.619675999,49.521300782],[31.619745437,49.521299244],[31.619896142,49.520013097],[31.62000567,49.519139822],[31.620148545,49.51800041],[31.620335589,49.51645953],[31.620532299,49.514838842],[31.620623204,49.514089781],[31.620765797,49.512914824],[31.620885343,49.511843479],[31.62100687,49.51075441],[31.621093672,49.509976598],[31.621024343,49.509977057]]]]},"id":"5"},{"type":"Feature","properties":{"id":"6"},"geometry":{"type":"MultiPolygon","coordinates":[[[[31.524410946,49.491470728],[31.526887546,49.491036286],[31.526852556,49.490984109],[31.524394231,49.491415472],[31.524410946,49.491470728]]]]},"id":"6"},{"type":"Feature","properties":{"id":"7"},"geometry":{"type":"MultiPolygon","coordinates":[[[[31.520253801,49.483934419],[31.518492933,49.484521901],[31.51856425,49.484655131],[31.520376246,49.484050637],[31.520253801,49.483934419]]]]},"id":"7"},{"type":"Feature","properties":{"id":"8"},"geometry":{"type":"MultiPolygon","coordinates":[[[[31.643691162,49.49777737],[31.643026432,49.497763087],[31.642995604,49.498137448],[31.645521033,49.498186732],[31.645522954,49.49816427],[31.645551854,49.49781229],[31.643691162,49.49777737]]]]},"id":"8"},{"type":"Feature","properties":{"id":"9"},"geometry":{"type":"MultiPolygon","coordinates":[[[[31.605431,49.432766],[31.605562,49.433046],[31.607246,49.432711],[31.60721,49.432248],[31.607094,49.432084],[31.605842,49.432604],[31.605431,49.432766]]]]},"id":"9"},{"type":"Feature","properties":{"id":"10"},"geometry":{"type":"MultiPolygon","coordinates":[[[[31.618983495,49.46078325],[31.619170699,49.46142918],[31.619617391,49.461374134],[31.619437971,49.460754973],[31.618983495,49.46078325]]]]},"id":"10"},{"type":"Feature","properties":{"id":"11"},"geometry":{"type":"MultiPolygon","coordinates":[[[[31.368233554,49.623379541],[31.370428186,49.622776585],[31.36990219,49.622511846],[31.369392923,49.622240093],[31.369212332,49.622156776],[31.369020441,49.621962559],[31.368833651,49.621858681],[31.368622231,49.621809691],[31.36755516,49.621845615],[31.368233554,49.623379541]]]]},"id":"11"},{"type":"Feature","properties":{"id":"12"},"geometry":{"type":"MultiPolygon","coordinates":[[[[31.616323024,49.46355967],[31.616657388,49.464713841],[31.616898853,49.464664703],[31.616569812,49.463529274],[31.616323024,49.46355967]]]]},"id":"12"},{"type":"Feature","properties":{"id":"13"},"geometry":{"type":"MultiPolygon","coordinates":[[[[31.442698481,49.623074072],[31.442846011,49.623159209],[31.443815903,49.622449593],[31.443668373,49.622364475],[31.442698481,49.623074072]]]]},"id":"13"},{"type":"Feature","properties":{"id":"14"},"geometry":{"type":"MultiPolygon","coordinates":[[[[31.52746237,49.451078262],[31.527929278,49.451445275],[31.528245011,49.451743908],[31.52996204,49.451268173],[31.529505352,49.450878894],[31.52746237,49.451078262]]]]},"id":"14"},{"type":"Feature","properties":{"id":"15"},"geometry":{"type":"MultiPolygon","coordinates":[[[[31.563944896,49.533806435],[31.564135536,49.53353878],[31.563635979,49.533394557],[31.56283251,49.533177831],[31.562060726,49.533017016],[31.561932697,49.533195622],[31.563944896,49.533806435]]]]},"id":"15"},{"type":"Feature","properties":{"id":"16"},"geometry":{"type":"MultiPolygon","coordinates":[[[[31.614603708,49.461016239],[31.614876449,49.461957661],[31.615180047,49.461920334],[31.614913669,49.46100062],[31.614603708,49.461016239]]]]},"id":"16"},{"type":"Feature","properties":{"id":"17"},"geometry":{"type":"MultiPolygon","coordinates":[[[[31.60862375,49.545350391],[31.608626835,49.545158095],[31.608596934,49.545039718],[31.607595787,49.545063911],[31.605732716,49.545078652],[31.605685671,49.545369973],[31.60862375,49.545350391]]]]},"id":"17"},{"type":"Feature","properties":{"id":"18"},"geometry":{"type":"MultiPolygon","coordinates":[[[[31.619517543,49.5215222],[31.61933691,49.52271263],[31.620491057,49.522903489],[31.620639095,49.522927989],[31.620696307,49.522941281],[31.620763705,49.52295699],[31.621070845,49.523028474],[31.621610597,49.523299074],[31.62199501,49.52339029],[31.622392198,49.52336975],[31.623010181,49.523244424],[31.622995885,49.522924128],[31.620863284,49.522764979],[31.619479036,49.522458897],[31.619488793,49.522223129],[31.620366758,49.521817465],[31.620243533,49.521534829],[31.619517543,49.5215222]]]]},"id":"18"},{"type":"Feature","properties":{"id":"19"},"geometry":{"type":"MultiPolygon","coordinates":[[[[31.572146591,49.535231676],[31.572187582,49.535195533],[31.571831095,49.535032771],[31.570707555,49.534432302],[31.569924317,49.533991184],[31.569696191,49.533862658],[31.569426973,49.533766443],[31.568808184,49.533636394],[31.568184266,49.533391114],[31.567660146,49.533223609],[31.567057431,49.53307012],[31.567085478,49.532910475],[31.567175246,49.532396092],[31.567271403,49.531836795],[31.567348184,49.531394592],[31.567278398,49.531396008],[31.567180672,49.531958705],[31.56710944,49.53236939],[31.566990891,49.533053129],[31.566917483,49.533034461],[31.564660386,49.532522964],[31.563659443,49.532288991],[31.563645956,49.532285824],[31.56330628,49.53216952],[31.563007396,49.532159001],[31.562580459,49.532054386],[31.561448151,49.531776992],[31.560828282,49.531562006],[31.56083238,49.531614369],[31.561419594,49.531818025],[31.562993003,49.532203479],[31.563287467,49.532213875],[31.563618091,49.532327055],[31.564637344,49.532565298],[31.566893462,49.533076616],[31.567632284,49.533264742],[31.568151056,49.533430857],[31.568779356,49.533677608],[31.569399513,49.533807944],[31.569656527,49.533899743],[31.570662968,49.534466648],[31.571789247,49.535068582],[31.572146591,49.535231676]]]]},"id":"19"},{"type":"Feature","properties":{"id":"20"},"geometry":{"type":"MultiPolygon","coordinates":[[[[31.605926,49.429477],[31.607127,49.430205],[31.607347,49.429751],[31.607264,49.429285],[31.60704,49.428923],[31.606961,49.428795],[31.606801,49.428836],[31.60652,49.429028],[31.606087,49.429338],[31.605926,49.429477]]]]},"id":"20"},{"type":"Feature","properties":{"id":"21"},"geometry":{"type":"MultiPolygon","coordinates":[[[[31.602106,49.452088],[31.601824,49.451947],[31.601121,49.452665],[31.601277,49.452743],[31.601402,49.452806],[31.602106,49.452088]]]]},"id":"21"},{"type":"Feature","properties":{"id":"22"},"geometry":{"type":"MultiPolygon","coordinates":[[[[31.626564142,49.459202889],[31.626516687,49.458562159],[31.626070151,49.458557538],[31.626119372,49.459222228],[31.626564142,49.459202889]]]]},"id":"22"},{"type":"Feature","properties":{"id":"23"},"geometry":{"type":"MultiPolygon","coordinates":[[[[31.526305466,49.496796702],[31.524375749,49.496474983],[31.524342716,49.496616412],[31.52625427,49.496935097],[31.526305466,49.496796702]]]]},"id":"23"},{"type":"Feature","properties":{"id":"24"},"geometry":{"type":"MultiPolygon","coordinates":[[[[31.524410946,49.491470728],[31.52442766,49.491525625],[31.526922274,49.491088005],[31.526887546,49.491036286],[31.524410946,49.491470728]]]]},"id":"24"},{"type":"Feature","properties":{"id":"25"},"geometry":{"type":"MultiPolygon","coordinates":[[[[31.527890387,49.492526428],[31.52787269,49.492500205],[31.527631033,49.492511843],[31.527611281,49.492512837],[31.527384131,49.492523788],[31.527132259,49.492535877],[31.527066075,49.492539093],[31.526880788,49.492547965],[31.526789883,49.49255232],[31.52663002,49.492560053],[31.526513001,49.492565636],[31.52637732,49.492572221],[31.526229617,49.49257925],[31.526118119,49.492584607],[31.525935744,49.492593405],[31.525848552,49.492597614],[31.525614499,49.492608859],[31.525553298,49.492611849],[31.525261494,49.492625849],[31.525239244,49.492626914],[31.524692379,49.492653232],[31.524695857,49.492680052],[31.525399811,49.492646256],[31.525874819,49.492623377],[31.525891272,49.492622618],[31.526268459,49.492604488],[31.52628545,49.492603639],[31.52662686,49.49258718],[31.526642609,49.492586511],[31.526976276,49.492570439],[31.526989554,49.492569735],[31.527306078,49.492554601],[31.527315339,49.49255414],[31.527615161,49.492539666],[31.527619992,49.49253944],[31.527890387,49.492526428]]]]},"id":"25"},{"type":"Feature","properties":{"id":"26"},"geometry":{"type":"MultiPolygon","coordinates":[[[[31.522495839,49.449320473],[31.523175193,49.450591332],[31.524008914,49.450500199],[31.524447539,49.450741102],[31.524899511,49.450636294],[31.524377791,49.448986807],[31.522495839,49.449320473]]]]},"id":"26"},{"type":"Feature","properties":{"id":"27"},"geometry":{"type":"MultiPolygon","coordinates":[[[[31.566557852,49.531410332],[31.56641082,49.531413275],[31.56511204,49.53143353],[31.563804405,49.531453883],[31.563758471,49.531718573],[31.567180672,49.531958705],[31.567278398,49.531396008],[31.566557852,49.531410332]]]]},"id":"27"},{"type":"Feature","properties":{"id":"28"},"geometry":{"type":"MultiPolygon","coordinates":[[[[31.391485636,49.638158898],[31.394152736,49.63890181],[31.394462801,49.638432259],[31.392662243,49.637930727],[31.392366203,49.637948542],[31.391485636,49.638158898]]]]},"id":"28"},{"type":"Feature","properties":{"id":"29"},"geometry":{"type":"MultiPolygon","coordinates":[[[[31.446761264,49.626563774],[31.445791868,49.626881307],[31.446010824,49.627163278],[31.447286052,49.626745508],[31.447284684,49.626743709],[31.446964239,49.626755466],[31.446761264,49.626563774]]]]},"id":"29"},{"type":"Feature","properties":{"id":"30"},"geometry":{"type":"MultiPolygon","coordinates":[[[[31.62149755,49.460628195],[31.621641518,49.461124902],[31.622231841,49.461052234],[31.622098247,49.460591671],[31.62149755,49.460628195]]]]},"id":"30"},{"type":"Feature","properties":{"id":"31"},"geometry":{"type":"MultiPolygon","coordinates":[[[[31.526901775,49.495587894],[31.529254431,49.496125058],[31.529263159,49.496085179],[31.526916207,49.495549318],[31.526901775,49.495587894]]]]},"id":"31"},{"type":"Feature","properties":{"id":"32"},"geometry":{"type":"MultiPolygon","coordinates":[[[[31.61943,49.437669],[31.619204,49.437557],[31.617813,49.437987],[31.618004,49.438103],[31.619468,49.437708],[31.61943,49.437669]]]]},"id":"32"},{"type":"Feature","properties":{"id":"33"},"geometry":{"type":"MultiPolygon","coordinates":[[[[31.526991053,49.491190372],[31.524460565,49.49163425],[31.52449322,49.491741617],[31.527059031,49.491291472],[31.526991053,49.491190372]]]]},"id":"33"},{"type":"Feature","properties":{"id":"34"},"geometry":{"type":"MultiPolygon","coordinates":[[[[31.619437971,49.460754973],[31.619617391,49.461374134],[31.620084271,49.461316638],[31.6199129,49.460725405],[31.619437971,49.460754973]]]]},"id":"34"},{"type":"Feature","properties":{"id":"35"},"geometry":{"type":"MultiPolygon","coordinates":[[[[31.627233412,49.463324631],[31.627399089,49.464716587],[31.627595353,49.464726972],[31.627427135,49.463314762],[31.627312942,49.463320552],[31.627233412,49.463324631]]]]},"id":"35"},{"type":"Feature","properties":{"id":"36"},"geometry":{"type":"MultiPolygon","coordinates":[[[[31.526457,49.496389],[31.524473,49.496058],[31.524441,49.496196],[31.526407,49.496524],[31.526457,49.496389]]]]},"id":"36"},{"type":"Feature","properties":{"id":"37"},"geometry":{"type":"MultiPolygon","coordinates":[[[[31.55575526,49.444442731],[31.556013255,49.44438803],[31.5555226,49.443385249],[31.555264098,49.443438907],[31.55575526,49.444442731]]]]},"id":"37"},{"type":"Feature","properties":{"id":"38"},"geometry":{"type":"MultiPolygon","coordinates":[[[[31.617330615,49.460877239],[31.617548371,49.461628842],[31.617931135,49.461581726],[31.617721135,49.460856919],[31.617330615,49.460877239]]]]},"id":"38"},{"type":"Feature","properties":{"id":"39"},"geometry":{"type":"MultiPolygon","coordinates":[[[[31.647883808,49.502963799],[31.648876391,49.503032722],[31.64935825,49.503119353],[31.649472516,49.501727698],[31.647988117,49.501695166],[31.647883808,49.502963799]]]]},"id":"39"},{"type":"Feature","properties":{"id":"40"},"geometry":{"type":"MultiPolygon","coordinates":[[[[31.525803438,49.448733953],[31.525251224,49.448831881],[31.525762721,49.450448737],[31.526639359,49.450264974],[31.526136275,49.448674896],[31.525803438,49.448733953]]]]},"id":"40"},{"type":"Feature","properties":{"id":"41"},"geometry":{"type":"MultiPolygon","coordinates":[[[[31.518343961,49.484243546],[31.519998184,49.483691672],[31.519864185,49.483564451],[31.518265865,49.484097667],[31.518343961,49.484243546]]]]},"id":"41"},{"type":"Feature","properties":{"id":"42"},"geometry":{"type":"MultiPolygon","coordinates":[[[[31.624232713,49.462099345],[31.624397027,49.461649128],[31.624078351,49.461688348],[31.623815539,49.46172071],[31.624064428,49.46257921],[31.624187742,49.462563954],[31.624232713,49.462099345]]]]},"id":"42"},{"type":"Feature","properties":{"id":"43"},"geometry":{"type":"MultiPolygon","coordinates":[[[[31.524473208,49.496058336],[31.526456557,49.496389042],[31.526506001,49.496255664],[31.526040512618845,49.496178058972106],[31.52449663496583,49.49592203808929],[31.524488746,49.495991834],[31.524473208,49.496058336]]]]},"id":"43"},{"type":"Feature","properties":{"id":"44"},"geometry":{"type":"MultiPolygon","coordinates":[[[[31.524601,49.49499],[31.526837,49.495363],[31.526881,49.495242],[31.524615,49.494864],[31.524601,49.49499]]]]},"id":"44"},{"type":"Feature","properties":{"id":"45"},"geometry":{"type":"MultiPolygon","coordinates":[[[[31.616953543,49.460896861],[31.61717879,49.461674335],[31.617548371,49.461628842],[31.617330615,49.460877239],[31.616953543,49.460896861]]]]},"id":"45"},{"type":"Feature","properties":{"id":"46"},"geometry":{"type":"MultiPolygon","coordinates":[[[[31.526745182,49.495609761],[31.524572127,49.495247514],[31.524557518,49.495378753],[31.526698523,49.495735693],[31.526745182,49.495609761]]]]},"id":"46"},{"type":"Feature","properties":{"id":"47"},"geometry":{"type":"MultiPolygon","coordinates":[[[[31.529211093,49.496323028],[31.528976490573527,49.49626946357638],[31.526830167,49.495779415],[31.526787602,49.495893244],[31.529185335,49.496440694],[31.529211093,49.496323028]]]]},"id":"47"},{"type":"Feature","properties":{"id":"48"},"geometry":{"type":"MultiPolygon","coordinates":[[[[31.526836623,49.495363084],[31.524600836,49.494990413],[31.524586709,49.495118064],[31.526791275,49.495485617],[31.526836623,49.495363084]]]]},"id":"48"},{"type":"Feature","properties":{"id":"49"},"geometry":{"type":"MultiPolygon","coordinates":[[[[31.598322576,49.452319393],[31.598603312,49.452459572],[31.599295245,49.451753633],[31.599156528,49.451684375],[31.599014511,49.451613456],[31.598322576,49.452319393]]]]},"id":"49"},{"type":"Feature","properties":{"id":"50"},"geometry":{"type":"MultiPolygon","coordinates":[[[[31.604514213,49.453290307],[31.604280494,49.453173676],[31.603577107,49.453891416],[31.603621537,49.453913612],[31.603757257,49.453981383],[31.603810841,49.454008139],[31.604030781,49.453783618],[31.604254229,49.453555614],[31.604514213,49.453290307]]]]},"id":"50"},{"type":"Feature","properties":{"id":"51"},"geometry":{"type":"MultiPolygon","coordinates":[[[[31.561767025,49.533320516],[31.561994399,49.533003259],[31.560651719,49.532723515],[31.559820181,49.532545471],[31.559711881,49.532696632],[31.561767025,49.533320516]]]]},"id":"51"},{"type":"Feature","properties":{"id":"52"},"geometry":{"type":"MultiPolygon","coordinates":[[[[31.518551704,49.482318309],[31.517505745,49.482667249],[31.517620599,49.482883912],[31.518750429,49.482506985],[31.518551704,49.482318309]]]]},"id":"52"},{"type":"Feature","properties":{"id":"53"},"geometry":{"type":"MultiPolygon","coordinates":[[[[31.614913683,49.461000656],[31.615180102,49.461920334],[31.615491119,49.461882055],[31.615231146,49.46098466],[31.614913683,49.461000656]]]]},"id":"53"},{"type":"Feature","properties":{"id":"54"},"geometry":{"type":"MultiPolygon","coordinates":[[[[31.602387372,49.452228553],[31.602105687,49.452087898],[31.601402284,49.452805706],[31.601562877,49.452885903],[31.601683984,49.452946281],[31.602387372,49.452228553]]]]},"id":"54"},{"type":"Feature","properties":{"id":"55"},"geometry":{"type":"MultiPolygon","coordinates":[[[[31.652655738446704,49.44617479113407],[31.652391877423092,49.44621767923572],[31.651783698,49.446409997],[31.651538581831353,49.44658503189996],[31.651396751403748,49.446700296954646],[31.651152969350314,49.44687860467217],[31.651071446,49.446951809],[31.65300135,49.447013448],[31.65304286086526,49.44614226114698],[31.652936671626147,49.44614226114698],[31.652655738446704,49.44617479113407]]]]},"id":"55"},{"type":"Feature","properties":{"id":"56"},"geometry":{"type":"MultiPolygon","coordinates":[[[[31.517929821,49.481380439],[31.517885958,49.481324403],[31.517848944,49.48127707],[31.517608232,49.481354952],[31.517856466,49.48159009],[31.519278407,49.481102872],[31.519145093,49.480976603],[31.517929821,49.481380439]]]]},"id":"56"},{"type":"Feature","properties":{"id":"57"},"geometry":{"type":"MultiPolygon","coordinates":[[[[31.598603312,49.452459572],[31.598885996,49.45260072],[31.599577927,49.451894779],[31.599432776,49.451822307],[31.599295245,49.451753633],[31.598603312,49.452459572]]]]},"id":"57"},{"type":"Feature","properties":{"id":"58"},"geometry":{"type":"MultiPolygon","coordinates":[[[[31.547741166,49.521153069],[31.548637413,49.520959046],[31.548472264,49.520822188],[31.54858139,49.520757271],[31.548482008,49.520632731],[31.54563244,49.521117789],[31.546251974,49.521894634],[31.546254158019963,49.52178062399508],[31.546254158019963,49.52139179411513],[31.546261627828727,49.521390685739654],[31.546262152,49.521363323],[31.547741166,49.521153069]]]]},"id":"58"},{"type":"Feature","properties":{"id":"59"},"geometry":{"type":"MultiPolygon","coordinates":[[[[31.554183246,49.545642875],[31.554561828,49.545365258],[31.554465763,49.545287772],[31.553365356,49.544404542],[31.552925319,49.544622752],[31.554183246,49.545642875]]]]},"id":"59"},{"type":"Feature","properties":{"id":"60"},"geometry":{"type":"MultiPolygon","coordinates":[[[[31.616080235,49.463589548],[31.61641992,49.464762201],[31.616657388,49.464713841],[31.616323024,49.46355967],[31.616080235,49.463589548]]]]},"id":"60"},{"type":"Feature","properties":{"id":"61"},"geometry":{"type":"MultiPolygon","coordinates":[[[[31.526887385,49.495626389],[31.526873037998243,49.495664779652785],[31.526873022,49.495664776],[31.52923703,49.496204536],[31.529245717,49.496164846],[31.526887385,49.495626389]]]]},"id":"61"},{"type":"Feature","properties":{"id":"62"},"geometry":{"type":"MultiPolygon","coordinates":[[[[31.526887385,49.495626389],[31.529245717,49.496164846],[31.529254431,49.496125058],[31.526901775,49.495587894],[31.526887385,49.495626389]]]]},"id":"62"},{"type":"Feature","properties":{"id":"63"},"geometry":{"type":"MultiPolygon","coordinates":[[[[31.526406671,49.496523679],[31.524441071,49.496195989],[31.524408493,49.496334902],[31.526356358,49.496659556],[31.526406671,49.496523679]]]]},"id":"63"},{"type":"Feature","properties":{"id":"64"},"geometry":{"type":"MultiPolygon","coordinates":[[[[31.613880377,49.458991575],[31.613562074,49.459194497],[31.612846034,49.459798727],[31.614222247,49.459739044],[31.614158604,49.458876546],[31.613880377,49.458991575]]]]},"id":"64"},{"type":"Feature","properties":{"id":"65"},"geometry":{"type":"MultiPolygon","coordinates":[[[[31.573511203,49.432512363],[31.573225654,49.432608715],[31.572131291,49.433251911],[31.572198203,49.433322307],[31.572222671,49.433348133],[31.573557243,49.4325638],[31.573511203,49.432512363]]]]},"id":"65"},{"type":"Feature","properties":{"id":"66"},"geometry":{"type":"MultiPolygon","coordinates":[[[[31.524527489,49.495646715],[31.524512069,49.49578334],[31.524937849755574,49.495854310372714],[31.52655601501459,49.49611706068443],[31.52655397347599,49.49612369056731],[31.526554714,49.496123814],[31.526603289,49.495992765],[31.524527489,49.495646715]]]]},"id":"66"},{"type":"Feature","properties":{"id":"67"},"geometry":{"type":"MultiPolygon","coordinates":[[[[31.384555076,49.619927483],[31.385155427,49.619727654],[31.3852387,49.619002753],[31.385428878,49.618764608],[31.384345022,49.618903122],[31.384471753,49.619406981],[31.384481082,49.619464964],[31.384555076,49.619927483]]]]},"id":"67"},{"type":"Feature","properties":{"id":"68"},"geometry":{"type":"MultiPolygon","coordinates":[[[[31.5441973,49.552054489],[31.54463784,49.552411494],[31.545061514,49.552754864],[31.5454841,49.553097334],[31.545905601,49.553438885],[31.546060435,49.553564331],[31.546327436,49.553778367],[31.546748612,49.55411587],[31.547168301,49.554452194],[31.547586363,49.55478715],[31.548004845,49.555122374],[31.548624165,49.555627752],[31.549077498,49.555997699],[31.549303568,49.556178487],[31.549797211,49.556573212],[31.55021546,49.556907619],[31.550624724,49.557234944],[31.551033731,49.557561898],[31.551080135,49.557527748],[31.550117454,49.556758013],[31.549131399,49.555969543],[31.548180948,49.555192244],[31.548053518,49.555090436],[31.547111276,49.554335116],[31.546114197,49.553536096],[31.545313782,49.552887484],[31.544201814,49.55198637],[31.5441973,49.552054489]]]]},"id":"68"},{"type":"Feature","properties":{"id":"69"},"geometry":{"type":"MultiPolygon","coordinates":[[[[31.647382539,49.456750195],[31.646381325,49.457327878],[31.646403405,49.45732687],[31.646795035,49.457308725],[31.647187369,49.457290676],[31.647458216,49.457278194],[31.647401737,49.456740451],[31.647382539,49.456750195]]]]},"id":"69"},{"type":"Feature","properties":{"id":"70"},"geometry":{"type":"MultiPolygon","coordinates":[[[[31.526356358,49.496659556],[31.524408493,49.496334902],[31.524375749,49.496474983],[31.526305466,49.496796702],[31.526356358,49.496659556]]]]},"id":"70"},{"type":"Feature","properties":{"id":"71"},"geometry":{"type":"MultiPolygon","coordinates":[[[[31.567573608,49.435606072],[31.568494234,49.435065109],[31.568365138,49.434929102],[31.567444513,49.435470162],[31.567573608,49.435606072]]]]},"id":"71"},{"type":"Feature","properties":{"id":"72"},"geometry":{"type":"MultiPolygon","coordinates":[[[[31.618199374,49.46083203],[31.618126605,49.460835799],[31.618328612,49.461532822],[31.618741713,49.461481932],[31.6185471,49.46081041],[31.618199374,49.46083203]]]]},"id":"72"},{"type":"Feature","properties":{"id":"73"},"geometry":{"type":"MultiPolygon","coordinates":[[[[31.449649449,49.62978998],[31.450950731,49.629363693],[31.450622242,49.628940615],[31.449320981,49.629366889],[31.449375458,49.629436998],[31.449557206,49.629671177],[31.449649449,49.62978998]]]]},"id":"73"},{"type":"Feature","properties":{"id":"74"},"geometry":{"type":"MultiPolygon","coordinates":[[[[31.392662243,49.637930727],[31.394462801,49.638432259],[31.394757874,49.637985397],[31.394040823,49.637785681],[31.393892438,49.637844633],[31.393248577,49.637895432],[31.392662243,49.637930727]]]]},"id":"74"},{"type":"Feature","properties":{"id":"75"},"geometry":{"type":"MultiPolygon","coordinates":[[[[31.601260893,49.451666093],[31.600979284,49.45152549],[31.600275817,49.452243237],[31.60042521,49.452317835],[31.600557428,49.452383842],[31.601260893,49.451666093]]]]},"id":"75"},{"type":"Feature","properties":{"id":"76"},"geometry":{"type":"MultiPolygon","coordinates":[[[[31.574438062,49.499501384],[31.574437834,49.499177134],[31.571479284,49.499022941],[31.571436293,49.499344934],[31.574438062,49.499501384]]]]},"id":"76"},{"type":"Feature","properties":{"id":"77"},"geometry":{"type":"MultiPolygon","coordinates":[[[[31.631305143,49.460039864],[31.631489903,49.46159111],[31.631673398,49.461581784],[31.631488493,49.46003],[31.631305143,49.460039864]]]]},"id":"77"},{"type":"Feature","properties":{"id":"78"},"geometry":{"type":"MultiPolygon","coordinates":[[[[31.43798221,49.622526442],[31.438216686,49.622828837],[31.438279707,49.622909979],[31.4389481,49.622691044],[31.438552428,49.622181096],[31.43798221,49.622526442]]]]},"id":"78"},{"type":"Feature","properties":{"id":"79"},"geometry":{"type":"MultiPolygon","coordinates":[[[[31.44900865,49.626340339],[31.449274501,49.626541909],[31.450837047,49.625877962],[31.450615336,49.625657641],[31.44900865,49.626340339]]]]},"id":"79"},{"type":"Feature","properties":{"id":"80"},"geometry":{"type":"MultiPolygon","coordinates":[[[[31.411856252,49.651260253],[31.412019199,49.65159816],[31.412058904,49.65168053],[31.414987109,49.651085282],[31.414879101,49.650860832],[31.414656518,49.65091215],[31.414557403,49.650711074],[31.411856252,49.651260253]]]]},"id":"80"},{"type":"Feature","properties":{"id":"81"},"geometry":{"type":"MultiPolygon","coordinates":[[[[31.616588622,49.460915841],[31.616821123,49.461718357],[31.61717879,49.461674335],[31.616953543,49.460896861],[31.616588622,49.460915841]]]]},"id":"81"},{"type":"Feature","properties":{"id":"82"},"geometry":{"type":"MultiPolygon","coordinates":[[[[31.649636573,49.451664771],[31.649638677,49.452085049],[31.650432173,49.45209089],[31.650236437,49.451669183],[31.649636573,49.451664771]]]]},"id":"82"},{"type":"Feature","properties":{"id":"83"},"geometry":{"type":"MultiPolygon","coordinates":[[[[31.553867459,49.51295272],[31.553937882,49.512408774],[31.551452489,49.512432998],[31.551339464,49.512564877],[31.550892042,49.512558232],[31.550122549,49.512989793],[31.552379698,49.51296543],[31.553867459,49.51295272]]]]},"id":"83"},{"type":"Feature","properties":{"id":"84"},"geometry":{"type":"MultiPolygon","coordinates":[[[[31.582739184,49.520167045],[31.583323747,49.520162599],[31.583452520633617,49.51865783421812],[31.582903861999455,49.51843864025705],[31.582885453430904,49.51845855828777],[31.582739184,49.520167045]]]]},"id":"84"},{"type":"Feature","properties":{"id":"85"},"geometry":{"type":"MultiPolygon","coordinates":[[[[31.631119158,49.460049794],[31.631303924,49.461600501],[31.631489903,49.46159111],[31.631305143,49.460039864],[31.631119158,49.460049794]]]]},"id":"85"},{"type":"Feature","properties":{"id":"86"},"geometry":{"type":"MultiPolygon","coordinates":[[[[31.403271486,49.653094059],[31.40344915,49.653462559],[31.40347603,49.653518326],[31.406271176,49.65295042],[31.406066596,49.652526159],[31.403271486,49.653094059]]]]},"id":"86"},{"type":"Feature","properties":{"id":"87"},"geometry":{"type":"MultiPolygon","coordinates":[[[[31.57485,49.434771],[31.575374,49.434575],[31.575197,49.43438],[31.573917,49.435132],[31.573949,49.435166],[31.574069,49.435292],[31.57485,49.434771]]]]},"id":"87"},{"type":"Feature","properties":{"id":"88"},"geometry":{"type":"MultiPolygon","coordinates":[[[[31.515120281,49.47731776],[31.514075671,49.476431325],[31.514656522,49.477472477],[31.515120281,49.47731776]]]]},"id":"88"},{"type":"Feature","properties":{"id":"89"},"geometry":{"type":"MultiPolygon","coordinates":[[[[31.381708123,49.638105342],[31.381983492,49.638033291],[31.383192655,49.637755223],[31.383402141,49.637646194],[31.384103203,49.63761107],[31.384276018,49.637471254],[31.384384841,49.636936659],[31.38224131,49.637277896],[31.381643935,49.637270146],[31.381708123,49.638105342]]]]},"id":"89"},{"type":"Feature","properties":{"id":"90"},"geometry":{"type":"MultiPolygon","coordinates":[[[[31.449822379,49.630012673],[31.44992072,49.630139426],[31.449985262,49.63022236],[31.451440096,49.629745875],[31.451269059,49.629601317],[31.451210871,49.629557803],[31.449822379,49.630012673]]]]},"id":"90"},{"type":"Feature","properties":{"id":"91"},"geometry":{"type":"MultiPolygon","coordinates":[[[[31.376676991,49.614775919],[31.379051354,49.614472428],[31.378764302,49.613523923],[31.378151909,49.613628932],[31.376613512,49.614515893],[31.376350432,49.614631219],[31.376676991,49.614775919]]]]},"id":"91"},{"type":"Feature","properties":{"id":"92"},"geometry":{"type":"MultiPolygon","coordinates":[[[[31.398582824,49.640167232],[31.401526074,49.640484113],[31.401542579,49.640442167],[31.401539405,49.640142584],[31.401587115,49.639977442],[31.398825073,49.639683656],[31.398737846,49.639826609],[31.398597982,49.640141692],[31.398582824,49.640167232]]]]},"id":"92"},{"type":"Feature","properties":{"id":"93"},"geometry":{"type":"MultiPolygon","coordinates":[[[[31.447643303,49.620395292],[31.448707926,49.619616285],[31.448668376,49.619562699],[31.448429121,49.619387617],[31.4476328256723,49.619970288940884],[31.4473135556569,49.620204974189434],[31.447643303,49.620395292]]]]},"id":"93"},{"type":"Feature","properties":{"id":"94"},"geometry":{"type":"MultiPolygon","coordinates":[[[[31.553984479,49.530155435],[31.554217578,49.529822681],[31.55402444,49.52973784],[31.553830491,49.529630602],[31.553438502,49.529334542],[31.552986253,49.528976406],[31.552441759,49.52849531],[31.552313201,49.528678851],[31.553984479,49.530155435]]]]},"id":"94"},{"type":"Feature","properties":{"id":"95"},"geometry":{"type":"MultiPolygon","coordinates":[[[[31.371339217,49.628410318],[31.372868163,49.628247277],[31.372750434,49.627895248],[31.372386397,49.627371066],[31.372035367,49.627072445],[31.370836483,49.626419703],[31.371339217,49.628410318]]]]},"id":"95"},{"type":"Feature","properties":{"id":"96"},"geometry":{"type":"MultiPolygon","coordinates":[[[[31.449435735,49.626806802],[31.450198136,49.626482837],[31.450303694,49.626353744],[31.451061568,49.626100954],[31.45083702,49.625877935],[31.449274501,49.626541918],[31.4493673,49.626612269],[31.449435735,49.626806802]]]]},"id":"96"},{"type":"Feature","properties":{"id":"97"},"geometry":{"type":"MultiPolygon","coordinates":[[[[31.636956545,49.45573022],[31.636304425,49.45570531],[31.63656181,49.457669549],[31.637702694,49.45760606],[31.637435401,49.455566938],[31.637224723,49.455578678],[31.636936445,49.455594682],[31.636956545,49.45573022]]]]},"id":"97"},{"type":"Feature","properties":{"id":"98"},"geometry":{"type":"MultiPolygon","coordinates":[[[[31.631488493,49.46003],[31.631673398,49.461581784],[31.631854535,49.461572623],[31.631669512,49.4600203],[31.631488493,49.46003]]]]},"id":"98"},{"type":"Feature","properties":{"id":"99"},"geometry":{"type":"MultiPolygon","coordinates":[[[[31.444077065,49.621288214],[31.444339992,49.621439823],[31.445428181,49.620643648],[31.445199028,49.620511389],[31.445165393,49.620492033],[31.444077065,49.621288214]]]]},"id":"99"},{"type":"Feature","properties":{"id":"100"},"geometry":{"type":"MultiPolygon","coordinates":[[[[31.451501086,49.62979741],[31.451440096,49.629745875],[31.449985262,49.63022236],[31.450170015,49.630460424],[31.45117533,49.630131118],[31.451180285,49.630103994],[31.451297437,49.629958021],[31.451448131,49.629822104],[31.451501086,49.62979741]]]]},"id":"100"},{"type":"Feature","properties":{"id":"101"},"geometry":{"type":"MultiPolygon","coordinates":[[[[31.620937717,49.460662165],[31.621091419,49.461192661],[31.621641518,49.461124902],[31.62149755,49.460628195],[31.620937717,49.460662165]]]]},"id":"101"},{"type":"Feature","properties":{"id":"102"},"geometry":{"type":"MultiPolygon","coordinates":[[[[31.439063189,49.623919656],[31.439072173412605,49.62393123406317],[31.439073085784862,49.6239309338556],[31.439087925539933,49.62395153356781],[31.439226683,49.624130348],[31.439263203,49.624177427],[31.440354569,49.623819992],[31.440382848,49.62375992],[31.4399772,49.623621517],[31.439922188,49.623597707],[31.439038069,49.623887221],[31.439063189,49.623919656]]]]},"id":"102"},{"type":"Feature","properties":{"id":"103"},"geometry":{"type":"MultiPolygon","coordinates":[[[[31.518701,49.484911],[31.520612,49.484274],[31.520376,49.484051],[31.518564,49.484655],[31.518701,49.484911]]]]},"id":"103"},{"type":"Feature","properties":{"id":"104"},"geometry":{"type":"MultiPolygon","coordinates":[[[[31.526941779,49.495079206],[31.526969746,49.495005265],[31.524642076,49.494617259],[31.524628595,49.494739965],[31.526925597,49.495122862],[31.526941779,49.495079206]]]]},"id":"104"},{"type":"Feature","properties":{"id":"105"},"geometry":{"type":"MultiPolygon","coordinates":[[[[31.63972957,49.497692274],[31.639725887,49.497737109],[31.639704509,49.497996361],[31.639703107,49.498013158],[31.642930991,49.498082564],[31.642957432,49.49776159],[31.63972957,49.497692274]]]]},"id":"105"},{"type":"Feature","properties":{"id":"106"},"geometry":{"type":"MultiPolygon","coordinates":[[[[31.526925597,49.495122862],[31.524628595,49.494739965],[31.524614798,49.494864389],[31.526881406,49.495242168],[31.526925597,49.495122862]]]]},"id":"106"},{"type":"Feature","properties":{"id":"107"},"geometry":{"type":"MultiPolygon","coordinates":[[[[31.615231146,49.46098466],[31.615491119,49.461882055],[31.615810037,49.461842804],[31.615556679,49.46096825],[31.615231146,49.46098466]]]]},"id":"107"},{"type":"Feature","properties":{"id":"108"},"geometry":{"type":"MultiPolygon","coordinates":[[[[31.444339992,49.621439823],[31.444602907,49.62159152],[31.445690624537654,49.62079578761739],[31.44569122,49.620795352],[31.445449787258827,49.62065604561526],[31.445449729,49.620656012],[31.445428181,49.620643648],[31.444339992,49.621439823]]]]},"id":"108"},{"type":"Feature","properties":{"id":"109"},"geometry":{"type":"MultiPolygon","coordinates":[[[[31.397853004,49.637768382],[31.39825795,49.637155113],[31.397773762,49.636903288],[31.397541315,49.636822405],[31.397251271,49.636764722],[31.39664851,49.636772159],[31.395983104,49.636800351],[31.395568497,49.636845507],[31.395083069,49.63680468],[31.395055216,49.636893935],[31.395027562,49.636981464],[31.397853004,49.637768382]]]]},"id":"109"},{"type":"Feature","properties":{"id":"110"},"geometry":{"type":"MultiPolygon","coordinates":[[[[31.615556665,49.460968223],[31.615810079,49.461842786],[31.61613745,49.461802483],[31.615890927,49.460951355],[31.615556665,49.460968223]]]]},"id":"110"},{"type":"Feature","properties":{"id":"111"},"geometry":{"type":"MultiPolygon","coordinates":[[[[31.591642595,49.498627995],[31.589179511,49.49844795],[31.589108894,49.499062312],[31.591677253,49.499232313],[31.591745479,49.498633839],[31.591642595,49.498627995]]]]},"id":"111"},{"type":"Feature","properties":{"id":"112"},"geometry":{"type":"MultiPolygon","coordinates":[[[[31.618106,49.438234],[31.618188,49.438397],[31.619799,49.438037],[31.61965,49.437889],[31.618106,49.438234]]]]},"id":"112"},{"type":"Feature","properties":{"id":"113"},"geometry":{"type":"MultiPolygon","coordinates":[[[[31.594160376,49.499406175],[31.594232348,49.498775094],[31.591745479,49.498633839],[31.591677253,49.499232313],[31.591674616,49.499254865],[31.594160376,49.499406175]]]]},"id":"113"},{"type":"Feature","properties":{"id":"114"},"geometry":{"type":"MultiPolygon","coordinates":[[[[31.634985087,49.456552098],[31.634568303,49.455884943],[31.633991447,49.455717394],[31.633953977,49.455652969],[31.633792843,49.455822794],[31.634985087,49.456552098]]]]},"id":"114"},{"type":"Feature","properties":{"id":"115"},"geometry":{"type":"MultiPolygon","coordinates":[[[[31.443789217,49.623577028],[31.444662559,49.622938018],[31.44442295568107,49.62279980682766],[31.444416046142525,49.622804995089304],[31.444286371389932,49.62272098952986],[31.444262547,49.622707241],[31.443411173,49.623330102],[31.443511799,49.623310326],[31.443747938,49.623345336],[31.443743659,49.623550671],[31.443789217,49.623577028]]]]},"id":"115"},{"type":"Feature","properties":{"id":"116"},"geometry":{"type":"MultiPolygon","coordinates":[[[[31.529185335,49.496440694],[31.526787602,49.495893244],[31.52674534,49.496006283],[31.529159769,49.496557541],[31.529185335,49.496440694]]]]},"id":"116"},{"type":"Feature","properties":{"id":"117"},"geometry":{"type":"MultiPolygon","coordinates":[[[[31.594414869,49.445086829],[31.593126935,49.446400817],[31.59322277,49.44644869],[31.594494889,49.445150827],[31.594414869,49.445086829]]]]},"id":"117"},{"type":"Feature","properties":{"id":"118"},"geometry":{"type":"MultiPolygon","coordinates":[[[[31.622963484,49.429269352],[31.623859749,49.42908804],[31.62452603,49.429109274],[31.624806873,49.429107893],[31.624958181,49.429010309],[31.624616151,49.428910073],[31.624328869,49.428801443],[31.62373454,49.428501382],[31.623055366,49.428143584],[31.623033313,49.428128224],[31.622882499,49.42926523],[31.622963484,49.429269352]]]]},"id":"118"},{"type":"Feature","properties":{"id":"119"},"geometry":{"type":"MultiPolygon","coordinates":[[[[31.518935571,49.48268278],[31.517727623,49.483085767],[31.517828241,49.483275575],[31.51910967,49.482848073],[31.518935571,49.48268278]]]]},"id":"119"},{"type":"Feature","properties":{"id":"120"},"geometry":{"type":"MultiPolygon","coordinates":[[[[31.527000767,49.450715076],[31.527669381,49.450562185],[31.527022437,49.448517644],[31.526136275,49.448674896],[31.526639359,49.450264974],[31.526755136,49.45024068],[31.526686101,49.450195856],[31.526663911,49.449296076],[31.527210288,49.449186031],[31.527310152,49.450071551],[31.527255409,49.450161639],[31.527177154,49.450255293],[31.526874406,49.450298422],[31.526773986,49.450312768],[31.526836922,49.450554458],[31.526886416,49.45062519],[31.527000767,49.450715076]]]]},"id":"120"},{"type":"Feature","properties":{"id":"121"},"geometry":{"type":"MultiPolygon","coordinates":[[[[31.556788865,49.444223571],[31.557047948,49.444168642],[31.556559333,49.443170064],[31.556299744,49.44322394],[31.556788865,49.444223571]]]]},"id":"121"},{"type":"Feature","properties":{"id":"122"},"geometry":{"type":"MultiPolygon","coordinates":[[[[31.529134355,49.496673588],[31.526703354,49.496118548],[31.526661629,49.49623012],[31.529109106,49.496788925],[31.529134355,49.496673588]]]]},"id":"122"},{"type":"Feature","properties":{"id":"123"},"geometry":{"type":"MultiPolygon","coordinates":[[[[31.556013255,49.44438803],[31.556271526,49.444333265],[31.555781377,49.443331537],[31.5555226,49.443385249],[31.556013255,49.44438803]]]]},"id":"123"},{"type":"Feature","properties":{"id":"124"},"geometry":{"type":"MultiPolygon","coordinates":[[[[31.556656414,49.44490639],[31.557028579,49.444782299],[31.557109093,49.444755457],[31.556855775,49.444237754],[31.556378718,49.444338895],[31.556656414,49.44490639]]]]},"id":"124"},{"type":"Feature","properties":{"id":"125"},"geometry":{"type":"MultiPolygon","coordinates":[[[[31.612191,49.435969],[31.611982,49.43596],[31.611557,49.43591],[31.610092,49.436148],[31.610152,49.436303],[31.612203,49.43597],[31.612191,49.435969]]]]},"id":"125"},{"type":"Feature","properties":{"id":"126"},"geometry":{"type":"MultiPolygon","coordinates":[[[[31.598792699,49.492833252],[31.598501138,49.494979563],[31.599791489,49.495056657],[31.599933205,49.494013148],[31.599618644,49.494002521],[31.599726538,49.492867924],[31.598792699,49.492833252]]]]},"id":"126"},{"type":"Feature","properties":{"id":"127"},"geometry":{"type":"MultiPolygon","coordinates":[[[[31.629582487,49.463205754],[31.62967472,49.463201047],[31.62977192,49.463196209],[31.629595376,49.461713987],[31.629405936,49.461723622],[31.629582487,49.463205754]]]]},"id":"127"},{"type":"Feature","properties":{"id":"128"},"geometry":{"type":"MultiPolygon","coordinates":[[[[31.628029253,49.459139177],[31.627990184,49.4586118],[31.627464236,49.458579598],[31.62750729,49.459161853],[31.628029253,49.459139177]]]]},"id":"128"},{"type":"Feature","properties":{"id":"129"},"geometry":{"type":"MultiPolygon","coordinates":[[[[31.527059031,49.491291472],[31.52449322,49.491741617],[31.52452535,49.491847536],[31.524714833,49.491814336],[31.525040758,49.491757119],[31.525337313,49.49170513],[31.525608528,49.491657517],[31.525870178,49.491611622],[31.526125865,49.491566834],[31.526380737,49.491522054],[31.52688409,49.491433771],[31.527126208,49.491391304],[31.527059031,49.491291472]]]]},"id":"129"},{"type":"Feature","properties":{"id":"130"},"geometry":{"type":"MultiPolygon","coordinates":[[[[31.55395261,49.444824957],[31.554467837,49.444715697],[31.553975966,49.443710555],[31.553461012,49.443820352],[31.55395261,49.444824957]]]]},"id":"130"},{"type":"Feature","properties":{"id":"131"},"geometry":{"type":"MultiPolygon","coordinates":[[[[31.619689715,49.463145252],[31.619935855,49.463994637],[31.620265611,49.463920855],[31.620028745,49.463103514],[31.619689715,49.463145252]]]]},"id":"131"},{"type":"Feature","properties":{"id":"132"},"geometry":{"type":"MultiPolygon","coordinates":[[[[31.6199129,49.460725405],[31.620084271,49.461316638],[31.620574221,49.461256346],[31.620411289,49.460694399],[31.6199129,49.460725405]]]]},"id":"132"},{"type":"Feature","properties":{"id":"133"},"geometry":{"type":"MultiPolygon","coordinates":[[[[31.619363014,49.46318551],[31.619618052,49.464065736],[31.619935786,49.463994601],[31.619689701,49.463145288],[31.619363014,49.46318551]]]]},"id":"133"},{"type":"Feature","properties":{"id":"134"},"geometry":{"type":"MultiPolygon","coordinates":[[[[31.616344081,49.460928567],[31.616234707,49.46093408],[31.616474294,49.461761046],[31.616821123,49.461718357],[31.616588622,49.460915841],[31.616344081,49.460928567]]]]},"id":"134"},{"type":"Feature","properties":{"id":"135"},"geometry":{"type":"MultiPolygon","coordinates":[[[[31.617423,49.437752],[31.617632,49.437878],[31.618895,49.437402],[31.618606,49.437258],[31.617423,49.437752]]]]},"id":"135"},{"type":"Feature","properties":{"id":"136"},"geometry":{"type":"MultiPolygon","coordinates":[[[[31.62731447,49.458570375],[31.626980161,49.458566957],[31.627025792,49.459182765],[31.62750729,49.459161853],[31.627464236,49.458579598],[31.62731447,49.458570375]]]]},"id":"136"},{"type":"Feature","properties":{"id":"137"},"geometry":{"type":"MultiPolygon","coordinates":[[[[31.556137989,49.530740478],[31.556242136,49.530611405],[31.555525403,49.530349207],[31.555093522,49.530180324],[31.554390994,49.529898818],[31.554217578,49.529822681],[31.553984479,49.530155435],[31.553981059,49.530160346],[31.556137989,49.530740478]]]]},"id":"137"},{"type":"Feature","properties":{"id":"138"},"geometry":{"type":"MultiPolygon","coordinates":[[[[31.594104191,49.523683497],[31.595360711,49.523763284],[31.595603203,49.521588027],[31.594920195,49.521544738],[31.594346725,49.521508333],[31.594104191,49.523683497]]]]},"id":"138"},{"type":"Feature","properties":{"id":"139"},"geometry":{"type":"MultiPolygon","coordinates":[[[[31.592668218,49.449495756],[31.592948894,49.449635939],[31.593640868,49.448930033],[31.593579703,49.448899494],[31.593360181,49.448789852],[31.592668218,49.449495756]]]]},"id":"139"},{"type":"Feature","properties":{"id":"140"},"geometry":{"type":"MultiPolygon","coordinates":[[[[31.526698578,49.495735693],[31.524557463,49.495378762],[31.524542552,49.495511817],[31.526651286,49.495863353],[31.526698578,49.495735693]]]]},"id":"140"},{"type":"Feature","properties":{"id":"141"},"geometry":{"type":"MultiPolygon","coordinates":[[[[31.614035623,49.451023683],[31.613751197,49.451033097],[31.613384353,49.450940469],[31.613083947,49.45070501],[31.612930576,49.450567431],[31.612874066,49.450504062],[31.612730649,49.450587748],[31.613100906,49.451033509],[31.613762682,49.45122273],[31.614219706,49.45095622],[31.614035623,49.451023683]]]]},"id":"141"},{"type":"Feature","properties":{"id":"142"},"geometry":{"type":"MultiPolygon","coordinates":[[[[31.443895201,49.626278747],[31.444027074,49.626448598],[31.444106376,49.626550873],[31.445183982,49.626197891],[31.444972789,49.625925857],[31.443895201,49.626278747]]]]},"id":"142"},{"type":"Feature","properties":{"id":"143"},"geometry":{"type":"MultiPolygon","coordinates":[[[[31.529159769,49.496557541],[31.52674534,49.496006283],[31.526703354,49.496118548],[31.529134355,49.496673597],[31.529159769,49.496557541]]]]},"id":"143"},{"type":"Feature","properties":{"id":"144"},"geometry":{"type":"MultiPolygon","coordinates":[[[[31.627427149,49.463314789],[31.627595311,49.464726963],[31.627788761,49.464737233],[31.62761821,49.463305129],[31.627498666,49.463311177],[31.627427149,49.463314789]]]]},"id":"144"},{"type":"Feature","properties":{"id":"145"},"geometry":{"type":"MultiPolygon","coordinates":[[[[31.612203,49.43597],[31.610152,49.436303],[31.610197,49.436422],[31.612856,49.43599],[31.61255,49.436013],[31.612203,49.43597]]]]},"id":"145"},{"type":"Feature","properties":{"id":"146"},"geometry":{"type":"MultiPolygon","coordinates":[[[[31.526782,49.490879],[31.52436,49.491304],[31.524394,49.491415],[31.526853,49.490984],[31.526782,49.490879]]]]},"id":"146"},{"type":"Feature","properties":{"id":"147"},"geometry":{"type":"MultiPolygon","coordinates":[[[[31.424691433,49.61926097],[31.424855768,49.619404907],[31.42498781,49.619285169],[31.42518273,49.619203765],[31.425472698,49.619156444],[31.425860827,49.619170469],[31.4264196,49.619295919],[31.426916501,49.619367138],[31.42730794,49.619519397],[31.427366621,49.619618668],[31.427804715,49.618791624],[31.425931383,49.618474914],[31.424691433,49.61926097]]]]},"id":"147"},{"type":"Feature","properties":{"id":"148"},"geometry":{"type":"MultiPolygon","coordinates":[[[[31.393568553,49.623752905],[31.393619576,49.623736508],[31.394384935,49.623563072],[31.395059341,49.623424245],[31.395979026,49.62325396],[31.395045715,49.623106526],[31.394856548,49.623082105],[31.394458934,49.623053385],[31.394237344,49.623091762],[31.393665352,49.623346438],[31.393056477,49.623535335],[31.39304639,49.623540666],[31.393568553,49.623752905]]]]},"id":"148"},{"type":"Feature","properties":{"id":"149"},"geometry":{"type":"MultiPolygon","coordinates":[[[[31.527462674,49.493702061],[31.524738143,49.493247866],[31.524739176,49.49335532],[31.527424508,49.493802978],[31.527462674,49.493702061]]]]},"id":"149"},{"type":"Feature","properties":{"id":"150"},"geometry":{"type":"MultiPolygon","coordinates":[[[[31.635994,49.457701],[31.636562,49.45767],[31.636304,49.455705],[31.63573,49.455683],[31.635994,49.457701]]]]},"id":"150"},{"type":"Feature","properties":{"id":"151"},"geometry":{"type":"MultiPolygon","coordinates":[[[[31.618547128,49.460810392],[31.618741713,49.46148195],[31.619170658,49.461429144],[31.618983495,49.460783241],[31.618547128,49.460810392]]]]},"id":"151"},{"type":"Feature","properties":{"id":"152"},"geometry":{"type":"MultiPolygon","coordinates":[[[[31.554169051,49.539358786],[31.554078447,49.539285936],[31.553940754,49.539247311],[31.553460245,49.539188533],[31.553155348,49.539186758],[31.551726673,49.539018242],[31.551611196,49.53900282],[31.551229197,49.538887111],[31.550710599,49.538662298],[31.550524513,49.538597463],[31.550286059,49.538539493],[31.5497811,49.538459904],[31.549336215,49.538367323],[31.549284399,49.538374538],[31.549253571,49.538397397],[31.549761858,49.538504527],[31.550128939,49.538562389],[31.550265173,49.538583828],[31.550495087,49.538639752],[31.550674055,49.538702091],[31.550702142,49.538714199],[31.551133591,49.538901341],[31.551194284,49.53892755],[31.551588791,49.539047048],[31.551713223,49.539063717],[31.552572848,49.539165084],[31.553148655,49.539233012],[31.553234855,49.539233539],[31.553453263,49.539234787],[31.553769614,49.539273519],[31.553919857,49.539291827],[31.55403418,49.539323972],[31.554121258,49.539394089],[31.552590178,49.540527956],[31.552335352,49.54071666],[31.55208051,49.540905463],[31.551825529,49.541094166],[31.551570683,49.541282959],[31.551315698,49.54147176],[31.551051598,49.541667398],[31.550729192,49.541906083],[31.550772711,49.541941957],[31.551126803,49.541679701],[31.551481733,49.541416922],[31.551821956,49.541164991],[31.552461567,49.540691356],[31.552768274,49.540464227],[31.553062208,49.540246525],[31.5533511,49.540032646],[31.553640693,49.539818146],[31.553930285,49.539603735],[31.554212998,49.539394217],[31.554169051,49.539358786]]]]},"id":"152"},{"type":"Feature","properties":{"id":"153"},"geometry":{"type":"MultiPolygon","coordinates":[[[[31.627335915,49.468934201],[31.627490374,49.468926389],[31.627347739,49.46772872],[31.62716888,49.468111009],[31.627044335,49.468637594],[31.62713303,49.468786356],[31.627335915,49.468934201]]]]},"id":"153"},{"type":"Feature","properties":{"id":"154"},"geometry":{"type":"MultiPolygon","coordinates":[[[[31.555497525,49.444497369],[31.55575526,49.444442731],[31.555264098,49.443438907],[31.555005857,49.4434925],[31.555497525,49.444497369]]]]},"id":"154"},{"type":"Feature","properties":{"id":"155"},"geometry":{"type":"MultiPolygon","coordinates":[[[[31.648442732,49.497866563],[31.648302801,49.49786391],[31.648273782,49.498215891],[31.650951611,49.498274653],[31.650980485,49.497922223],[31.648442732,49.497866563]]]]},"id":"155"},{"type":"Feature","properties":{"id":"156"},"geometry":{"type":"MultiPolygon","coordinates":[[[[31.617632,49.437878],[31.617813,49.437987],[31.619204,49.437557],[31.618895,49.437402],[31.617632,49.437878]]]]},"id":"156"},{"type":"Feature","properties":{"id":"157"},"geometry":{"type":"MultiPolygon","coordinates":[[[[31.628029184,49.45913915],[31.6285668,49.459115762],[31.628521310963702,49.458501943402084],[31.628459644939902,49.45852866527428],[31.628375624,49.45859349],[31.628150284,49.45862164],[31.627990115,49.458611818],[31.628029184,49.45913915]]]]},"id":"157"},{"type":"Feature","properties":{"id":"158"},"geometry":{"type":"MultiPolygon","coordinates":[[[[31.556530086,49.44427849],[31.556788879,49.444223598],[31.556299744,49.443223967],[31.556040444,49.443277779],[31.556530086,49.44427849]]]]},"id":"158"},{"type":"Feature","properties":{"id":"159"},"geometry":{"type":"MultiPolygon","coordinates":[[[[31.556693205,49.529514344],[31.556800497,49.528174975],[31.556750356,49.528175305],[31.55517877,49.528185637],[31.556056169,49.528955204],[31.556693205,49.529514344]]]]},"id":"159"},{"type":"Feature","properties":{"id":"160"},"geometry":{"type":"MultiPolygon","coordinates":[[[[31.448062346,49.622163181],[31.448999386,49.621477512],[31.448941451,49.621204258],[31.448870193,49.621163102],[31.447749861,49.62198285],[31.4479251,49.622084016],[31.448062346,49.622163181]]]]},"id":"160"},{"type":"Feature","properties":{"id":"161"},"geometry":{"type":"MultiPolygon","coordinates":[[[[31.377543212,49.638162653],[31.377562802,49.63826732],[31.377497056,49.638454326],[31.377703205,49.638892317],[31.378004019,49.639278376],[31.378092469,49.639484147],[31.377748622,49.639800007],[31.377402227,49.640070583],[31.377232505,49.640146989],[31.377330786,49.640280205],[31.377540377,49.640293302],[31.377866927,49.640163305],[31.378267121,49.639859697],[31.378500037,49.639551137],[31.3787009,49.639293055],[31.379111068,49.6392831],[31.379178473,49.639273424],[31.379089288,49.638112673],[31.379020297,49.638114876],[31.377543212,49.638162653]]]]},"id":"161"},{"type":"Feature","properties":{"id":"162"},"geometry":{"type":"MultiPolygon","coordinates":[[[[31.578331,49.435791],[31.577762,49.435611],[31.577054,49.43544],[31.57657,49.435309],[31.576401,49.4354],[31.577096,49.436173],[31.577372,49.436481],[31.578851,49.435958],[31.578331,49.435791]]]]},"id":"162"},{"type":"Feature","properties":{"id":"163"},"geometry":{"type":"MultiPolygon","coordinates":[[[[31.65096159,49.454523031],[31.6502555,49.454517834],[31.650318258,49.454780757],[31.650318904,49.455087009],[31.650280952453553,49.45520110724996],[31.650280952453553,49.45520955603627],[31.650277366955674,49.455211886758875],[31.65025285,49.455285595],[31.650347859,49.455318938],[31.650933881,49.454585943],[31.65096159,49.454523031]]]]},"id":"163"},{"type":"Feature","properties":{"id":"164"},"geometry":{"type":"MultiPolygon","coordinates":[[[[31.645522954,49.49816427],[31.648204783,49.498214576],[31.648233664,49.497862686],[31.645551854,49.49781229],[31.645522954,49.49816427]]]]},"id":"164"},{"type":"Feature","properties":{"id":"165"},"geometry":{"type":"MultiPolygon","coordinates":[[[[31.525602838,49.498711961],[31.527113663,49.499143388],[31.527775915,49.49929459],[31.527957074,49.499264912],[31.527997659,49.499188198],[31.52562699,49.498646994],[31.525602838,49.498711961]]]]},"id":"165"},{"type":"Feature","properties":{"id":"166"},"geometry":{"type":"MultiPolygon","coordinates":[[[[31.526651286,49.495863353],[31.524542552,49.495511817],[31.524527434,49.495646706],[31.526603331,49.495992765],[31.526651286,49.495863353]]]]},"id":"166"},{"type":"Feature","properties":{"id":"167"},"geometry":{"type":"MultiPolygon","coordinates":[[[[31.556271581,49.444333292],[31.556530086,49.44427849],[31.556040444,49.443277779],[31.555781405,49.443331501],[31.556271581,49.444333292]]]]},"id":"167"},{"type":"Feature","properties":{"id":"168"},"geometry":{"type":"MultiPolygon","coordinates":[[[[31.448445639,49.628239207],[31.448477154,49.628279852],[31.448646412,49.628497861],[31.448701149,49.62856842],[31.450002408,49.628142152],[31.449746877,49.627813024],[31.448445639,49.628239207]]]]},"id":"168"},{"type":"Feature","properties":{"id":"169"},"geometry":{"type":"MultiPolygon","coordinates":[[[[31.442993514,49.623244329],[31.443959891205353,49.622537290825285],[31.44389469883215,49.62249505785552],[31.443850188,49.622469363],[31.443815903,49.622449593],[31.442846011,49.623159209],[31.442993514,49.623244329]]]]},"id":"169"},{"type":"Feature","properties":{"id":"170"},"geometry":{"type":"MultiPolygon","coordinates":[[[[31.363825411,49.648083953],[31.365750081,49.6470461],[31.365385814,49.646761255],[31.364733048,49.647113228],[31.364296249,49.64677175],[31.3639298,49.646790992],[31.363604098,49.646757107],[31.362894103,49.64670634],[31.363700155,49.646983542],[31.363748954,49.647715466],[31.363825411,49.648083953]]]]},"id":"170"},{"type":"Feature","properties":{"id":"171"},"geometry":{"type":"MultiPolygon","coordinates":[[[[31.438552428,49.622181096],[31.4389481,49.622691044],[31.4394809,49.622516557],[31.439007005,49.621905691],[31.438552428,49.622181096]]]]},"id":"171"},{"type":"Feature","properties":{"id":"172"},"geometry":{"type":"MultiPolygon","coordinates":[[[[31.617721135,49.460856919],[31.617931135,49.461581726],[31.618328598,49.461532804],[31.618126646,49.460835817],[31.617721135,49.460856919]]]]},"id":"172"},{"type":"Feature","properties":{"id":"173"},"geometry":{"type":"MultiPolygon","coordinates":[[[[31.634545777,49.45584887],[31.634568317,49.455884916],[31.634985128,49.456552053],[31.635141953,49.456803195],[31.635172141,49.456851613],[31.6340594,49.457808788],[31.63543943,49.457731989],[31.635173467,49.455701437],[31.634545777,49.45584887]]]]},"id":"173"},{"type":"Feature","properties":{"id":"174"},"geometry":{"type":"MultiPolygon","coordinates":[[[[31.614219761,49.450956211],[31.613762682,49.451222704],[31.614184677,49.451343365],[31.615157912,49.450775924],[31.615114792,49.450772083],[31.614633278,49.45083602],[31.614219761,49.450956211]]]]},"id":"174"},{"type":"Feature","properties":{"id":"175"},"geometry":{"type":"MultiPolygon","coordinates":[[[[31.629392902,49.463215353],[31.62951468,49.463209183],[31.629582528,49.463205754],[31.629405977,49.461723604],[31.629216357,49.461733202],[31.629392902,49.463215353]]]]},"id":"175"},{"type":"Feature","properties":{"id":"176"},"geometry":{"type":"MultiPolygon","coordinates":[[[[31.556329053,49.507028185],[31.555860045,49.507557994],[31.554676022,49.508871219],[31.554226593,49.509357476],[31.555231043,49.509347625],[31.556172873,49.508221142],[31.556329053,49.507028185]]]]},"id":"176"},{"type":"Feature","properties":{"id":"177"},"geometry":{"type":"MultiPolygon","coordinates":[[[[31.519701825,49.450816534],[31.5191815,49.450586614],[31.518631908,49.450931986],[31.519133517,49.451153568],[31.519318293,49.451044006],[31.519701825,49.450816534]]]]},"id":"177"},{"type":"Feature","properties":{"id":"178"},"geometry":{"type":"MultiPolygon","coordinates":[[[[31.629202917,49.463224924],[31.62935453,49.463217257],[31.629392916,49.463215388],[31.62921637,49.461733166],[31.629026378,49.461742792],[31.629202917,49.463224924]]]]},"id":"178"},{"type":"Feature","properties":{"id":"179"},"geometry":{"type":"MultiPolygon","coordinates":[[[[31.618004,49.438103],[31.618055,49.438133],[31.618106,49.438234],[31.61965,49.437889],[31.619469,49.437708],[31.618004,49.438103]]]]},"id":"179"},{"type":"Feature","properties":{"id":"180"},"geometry":{"type":"MultiPolygon","coordinates":[[[[31.520127973,49.483814839],[31.518419628,49.484384787],[31.518492933,49.484521901],[31.520253801,49.483934419],[31.520127973,49.483814839]]]]},"id":"180"},{"type":"Feature","properties":{"id":"181"},"geometry":{"type":"MultiPolygon","coordinates":[[[[31.607383,49.449378],[31.607449,49.449366],[31.607018,49.448433],[31.606498,49.44731],[31.606268,49.446817],[31.605665,49.445593],[31.604871,49.443958],[31.604476,49.443133],[31.604016,49.442175],[31.60395,49.442188],[31.604211,49.442731],[31.604508,49.443352],[31.604803,49.443968],[31.605397,49.445195],[31.605597,49.4456],[31.605891,49.446198],[31.606201,49.446826],[31.606227,49.44688],[31.606432,49.447324],[31.606622,49.447733],[31.606812,49.448144],[31.607004,49.44856],[31.607221,49.449029],[31.607383,49.449378]]]]},"id":"181"},{"type":"Feature","properties":{"id":"182"},"geometry":{"type":"MultiPolygon","coordinates":[[[[31.599866,49.43531],[31.59992,49.435282],[31.599871,49.43525],[31.599349,49.43549],[31.597408,49.436329],[31.59696,49.436521],[31.596022,49.436951],[31.595792,49.437052],[31.594875,49.437456],[31.594455,49.43764],[31.594113,49.437801],[31.593654,49.438018],[31.59346,49.438028],[31.592845,49.438059],[31.592222,49.438091],[31.591578,49.438123],[31.590955,49.438155],[31.590788,49.438163],[31.590664,49.43818],[31.590464,49.438206],[31.589739,49.438302],[31.588547,49.438525],[31.58808,49.438613],[31.586325,49.439031],[31.58456,49.439451],[31.584504,49.439464],[31.583734,49.439344],[31.583362,49.439285],[31.582842,49.439303],[31.582181,49.439324],[31.581968,49.439297],[31.58194,49.439293],[31.581169,49.439061],[31.58017,49.43876],[31.580151,49.438755],[31.579605,49.43862],[31.578447,49.438401],[31.578415,49.438441],[31.57958,49.438662],[31.580164,49.438801],[31.580665,49.438951],[31.581137,49.439101],[31.582041,49.439359],[31.582842,49.439348],[31.583419,49.439329],[31.584552,49.439502],[31.584588,49.439492],[31.586348,49.439073],[31.588102,49.438656],[31.588566,49.438569],[31.589086,49.43847],[31.589757,49.438345],[31.590479,49.43825],[31.590684,49.438223],[31.590919,49.438199],[31.591573,49.438168],[31.592847,49.438104],[31.593687,49.438058],[31.59415,49.43784],[31.594501,49.437674],[31.595838,49.437086],[31.596996,49.436559],[31.597444,49.436368],[31.599375,49.435532],[31.599866,49.43531]]]]},"id":"182"},{"type":"Feature","properties":{"id":"183"},"geometry":{"type":"MultiPolygon","coordinates":[[[[31.627429168,49.467554694],[31.627373519,49.467673683],[31.627890928,49.467647461],[31.627747075,49.466440083],[31.627429168,49.467554694]]]]},"id":"183"},{"type":"Feature","properties":{"id":"184"},"geometry":{"type":"MultiPolygon","coordinates":[[[[31.401587115,49.639977442],[31.401607317,49.639907581],[31.401701922,49.639644908],[31.401715833,49.639454446],[31.401786273,49.639200672],[31.40183101,49.638985079],[31.401858969,49.638885572],[31.399294183,49.638612744],[31.399299343,49.638801964],[31.399198508,49.63913974],[31.398949308,49.639479813],[31.398825073,49.639683656],[31.401587115,49.639977442]]]]},"id":"184"},{"type":"Feature","properties":{"id":"185"},"geometry":{"type":"MultiPolygon","coordinates":[[[[31.595511,49.445893],[31.594325,49.444946],[31.594282,49.444911],[31.593596,49.444577],[31.592558443354868,49.444071166242104],[31.592545966754553,49.44407725036019],[31.592517,49.444107],[31.592539,49.444117],[31.592672,49.444182],[31.59282,49.444254],[31.592963,49.444324],[31.593095,49.444389],[31.593219,49.444449],[31.593449,49.444561],[31.593559,49.444615],[31.593665,49.444667],[31.593769,49.444717],[31.59387,49.444767],[31.59397,49.444815],[31.594068,49.444863],[31.594165,49.444911],[31.59424,49.444947],[31.594336,49.445024],[31.594415,49.445087],[31.594495,49.445151],[31.594658,49.445281],[31.594741,49.445347],[31.594825,49.445415],[31.59491,49.445483],[31.594997,49.445552],[31.595086,49.445624],[31.595177,49.445696],[31.59527,49.445771],[31.595365,49.445847],[31.595463,49.445926],[31.595566,49.446007],[31.595672,49.446092],[31.595783,49.446181],[31.595901,49.446275],[31.596024,49.446374],[31.596194,49.44651],[31.596247,49.446481],[31.595511,49.445893]]]]},"id":"185"},{"type":"Feature","properties":{"id":"186"},"geometry":{"type":"MultiPolygon","coordinates":[[[[31.553219434,49.525457783],[31.553753111,49.525454282],[31.553881739,49.524286997],[31.552478864,49.524307976],[31.552990894,49.524994077],[31.553219434,49.525457783]]]]},"id":"186"},{"type":"Feature","properties":{"id":"187"},"geometry":{"type":"MultiPolygon","coordinates":[[[[31.430374342,49.634885862],[31.431372494,49.634435714],[31.4308719,49.633606939],[31.43084242,49.633739566],[31.430473261,49.633921016],[31.430511271,49.634252519],[31.430374342,49.634885862]]]]},"id":"187"},{"type":"Feature","properties":{"id":"188"},"geometry":{"type":"MultiPolygon","coordinates":[[[[31.622179028,49.534879398],[31.622158457,49.534623791],[31.621864596,49.53295151],[31.621529381,49.530820801],[31.621197424,49.530805243],[31.618661375,49.530870184],[31.61625348,49.530898202],[31.615889231,49.530919696],[31.615889236945726,49.53094653202986],[31.61590576171869,49.53094653202986],[31.61590576171869,49.530963855403414],[31.616257233,49.5309431],[31.616638996,49.530938734],[31.617385532,49.53093005],[31.618125976,49.530921404],[31.618663321,49.530915155],[31.618847282,49.530910444],[31.619385174,49.530896648],[31.619812507,49.530885697],[31.620232781,49.530874958],[31.620660528,49.530864012],[31.621096148,49.530852849],[31.621196347,49.530850281],[31.621466605,49.530862946],[31.621652434,49.531986297],[31.621655540460928,49.53200505443437],[31.62165641784662,49.53200495952715],[31.62169933319086,49.53225563636707],[31.62169706777159,49.53225582406489],[31.621792284,49.532831464],[31.621848129,49.533168709],[31.621903358,49.533502169],[31.62190915454199,49.53353718893296],[31.621913909912053,49.533536853471624],[31.62193055197524,49.533666461985725],[31.621958462,49.533835081],[31.622014549,49.534174034],[31.62207152,49.53451821],[31.622089599,49.534627496],[31.622107788,49.534853317],[31.622110156,49.534883094],[31.622156732,49.535152384],[31.622161656364224,49.53518086347461],[31.622171401977482,49.53518010450973],[31.62221356853171,49.535481121798036],[31.622261131,49.535756498],[31.622313582,49.536059634],[31.622321222,49.536103925],[31.622577126,49.537583412],[31.62264561,49.537577639],[31.622262639,49.535363403],[31.622179028,49.534879398]]]]},"id":"188"},{"type":"Feature","properties":{"id":"189"},"geometry":{"type":"MultiPolygon","coordinates":[[[[31.589644035,49.494449977],[31.589638927,49.494494811],[31.59207388,49.49464046],[31.594446226,49.494782341],[31.600041197,49.495116701],[31.6012982,49.495191838],[31.602675163,49.495274012],[31.60268095,49.495229275],[31.599791475,49.495056675],[31.598501124,49.494979545],[31.592703616,49.494632999],[31.589644035,49.494449977]]]]},"id":"189"},{"type":"Feature","properties":{"id":"190"},"geometry":{"type":"MultiPolygon","coordinates":[[[[31.448655843,49.622505466],[31.44890424,49.622648704],[31.448946647,49.622673161],[31.449559274,49.622224814],[31.449231846,49.621809645],[31.44922184324349,49.621816964733526],[31.449222564697216,49.62181803970937],[31.448450942935498,49.62238734372485],[31.448655843,49.622505466]]]]},"id":"190"},{"type":"Feature","properties":{"id":"191"},"geometry":{"type":"MultiPolygon","coordinates":[[[[31.518750388,49.48250703],[31.517620599,49.482883885],[31.517727651,49.483085749],[31.518935543,49.482682762],[31.518750388,49.48250703]]]]},"id":"191"},{"type":"Feature","properties":{"id":"192"},"geometry":{"type":"MultiPolygon","coordinates":[[[[31.554444359,49.533113936],[31.554507828,49.533131718],[31.555344312,49.53194118],[31.555443311,49.531800106],[31.555998099,49.531010335],[31.556179247,49.530785864],[31.556302361,49.530633386],[31.556242136,49.530611405],[31.556137989,49.530740478],[31.555961945,49.530958338],[31.555936618,49.530989784],[31.555822423,49.531152408],[31.555685926,49.531346584],[31.555549567,49.531540849],[31.5551547,49.532102913],[31.554919059,49.532438341],[31.554683276,49.532773949],[31.554444359,49.533113936]]]]},"id":"192"},{"type":"Feature","properties":{"id":"193"},"geometry":{"type":"MultiPolygon","coordinates":[[[[31.590692718,49.544160726],[31.590650838,49.544131079],[31.59063471,49.544084652],[31.590712205,49.543564031],[31.590725484,49.543474496],[31.590661849,49.543426245],[31.590559,49.544195635],[31.593612958,49.544451761],[31.596565802,49.544714931],[31.596574917,49.544670409],[31.593625416,49.544405105],[31.593557007,49.544398903],[31.593513128,49.544394964],[31.590692718,49.544160726]]]]},"id":"193"},{"type":"Feature","properties":{"id":"194"},"geometry":{"type":"MultiPolygon","coordinates":[[[[31.595495568,49.552318072],[31.595681156,49.551204124],[31.595952418,49.549575847],[31.596109494,49.548632951],[31.59629381,49.547526419],[31.596576422,49.545829654],[31.596710449,49.545024952],[31.596718192,49.544978479],[31.59674149,49.544838584],[31.596640055,49.544832312],[31.596632445,49.544862367],[31.596567396,49.545272858],[31.596479839,49.54582532],[31.596392881,49.546374365],[31.596363808,49.546557476],[31.596334872,49.546740667],[31.596304392,49.546932303],[31.596299683,49.546962391],[31.596212622,49.547509907],[31.596125232,49.54806031],[31.596034564,49.548630909],[31.595886503,49.549562774],[31.595853056,49.549779929],[31.595767984,49.550332046],[31.595682757,49.550884164],[31.595633765,49.551202346],[31.595595871,49.551436183],[31.595506481,49.551988627],[31.595461717,49.552265214],[31.595445062,49.552306622],[31.595495568,49.552318072]]]]},"id":"194"},{"type":"Feature","properties":{"id":"195"},"geometry":{"type":"MultiPolygon","coordinates":[[[[31.575101315,49.507661598],[31.575176563,49.507054022],[31.575248044,49.506477163],[31.575315145,49.505934896],[31.575378017,49.505427112],[31.57556099388829,49.503948886907395],[31.57552440856095,49.503948886907395],[31.575491414,49.503951635],[31.575407392,49.504629816],[31.57534875,49.505104446],[31.575285236,49.505616806],[31.575215707,49.506178127],[31.575032481,49.507658531],[31.575101315,49.507661598]]]]},"id":"195"},{"type":"Feature","properties":{"id":"196"},"geometry":{"type":"MultiPolygon","coordinates":[[[[31.563712195,49.518216059],[31.5636531,49.518909707],[31.563565503,49.519939327],[31.56351137,49.520575295],[31.563424367,49.521877257],[31.563421441,49.521922187],[31.563290337,49.523883676],[31.563270886,49.524020002],[31.563340373,49.524019308],[31.563359207,49.523886749],[31.563580386,49.520577469],[31.563781411,49.518214726],[31.563712195,49.518216059]]]]},"id":"196"},{"type":"Feature","properties":{"id":"197"},"geometry":{"type":"MultiPolygon","coordinates":[[[[31.64645,49.502869],[31.646629,49.502877],[31.647815,49.502959],[31.647897,49.501966],[31.646526,49.50194],[31.64645,49.502869]]]]},"id":"197"},{"type":"Feature","properties":{"id":"198"},"geometry":{"type":"MultiPolygon","coordinates":[[[[31.526922274,49.491088005],[31.52442766,49.491525625],[31.524460565,49.49163425],[31.526991053,49.491190372],[31.526922274,49.491088005]]]]},"id":"198"},{"type":"Feature","properties":{"id":"199"},"geometry":{"type":"MultiPolygon","coordinates":[[[[31.529289468,49.495964951],[31.526959695,49.495433007],[31.526916207,49.495549318],[31.529263159,49.496085179],[31.529289468,49.495964951]]]]},"id":"199"},{"type":"Feature","properties":{"id":"200"},"geometry":{"type":"MultiPolygon","coordinates":[[[[31.524585705,49.495126777],[31.524572127,49.495247514],[31.526745182,49.495609761],[31.526791275,49.495485617],[31.524586709,49.495118064],[31.524585705,49.495126777]]]]},"id":"200"},{"type":"Feature","properties":{"id":"201"},"geometry":{"type":"MultiPolygon","coordinates":[[[[31.528115689,49.498965215],[31.525712723,49.498416638],[31.525670001,49.498531367],[31.528056888,49.499076306],[31.528115689,49.498965215]]]]},"id":"201"},{"type":"Feature","properties":{"id":"202"},"geometry":{"type":"MultiPolygon","coordinates":[[[[31.650082692,49.450502482],[31.649741458,49.450471922],[31.649633728,49.451087048],[31.64963402,49.451142434],[31.650173898,49.451146411],[31.650082692,49.450502482]]]]},"id":"202"},{"type":"Feature","properties":{"id":"203"},"geometry":{"type":"MultiPolygon","coordinates":[[[[31.580156,49.503813],[31.58226,49.50391],[31.583295,49.503959],[31.584457,49.504018],[31.584526,49.504021],[31.585584,49.504076],[31.588248,49.504223],[31.588316,49.504226],[31.588428,49.504232],[31.588433,49.504188],[31.588322,49.504183],[31.588253,49.504179],[31.586241,49.504067],[31.585589,49.504031],[31.585231,49.504012],[31.58422,49.503961],[31.583299,49.503914],[31.583208,49.503909],[31.582197,49.503862],[31.580179,49.503769],[31.580156,49.503813]]]]},"id":"203"},{"type":"Feature","properties":{"id":"204"},"geometry":{"type":"MultiPolygon","coordinates":[[[[31.61089,49.521462],[31.610885,49.521507],[31.613129,49.521449],[31.613738,49.521434],[31.615316,49.521422],[31.617426,49.521407],[31.618452,49.5214],[31.618689,49.521368],[31.619669,49.521346],[31.619748,49.521344],[31.61998,49.521338],[31.62117,49.521372],[31.622202,49.521376],[31.623167,49.52138],[31.624169,49.52138],[31.624236,49.521381],[31.62541,49.521382],[31.62541,49.521337],[31.624241,49.521336],[31.624172,49.521336],[31.623165,49.521335],[31.622203,49.521331],[31.621164,49.521327],[31.61998,49.521293],[31.619911,49.521291],[31.619745,49.521299],[31.619676,49.521301],[31.618692,49.521323],[31.618452,49.521355],[31.617425,49.521362],[31.615387,49.521377],[31.615318,49.521377],[31.613736,49.521389],[31.61313,49.521404],[31.61089,49.521462]]]]},"id":"204"},{"type":"Feature","properties":{"id":"205"},"geometry":{"type":"MultiPolygon","coordinates":[[[[31.555953,49.4474],[31.556524,49.44721],[31.557203,49.446887],[31.559249,49.446172],[31.560975,49.445568],[31.562542,49.44502],[31.562639,49.444993],[31.563771,49.444668],[31.564232,49.444448],[31.564388,49.444374],[31.565296,49.444025],[31.565425,49.443984],[31.566303,49.443799],[31.566605,49.443734],[31.566861,49.443373],[31.567391,49.442827],[31.567732,49.442593],[31.567979,49.442477],[31.567956,49.442435],[31.567697,49.442554],[31.567353,49.44279],[31.566808,49.443344],[31.566737,49.443449],[31.566571,49.443695],[31.566289,49.443755],[31.565697,49.443879],[31.565402,49.443942],[31.564353,49.444335],[31.564199,49.444409],[31.56374,49.444628],[31.562608,49.444953],[31.562514,49.444979],[31.560944,49.445528],[31.559219,49.446132],[31.55716,49.446852],[31.55648,49.447175],[31.555921,49.44736],[31.555953,49.4474]]]]},"id":"205"},{"type":"Feature","properties":{"id":"206"},"geometry":{"type":"MultiPolygon","coordinates":[[[[31.62541,49.521382],[31.626452,49.52137],[31.628552,49.521346],[31.628733,49.521342],[31.630265,49.521329],[31.63226,49.521299],[31.634322,49.521276],[31.636227,49.521256],[31.637499,49.521245],[31.639124,49.521232],[31.639123,49.521174],[31.637575,49.521192],[31.636295,49.521206],[31.636226,49.521207],[31.634089,49.521231],[31.632663,49.521247],[31.632256,49.521253],[31.630272,49.521281],[31.628805,49.521298],[31.628736,49.521297],[31.628555,49.521301],[31.628485,49.521302],[31.626454,49.521325],[31.62541,49.521337],[31.62541,49.521382]]]]},"id":"206"},{"type":"Feature","properties":{"id":"207"},"geometry":{"type":"MultiPolygon","coordinates":[[[[31.613213,49.463915],[31.612964,49.463056],[31.612885,49.463066],[31.612878,49.463067],[31.612761,49.463081],[31.612644,49.463096],[31.612512,49.463112],[31.612809,49.463668],[31.612984,49.463769],[31.613015,49.463939],[31.613213,49.463915]]]]},"id":"207"},{"type":"Feature","properties":{"id":"208"},"geometry":{"type":"MultiPolygon","coordinates":[[[[31.62174,49.463591],[31.621544,49.462917],[31.621137,49.462967],[31.621343,49.46368],[31.62174,49.463591]]]]},"id":"208"},{"type":"Feature","properties":{"id":"209"},"geometry":{"type":"MultiPolygon","coordinates":[[[[31.620562,49.460685],[31.620411,49.460694],[31.620574,49.461256],[31.621091,49.461193],[31.620938,49.460662],[31.620562,49.460685]]]]},"id":"209"},{"type":"Feature","properties":{"id":"210"},"geometry":{"type":"MultiPolygon","coordinates":[[[[31.442993514,49.623244329],[31.443255467,49.62339548],[31.44328347,49.623355196],[31.443411173,49.623330102],[31.444262547,49.622707241],[31.44422655201566,49.62268647963255],[31.444137096404972,49.62263818713322],[31.44396543502802,49.62254088222844],[31.443959891205353,49.622537290825285],[31.442993514,49.623244329]]]]},"id":"210"},{"type":"Feature","properties":{"id":"211"},"geometry":{"type":"MultiPolygon","coordinates":[[[[31.593446235,49.447763812],[31.593169254,49.447625416],[31.592465784,49.44834317],[31.592515256,49.448367839],[31.592742781,49.448481478],[31.593446235,49.447763812]]]]},"id":"211"},{"type":"Feature","properties":{"id":"212"},"geometry":{"type":"MultiPolygon","coordinates":[[[[31.615890927,49.460951355],[31.61613745,49.461802483],[31.616474239,49.461761091],[31.61623472,49.460934116],[31.615890927,49.460951355]]]]},"id":"212"},{"type":"Feature","properties":{"id":"213"},"geometry":{"type":"MultiPolygon","coordinates":[[[[31.645501219,49.45781626],[31.644994195,49.458108331],[31.644958723,49.458137911],[31.646029,49.458088554],[31.645973003,49.457555001],[31.645501219,49.45781626]]]]},"id":"213"},{"type":"Feature","properties":{"id":"214"},"geometry":{"type":"MultiPolygon","coordinates":[[[[31.518419628,49.484384787],[31.520127973,49.483814839],[31.519998226,49.483691637],[31.51834392,49.48424352],[31.518419628,49.484384787]]]]},"id":"214"},{"type":"Feature","properties":{"id":"215"},"geometry":{"type":"MultiPolygon","coordinates":[[[[31.370845835,49.632868413],[31.371510276,49.632797657],[31.371024745,49.630804375],[31.370361991,49.630875049],[31.370845835,49.632868413]]]]},"id":"215"},{"type":"Feature","properties":{"id":"216"},"geometry":{"type":"MultiPolygon","coordinates":[[[[31.397853004,49.637768382],[31.399201649,49.638143944],[31.399505287,49.63768404],[31.399000455,49.637541569],[31.39825795,49.637155113],[31.397853004,49.637768382]]]]},"id":"216"},{"type":"Feature","properties":{"id":"217"},"geometry":{"type":"MultiPolygon","coordinates":[[[[31.603552,49.434142],[31.603347,49.433704],[31.602763,49.433965],[31.602906,49.434271],[31.603552,49.434142]]]]},"id":"217"},{"type":"Feature","properties":{"id":"218"},"geometry":{"type":"MultiPolygon","coordinates":[[[[31.635317508,49.455667624],[31.635173467,49.455701437],[31.63543943,49.457731989],[31.635994056,49.457701156],[31.635729788,49.45568338],[31.635317508,49.455667624]]]]},"id":"218"},{"type":"Feature","properties":{"id":"219"},"geometry":{"type":"MultiPolygon","coordinates":[[[[31.600364,49.435071],[31.600934,49.435447],[31.600857,49.435679],[31.600921,49.435884],[31.601884,49.435693],[31.601384,49.434624],[31.600364,49.435071]]]]},"id":"219"},{"type":"Feature","properties":{"id":"220"},"geometry":{"type":"MultiPolygon","coordinates":[[[[31.558785686,49.44538715],[31.559004811,49.445310684],[31.559223374,49.445237339],[31.557857312,49.442900567],[31.557388939,49.442997824],[31.558785686,49.44538715]]]]},"id":"220"},{"type":"Feature","properties":{"id":"221"},"geometry":{"type":"MultiPolygon","coordinates":[[[[31.557109,49.444755],[31.557629,49.444582],[31.557364,49.44413],[31.556856,49.444238],[31.557109,49.444755]]]]},"id":"221"},{"type":"Feature","properties":{"id":"222"},"geometry":{"type":"MultiPolygon","coordinates":[[[[31.520223411,49.484815413],[31.518778733,49.485069395],[31.518835039,49.485172911],[31.520396785,49.485069727],[31.520223411,49.484815413]]]]},"id":"222"},{"type":"Feature","properties":{"id":"223"},"geometry":{"type":"MultiPolygon","coordinates":[[[[31.627025792,49.459182765],[31.626980161,49.458566957],[31.626516645,49.458562114],[31.626564155,49.459202844],[31.627025792,49.459182765]]]]},"id":"223"},{"type":"Feature","properties":{"id":"224"},"geometry":{"type":"MultiPolygon","coordinates":[[[[31.654053258,49.438097869],[31.653756468,49.438470639],[31.653375825,49.438948897],[31.653324802,49.439012902],[31.653295484,49.43904254],[31.653194033,49.439144753],[31.651499917,49.440852139],[31.651454741,49.44083265],[31.651468741,49.44089255],[31.651520075,49.440914593],[31.653384533,49.439035553],[31.653689880022075,49.43865195949997],[31.654100418090763,49.43813374775949],[31.654133348904654,49.43805879903503],[31.654168963497302,49.43792154162565],[31.65411319519244,49.43786714478513],[31.654053258,49.438097869]]]]},"id":"224"},{"type":"Feature","properties":{"id":"225"},"geometry":{"type":"MultiPolygon","coordinates":[[[[31.405820571,49.637873563],[31.405859478,49.63996919],[31.407296909,49.639958413],[31.407265095,49.63824972],[31.407028079,49.638113864],[31.406797457,49.637907065],[31.406112135,49.637798006],[31.406067555,49.637892573],[31.405820571,49.637873563]]]]},"id":"225"},{"type":"Feature","properties":{"id":"226"},"geometry":{"type":"MultiPolygon","coordinates":[[[[31.37041637,49.628508422],[31.371339217,49.628410318],[31.370836483,49.626419703],[31.370319598,49.62613828],[31.369956579,49.626232916],[31.369831729,49.626193727],[31.37041637,49.628508422]]]]},"id":"226"},{"type":"Feature","properties":{"id":"227"},"geometry":{"type":"MultiPolygon","coordinates":[[[[31.524738143,49.493247866],[31.527462674,49.493702061],[31.527500399,49.493602483],[31.527234591,49.493558165],[31.526953225,49.493511287],[31.526652479,49.493461095],[31.52633191,49.493407688],[31.52600212,49.493352663],[31.525638083,49.493291963],[31.524737068,49.493141752],[31.524738143,49.493247866]]]]},"id":"227"},{"type":"Feature","properties":{"id":"228"},"geometry":{"type":"MultiPolygon","coordinates":[[[[31.623493139,49.461760436],[31.623741885,49.462618846],[31.624064428,49.46257921],[31.623815539,49.46172071],[31.623728854,49.461731376],[31.623493139,49.461760436]]]]},"id":"228"},{"type":"Feature","properties":{"id":"229"},"geometry":{"type":"MultiPolygon","coordinates":[[[[31.409225463867113,49.6521647199256],[31.412020325660635,49.65159860699294],[31.41185939311974,49.65126171457667],[31.411811113357473,49.65117488625641],[31.409021615981985,49.65174100411727],[31.409225463867113,49.6521647199256]]]]},"id":"229"},{"type":"Feature","properties":{"id":"230"},"geometry":{"type":"MultiPolygon","coordinates":[[[[31.571761965751588,49.51810430971462],[31.574331521987855,49.51808341397984],[31.57396674156183,49.51791624778006],[31.571831703185975,49.51732767890408],[31.57180215694551,49.517656720557014],[31.571761965751588,49.51810430971462]]]]},"id":"230"},{"type":"Feature","properties":{"id":"231"},"geometry":{"type":"MultiPolygon","coordinates":[[[[31.613462812,49.464924718],[31.612936497,49.464053726],[31.612979377,49.464031943],[31.613018625,49.463966332],[31.613327643,49.46392824],[31.613603052,49.463894388],[31.613871274,49.463861369],[31.614388784,49.463797714],[31.61463876,49.463766906],[31.614884861,49.463736685],[31.615127914,49.463706719],[31.615367932,49.463677169],[31.615605178,49.463647963],[31.615841045,49.463619018],[31.616080235,49.463589548],[31.616323024,49.46355967],[31.616569812,49.463529274],[31.616820751,49.46349837],[31.617076103,49.463466958],[31.617336722,49.463434865],[31.617603423,49.46340211],[31.617876757,49.463368402],[31.618157276,49.46333395],[31.618445406,49.463298464],[31.618741825,49.463261971],[31.619047372,49.46322429],[31.619363014,49.46318551],[31.619689701,49.463145288],[31.620028717,49.463103541],[31.620381675,49.463060098],[31.621136821,49.462967106],[31.621544263,49.462916976],[31.621976839486653,49.462863699280135],[31.621976858,49.462863697],[31.622319115453845,49.46282152317976],[31.622440164,49.462806618],[31.62244015,49.462806609],[31.622942013,49.462744865],[31.623492403,49.462677016],[31.624185177,49.462591722],[31.624187742,49.462563954],[31.624064428,49.46257921],[31.623741885,49.462618846],[31.62341657,49.462658908],[31.623087668,49.462699394],[31.62275849,49.462739971],[31.622429436,49.462780546],[31.622100257,49.46282103],[31.621771077,49.462861594],[31.621441897,49.462902076],[31.621112703,49.462942648],[31.620783659,49.462983128],[31.620454478,49.463023698],[31.620125295,49.463064167],[31.619796099,49.463104735],[31.619466915,49.463145212],[31.619137869,49.463185777],[31.618808685,49.463226243],[31.6184795,49.463266807],[31.6181503,49.46330728],[31.617821252,49.463347842],[31.617162878,49.463428864],[31.616833691,49.463469333],[31.616504489,49.463509892],[31.616175438,49.463550359],[31.615517058,49.463631372],[31.615187854,49.463671926],[31.614858663,49.46371239],[31.61452961,49.463752942],[31.614200417,49.463793395],[31.613871225,49.463833946],[31.613542032,49.463874406],[31.613212962,49.463914955],[31.613014839,49.463939325],[31.612983712,49.463768611],[31.612808796,49.463668277],[31.612512438,49.463112131],[31.612419976,49.462938698],[31.612397426,49.462590101],[31.612360955,49.462294719],[31.61299403,49.46221677],[31.613344091,49.462173773],[31.613694152,49.462130686],[31.614044075,49.462087598],[31.614394134,49.462044518],[31.614744193,49.462001427],[31.61544431,49.461915252],[31.615794229,49.461872158],[31.616494342,49.461786058],[31.616844397,49.46174297],[31.617194452,49.461699872],[31.617544368,49.461656773],[31.617894421,49.461613673],[31.618244488,49.461570581],[31.61859454,49.461527479],[31.618944592,49.461484466],[31.619294505,49.461441362],[31.619644556,49.461398266],[31.619994606,49.461355159],[31.620344655,49.461312052],[31.620694703,49.461268943],[31.621044613,49.461225843],[31.621394661,49.461182822],[31.621744708,49.461139711],[31.622094754,49.461096598],[31.622444799,49.461053493],[31.622794706,49.461010379],[31.623144764,49.460967263],[31.623494808,49.460924155],[31.6238443,49.460881118],[31.624193653,49.46083809],[31.6250588,49.460731521],[31.625088047,49.460700542],[31.62437179,49.460788726],[31.62357963,49.46088631],[31.62287262,49.460973387],[31.622231841,49.461052234],[31.621641518,49.461124902],[31.621091419,49.461192661],[31.620574221,49.461256346],[31.620084271,49.461316638],[31.619617391,49.461374134],[31.619170699,49.46142918],[31.618741713,49.461481932],[31.618328612,49.461532822],[31.617931148,49.461581762],[31.617548329,49.461628843],[31.617178776,49.461674308],[31.616821123,49.46171833],[31.616474239,49.461761091],[31.61613745,49.461802483],[31.615810079,49.461842786],[31.615491119,49.461882064],[31.615180047,49.461920334],[31.614876449,49.461957661],[31.614579608,49.461994235],[31.614295496,49.462029195],[31.614032124,49.462061616],[31.613791974,49.462091154],[31.612356342,49.462267804],[31.612290331,49.462072721],[31.612224587,49.461878897],[31.612195117,49.461791907],[31.612117436,49.461693034],[31.611981914,49.461520613],[31.611903169,49.461420472],[31.611829495,49.461360032],[31.61165264,49.461215074],[31.611434328,49.461036268],[31.611356081,49.460984688],[31.611330044,49.461005887],[31.611403387,49.46105419],[31.611868275,49.461435135],[31.612155906,49.461801134],[31.612317395,49.462277759],[31.612356156,49.46259176],[31.612378907,49.462943773],[31.612773337,49.463683831],[31.612944427,49.463782065],[31.612977201,49.463961247],[31.612944906,49.464015217],[31.612886704,49.464044891],[31.613413032,49.464915884],[31.613462812,49.464924718]]]]},"id":"231"},{"type":"Feature","properties":{"id":"232"},"geometry":{"type":"MultiPolygon","coordinates":[[[[31.604914152,49.453489966],[31.604929791,49.453463824],[31.604600391,49.453299428],[31.604342345,49.453170563],[31.604082644,49.453040962],[31.603820362,49.452909988],[31.60355521,49.452777558],[31.603284316,49.452642382],[31.602679382,49.452340335],[31.602351364,49.45217657],[31.602003522,49.45200294],[31.601632723,49.451817802],[31.601273414,49.451638326],[31.600948,49.451475841],[31.600648018,49.451326135],[31.600367973,49.451186294],[31.600104206,49.451054583],[31.59984918,49.450927253],[31.599594168,49.450799931],[31.599340235,49.450673146],[31.59908945,49.450547914],[31.598837576,49.450422143],[31.598583799,49.450295447],[31.598329056,49.450168212],[31.598073901,49.450040787],[31.597818484,49.449913272],[31.597562655,49.449785488],[31.597306551,49.449657604],[31.596793394,49.449401386],[31.596278877,49.449144429],[31.596021413,49.449015905],[31.595765178,49.448887838],[31.595637545,49.448824168],[31.595509898,49.448760498],[31.595255586,49.448633435],[31.595001965,49.44850683],[31.594749559,49.448380682],[31.59449866,49.44825535],[31.594247776,49.448130116],[31.593996327,49.448004505],[31.593744079,49.447878534],[31.593491005,49.447752204],[31.593237241,49.447625406],[31.592982664,49.447498249],[31.592727274,49.447370723],[31.592471333,49.447242918],[31.592215393,49.447115032],[31.591959731,49.446987315],[31.591704747,49.446859976],[31.591450854,49.446733174],[31.591198881,49.446607386],[31.59069741,49.446356886],[31.590445303,49.446230917],[31.590422812,49.446253664],[31.590490183,49.446287374],[31.590558769,49.446321632],[31.590627369,49.446355889],[31.590695968,49.446390146],[31.590970203,49.446527174],[31.591518966,49.446801148],[31.591793219,49.446938175],[31.592067597,49.447075201],[31.592341991,49.447212235],[31.592616372,49.447349259],[31.59289226,49.447487109],[31.593169254,49.447625416],[31.593446235,49.447763812],[31.593724046,49.447902566],[31.594003087,49.448041877],[31.594283234,49.448181824],[31.594564183,49.448322129],[31.594843229,49.448461437],[31.595119143,49.448599281],[31.595394631,49.448736847],[31.595669043,49.448873873],[31.595943305,49.44901089],[31.596218121,49.449148094],[31.59649759,49.449287578],[31.596779105,49.449428246],[31.597060758,49.449568823],[31.597342276,49.449709499],[31.597623946,49.449850075],[31.597905467,49.44999065],[31.598187127,49.450131315],[31.598468651,49.450271898],[31.598750314,49.450412561],[31.599031855,49.450553133],[31.599308869,49.450691425],[31.599583842,49.450828801],[31.599860044,49.450966634],[31.600136262,49.451104556],[31.600416017,49.4512443],[31.600697691,49.451384877],[31.600979229,49.451525535],[31.601260921,49.451666102],[31.601542462,49.451806669],[31.601824143,49.451947333],[31.602105687,49.452087898],[31.602387372,49.452228553],[31.602668919,49.452369116],[31.602942419,49.452505578],[31.603210302,49.452639382],[31.60347791,49.452772907],[31.603745395,49.45290653],[31.60401302,49.453040063],[31.604280494,49.453173676],[31.604514213,49.453290307],[31.604914152,49.453489966]]]]},"id":"232"},{"type":"Feature","properties":{"id":"233"},"geometry":{"type":"MultiPolygon","coordinates":[[[[31.594326,49.444946],[31.59447,49.444885],[31.595423,49.443696],[31.595557,49.443542],[31.596258,49.442655],[31.596595,49.442226],[31.597551,49.441018],[31.598266,49.44012],[31.598845,49.441286],[31.599256,49.442112],[31.599489,49.442583],[31.599723,49.443053],[31.599953,49.443516],[31.600158,49.443928],[31.600352,49.44432],[31.600742,49.445103],[31.600919,49.445459],[31.601094,49.445812],[31.60127,49.446165],[31.601445,49.446518],[31.60162,49.446871],[31.601821,49.447274],[31.601987,49.447607],[31.60215,49.447937],[31.602317,49.448272],[31.602489,49.448619],[31.602655,49.448953],[31.602838,49.449322],[31.603021,49.449688],[31.603199,49.450048],[31.603391,49.450434],[31.603626,49.450905],[31.604151,49.451962],[31.604239,49.451993],[31.604112,49.451737],[31.603874,49.451259],[31.603155,49.449812],[31.602919,49.449337],[31.602683,49.448863],[31.602444,49.448382],[31.602202,49.447896],[31.60196,49.447409],[31.601737,49.446959],[31.601513,49.44651],[31.600825,49.445125],[31.600581,49.444633],[31.600327,49.444122],[31.600082,49.443629],[31.599858,49.443179],[31.599635,49.44273],[31.599412,49.442281],[31.598966,49.441384],[31.598743,49.440935],[31.59852,49.440486],[31.59831,49.440064],[31.598339,49.440028],[31.598428,49.439914],[31.598875,49.43929],[31.59886,49.439259],[31.598844,49.439228],[31.598812,49.439326],[31.598567,49.439607],[31.598362,49.439893],[31.598216,49.440095],[31.597617,49.44084],[31.597435,49.441066],[31.596819,49.441851],[31.595485,49.443522],[31.594637,49.444585],[31.594422,49.444773],[31.594398,49.444847],[31.594282,49.444911],[31.594326,49.444946]]]]},"id":"233"},{"type":"Feature","properties":{"id":"234"},"geometry":{"type":"MultiPolygon","coordinates":[[[[31.449222533,49.624908676],[31.448578613,49.624537205],[31.44807439,49.624906114],[31.448564056,49.625188508],[31.449222533,49.624908676]]]]},"id":"234"},{"type":"Feature","properties":{"id":"235"},"geometry":{"type":"MultiPolygon","coordinates":[[[[31.580691202,49.549030035],[31.580799185,49.548349528],[31.580680481,49.547759837],[31.580697133,49.547634273],[31.580736662,49.547335892],[31.581065224,49.54686673],[31.581316176,49.546547243],[31.581842021,49.545877824],[31.582609803,49.545496209],[31.582696644,49.544918232],[31.582580717,49.544509541],[31.582316035,49.544152106],[31.582126648,49.54372846],[31.582048575,49.543345079],[31.581381513,49.543261202],[31.58142112,49.543640322],[31.581557813,49.544021739],[31.581640924,49.544253742],[31.581935756,49.544646942],[31.581983158,49.544816445],[31.581865262,49.545105567],[31.581421438,49.545334111],[31.581025569,49.545686571],[31.580644878,49.546121872],[31.58060859,49.546163212],[31.580503947,49.546282867],[31.580309231,49.546762176],[31.580032811,49.547162607],[31.579881568,49.547409114],[31.579800111,49.547427889],[31.579769262,49.547679762],[31.580708943,49.549078997],[31.580691202,49.549030035]]]]},"id":"235"},{"type":"Feature","properties":{"id":"236"},"geometry":{"type":"MultiPolygon","coordinates":[[[[31.561530153,49.558821366],[31.56208472,49.559180663],[31.563390752,49.560258866],[31.564041604,49.56079616],[31.565248307,49.5617676],[31.566340273,49.562646637],[31.566925048,49.56240373],[31.567401208,49.562812632],[31.566906225,49.563087102],[31.567993725,49.563972339],[31.56929472,49.565039886],[31.570631493,49.566136735],[31.571688641,49.567018277],[31.571952259,49.567259741],[31.572006284,49.567231674],[31.57174416,49.566991395],[31.571218723,49.566553339],[31.57075465,49.566166402],[31.570685794,49.566108937],[31.570285056,49.565780051],[31.569813547,49.565393232],[31.569349256,49.565012314],[31.568902396,49.564645553],[31.568474862,49.564294775],[31.567957756,49.563871705],[31.567064396,49.563143853],[31.567002054,49.563093089],[31.567495627,49.562819321],[31.566941678,49.562343534],[31.566355232,49.562587143],[31.566059934,49.562349452],[31.565147808,49.56161514],[31.564653919,49.561217595],[31.564160023,49.560820047],[31.56409564,49.560768096],[31.563260122,49.56007844],[31.562597306,49.559531168],[31.562136431,49.559150695],[31.561860101,49.558971685],[31.561581726,49.558791399],[31.561530153,49.558821366]]]]},"id":"236"},{"type":"Feature","properties":{"id":"237"},"geometry":{"type":"MultiPolygon","coordinates":[[[[31.588767647,49.561079272],[31.590282526,49.560554235],[31.592354334,49.559831068],[31.594220191,49.559194723],[31.594280235,49.559174057],[31.594307705,49.55914119],[31.594331552,49.559092907],[31.594469933,49.55873947],[31.594482307,49.558691105],[31.594567057,49.558143207],[31.594786444,49.556824011],[31.594963749,49.555605271],[31.595133559,49.554617285],[31.595330093,49.553473785],[31.595267023,49.553469512],[31.595259889,49.553496428],[31.59517352,49.554056997],[31.595087942,49.55461271],[31.595002362,49.555168424],[31.59493578,49.555600385],[31.594917333,49.555724136],[31.594834513,49.556279604],[31.594754392,49.556816476],[31.594751264,49.556835692],[31.594659017,49.557400078],[31.594538396,49.558138393],[31.594444749,49.558688915],[31.594435668,49.558731648],[31.594303229,49.559084595],[31.594271629,49.559126429],[31.593840987,49.559273298],[31.592719996,49.559655638],[31.592293668,49.559801005],[31.591613363,49.560038613],[31.590367095,49.560473708],[31.590249944,49.560514592],[31.588741337,49.561037438],[31.588215621,49.560200693],[31.588004944,49.559845497],[31.589598699,49.559159954],[31.591414678,49.558378783],[31.591349088,49.558353093],[31.590146383,49.55887051],[31.589406407,49.559188847],[31.589287549,49.559239882],[31.587980595,49.559802061],[31.587759859,49.559408381],[31.587623945,49.559313807],[31.587547523,49.559142638],[31.587524333,49.559252689],[31.587561871,49.559336781],[31.587699417,49.559432541],[31.58794689,49.559875517],[31.588151033,49.560217358],[31.588677025,49.561054552],[31.588698417,49.561090348],[31.588767647,49.561079272]]]]},"id":"237"},{"type":"Feature","properties":{"id":"238"},"geometry":{"type":"MultiPolygon","coordinates":[[[[31.596710449,49.545024952],[31.596786846,49.54502434],[31.597326744,49.545000142],[31.597802126,49.544982812],[31.599935283,49.544963192],[31.601647106,49.54493065],[31.602103432,49.544927264],[31.602093631,49.544579765],[31.602604973,49.544568003],[31.60261449,49.544923505],[31.605083542,49.544905317],[31.606449337,49.544880632],[31.606586191,49.544862623],[31.607133125,49.544861544],[31.608635,49.54491422],[31.608642861,49.544869509],[31.607134906,49.544816605],[31.606579129,49.54481771],[31.606441447,49.544835792],[31.606047365,49.544842905],[31.605977837,49.544844173],[31.605082147,49.544860354],[31.602986227,49.544875855],[31.602682337,49.544878084],[31.602672693,49.544521504],[31.602023264,49.544536337],[31.602033076,49.544882847],[31.601645714,49.544885677],[31.599933768,49.544918229],[31.599858172,49.544918986],[31.597799784,49.544937841],[31.597322469,49.544955244],[31.596793763,49.544978991],[31.596718192,49.544978479],[31.596710449,49.545024952]]]]},"id":"238"},{"type":"Feature","properties":{"id":"239"},"geometry":{"type":"MultiPolygon","coordinates":[[[[31.583706115,49.55352498],[31.583677727,49.553483659],[31.583011914,49.553739674],[31.582358331,49.55399101],[31.581717986,49.554237236],[31.581120493,49.554466991],[31.580529141,49.554694267],[31.579937908,49.55492163],[31.579352235,49.555146783],[31.578784112,49.55536516],[31.578207476,49.555586875],[31.577369944,49.555908923],[31.575845365,49.556494946],[31.575197864,49.555548196],[31.575161952,49.55556203],[31.575809438,49.556508771],[31.575299754,49.556704668],[31.57470861,49.556931914],[31.574381984,49.557057514],[31.574311386,49.557085639],[31.573898382,49.556691569],[31.573844242,49.556726471],[31.57489706,49.557728838],[31.57546018,49.558264957],[31.576895436,49.559631314],[31.576951097,49.559604699],[31.575516804,49.558236067],[31.574353339,49.557125802],[31.574421514,49.557094523],[31.575219539,49.556787735],[31.575742871,49.556586551],[31.576283603,49.556378682],[31.576845077,49.556162876],[31.577420608,49.555941608],[31.578009075,49.555715402],[31.578598794,49.555488662],[31.579188645,49.555261918],[31.579782815,49.555033505],[31.580389077,49.554800415],[31.581009809,49.554561772],[31.581650451,49.55431538],[31.58233411,49.5540525],[31.58302109,49.553788391],[31.583706115,49.55352498]]]]},"id":"239"},{"type":"Feature","properties":{"id":"240"},"geometry":{"type":"MultiPolygon","coordinates":[[[[31.575020082,49.518459585],[31.574751488,49.518307663],[31.574586714,49.52022879],[31.57524786,49.520223805],[31.575380058,49.518682117],[31.575020082,49.518459585]]]]},"id":"240"},{"type":"Feature","properties":{"id":"241"},"geometry":{"type":"MultiPolygon","coordinates":[[[[31.616635394,49.457465479],[31.616543993,49.457631388],[31.616591271,49.457710518],[31.617816251,49.457519887],[31.61772883,49.457295247],[31.616635394,49.457465479]]]]},"id":"241"},{"type":"Feature","properties":{"id":"242"},"geometry":{"type":"MultiPolygon","coordinates":[[[[31.616684171,49.452790714],[31.616520175,49.452652431],[31.616444163,49.452492435],[31.616585258,49.452185645],[31.616609778,49.452114805],[31.616045961,49.452443535],[31.616269463,49.453048228],[31.616698614,49.452798018],[31.616684171,49.452790714]]]]},"id":"242"},{"type":"Feature","properties":{"id":"243"},"geometry":{"type":"MultiPolygon","coordinates":[[[[31.578568753,49.519993616],[31.578463466,49.519841898],[31.577225638,49.519288205],[31.577146677,49.520209459],[31.579231413,49.520193678],[31.579248127,49.519998594],[31.578568753,49.519993616]]]]},"id":"243"},{"type":"Feature","properties":{"id":"244"},"geometry":{"type":"MultiPolygon","coordinates":[[[[31.57611,49.520217],[31.577147,49.520209],[31.577226,49.519288],[31.577112,49.519237],[31.57621,49.519193],[31.576198,49.519191],[31.57611,49.520217]]]]},"id":"244"},{"type":"Feature","properties":{"id":"245"},"geometry":{"type":"MultiPolygon","coordinates":[[[[31.44900865,49.626340339],[31.450615336,49.625657641],[31.45055978,49.625602556],[31.450386392,49.625433027],[31.448934186,49.626050229],[31.448901607,49.626258986],[31.44900865,49.626340339]]]]},"id":"245"},{"type":"Feature","properties":{"id":"246"},"geometry":{"type":"MultiPolygon","coordinates":[[[[31.39294599,49.644136066],[31.395479624,49.643843131],[31.395478168,49.643837717],[31.395304752,49.643205386],[31.395277262,49.643105381],[31.394061314,49.643246033],[31.39403115,49.643288263],[31.39388102,49.643447832],[31.393771686,49.643553286],[31.393255754,49.643951273],[31.39294599,49.644136066]]]]},"id":"246"},{"type":"Feature","properties":{"id":"247"},"geometry":{"type":"MultiPolygon","coordinates":[[[[31.370361922,49.630875058],[31.3710248,49.630804384],[31.371077124,49.630798868],[31.370527289,49.628542236],[31.369801984,49.62861958],[31.370361922,49.630875058]]]]},"id":"247"},{"type":"Feature","properties":{"id":"248"},"geometry":{"type":"MultiPolygon","coordinates":[[[[31.621767127,49.463584839],[31.622160075,49.463495888],[31.62206055911992,49.46315254398506],[31.621976839486653,49.462863699280135],[31.621976831,49.46286367],[31.621544277,49.462916931],[31.621739635,49.46359099],[31.621767127,49.463584839]]]]},"id":"248"},{"type":"Feature","properties":{"id":"249"},"geometry":{"type":"MultiPolygon","coordinates":[[[[31.581058266,49.519915066],[31.580127927,49.520005039],[31.579248155,49.519998576],[31.579231371,49.520193651],[31.58200599,49.520172645],[31.582085536,49.519243026],[31.581058266,49.519915066]]]]},"id":"249"},{"type":"Feature","properties":{"id":"250"},"geometry":{"type":"MultiPolygon","coordinates":[[[[31.628774244,49.458329891],[31.628609464,49.458413082],[31.628519849,49.458482216],[31.6285668,49.459115762],[31.628956951,49.459098785],[31.628893695,49.45824533],[31.628774244,49.458329891]]]]},"id":"250"},{"type":"Feature","properties":{"id":"251"},"geometry":{"type":"MultiPolygon","coordinates":[[[[31.554467837,49.444715697],[31.554725229,49.444661071],[31.554233367,49.44365566],[31.553975966,49.443710555],[31.554467837,49.444715697]]]]},"id":"251"},{"type":"Feature","properties":{"id":"252"},"geometry":{"type":"MultiPolygon","coordinates":[[[[31.576651965,49.505377051],[31.575853044,49.505342708],[31.57569554,49.505245598],[31.575784702,49.504499575],[31.575580329,49.503944249],[31.575561375,49.503945808],[31.575378017,49.505427112],[31.57727378,49.505511498],[31.577314791,49.505180666],[31.577360068,49.504814631],[31.577381403,49.504641806],[31.576941509,49.504619953],[31.576651965,49.505377051]]]]},"id":"252"},{"type":"Feature","properties":{"id":"253"},"geometry":{"type":"MultiPolygon","coordinates":[[[[31.561879084,49.555922064],[31.563265161,49.555432029],[31.564518183,49.554938833],[31.564577927,49.554915315],[31.564857829,49.554805099],[31.56498233,49.554798816],[31.565187679,49.554821611],[31.565385088,49.554797404],[31.566255572,49.554351805],[31.566284971,49.554354108],[31.566369941,49.554406405],[31.566494357,49.554419102],[31.566801607,49.554302266],[31.566897349,49.554165923],[31.566924021,49.554043044],[31.566955072,49.553928838],[31.566944222,49.553867246],[31.566753088,49.553664211],[31.566825524,49.553575597],[31.566885956,49.553501458],[31.566770773,49.55329391],[31.566523219,49.553135915],[31.566303817,49.553089359],[31.566256558,49.553052657],[31.56696205,49.552669023],[31.567770743,49.552229311],[31.568586533,49.551785686],[31.568546888,49.551748684],[31.567974352,49.552060023],[31.567282687,49.55243613],[31.566688357,49.552759245],[31.566212163,49.553018129],[31.565411927,49.552396657],[31.565272005,49.552305979],[31.565141502,49.552315169],[31.565089631,49.55235377],[31.563628171,49.553439072],[31.563569901,49.553457482],[31.563286971,49.553488278],[31.563148281,49.553549377],[31.563008607,49.553641396],[31.56299942,49.553644377],[31.562168087,49.552974886],[31.561206102,49.552200307],[31.560442726,49.551585568],[31.560019192,49.551244502],[31.559968844,49.551275566],[31.560932824,49.552051791],[31.561538881,49.552539816],[31.562138558,49.553022753],[31.562936413,49.55366518],[31.562896227,49.553678518],[31.561125671,49.554992357],[31.561101893,49.55506518],[31.561093384,49.555091096],[31.561624169,49.555578055],[31.561211206,49.55578025],[31.561048098,49.555896798],[31.561065934,49.555946932],[31.561088374,49.556009246],[31.561271398,49.556136878],[31.561879084,49.555922064]],[[31.566674925572084,49.55366349043577],[31.5667628293445,49.55376598358947],[31.56690166402856,49.55390797105694],[31.566891863933208,49.55401287198047],[31.566787329582866,49.554254461129226],[31.566588060977526,49.55434664614732],[31.566475359881046,49.554385851217226],[31.566378992276835,49.55436571888796],[31.5663022248633,49.55431803702239],[31.566215657354416,49.55432863299654],[31.56548718360045,49.55470055023276],[31.56537121580553,49.55475035090124],[31.56523564781993,49.55477048307194],[31.565082112992865,49.55476306595738],[31.564941644959582,49.5547673043087],[31.5648077103232,49.554765185133085],[31.563862001122423,49.555143456523176],[31.561297642840522,49.556084354164625],[31.561247009014572,49.556056805617416],[31.561168608251812,49.556015482767435],[31.561158731415606,49.555984362330825],[31.561151812,49.555987194],[31.561123504,49.555906945],[31.561257962,49.555813717],[31.561719489,49.555587733],[31.561167367,49.555081176],[31.561189686,49.555013201],[31.562939475,49.553714747],[31.56296785,49.553705264],[31.563049908,49.553678507],[31.563192951,49.553584355],[31.563313368,49.553531295],[31.563591323,49.553500996],[31.563671144,49.553475751],[31.565175929,49.552358244],[31.565246501,49.552353242],[31.565360627,49.552427265],[31.566263266,49.553128332],[31.566486111,49.553175624],[31.56671073,49.553318957],[31.566810147,49.553497968],[31.566674925572084,49.55366349043577]]]]},"id":"253"},{"type":"Feature","properties":{"id":"254"},"geometry":{"type":"MultiPolygon","coordinates":[[[[31.63513,49.498953],[31.635228,49.499912],[31.635431,49.499644],[31.63588,49.49973],[31.636492,49.500245],[31.636982,49.500589],[31.637535,49.501059],[31.638794,49.501803],[31.639366,49.502108],[31.639381,49.501927],[31.639546,49.499924],[31.639639,49.498798],[31.638698,49.498775],[31.637716,49.498751],[31.637748,49.497693],[31.635241,49.497627],[31.63521,49.498671],[31.635204,49.498689],[31.63513,49.498953]],[[31.636924,49.500148],[31.63931,49.500206],[31.639074,49.501515],[31.638555,49.501347],[31.637544,49.500779],[31.637245,49.500509],[31.636891,49.500203],[31.636924,49.500148]],[[31.635391,49.498961],[31.635434,49.498939],[31.636255,49.499615],[31.636212,49.499637],[31.635391,49.498961]]]]},"id":"254"},{"type":"Feature","properties":{"id":"255"},"geometry":{"type":"MultiPolygon","coordinates":[[[[31.554752413542516,49.44465531039684],[31.554982634,49.444606525],[31.554982755141246,49.44460649933352],[31.554491,49.443601],[31.55423348296467,49.44365589704241],[31.554725176359096,49.44466096339717],[31.554752413542516,49.44465531039684]]]]},"id":"255"},{"type":"Feature","properties":{"id":"256"},"geometry":{"type":"MultiPolygon","coordinates":[[[[31.568385505,49.439182702],[31.568585026,49.439456091],[31.568832,49.439327936],[31.56909098,49.439148971],[31.56932404,49.43895302],[31.569127878,49.43874648],[31.568385505,49.439182702]]]]},"id":"256"},{"type":"Feature","properties":{"id":"257"},"geometry":{"type":"MultiPolygon","coordinates":[[[[31.60425944176734,49.45205728922721],[31.604204,49.452032],[31.603967357250788,49.451946490435155],[31.603964567184384,49.45194552308562],[31.60396440726659,49.45194568680139],[31.603966454,49.451946422],[31.603284316,49.452642382],[31.603553665694523,49.452776787392175],[31.60425944176734,49.45205728922721]]]]},"id":"257"},{"type":"Feature","properties":{"id":"258"},"geometry":{"type":"MultiPolygon","coordinates":[[[[31.641337603,49.461119255],[31.641383081,49.461089915],[31.641352986,49.461091489],[31.641185507,49.461099956],[31.640864507,49.46111618],[31.640711247,49.461123946],[31.640562967,49.461131472],[31.640419238,49.461138767],[31.640279509,49.461145914],[31.640141021,49.461152879],[31.640002409,49.461159943],[31.639863645,49.461166917],[31.639724895,49.461173971],[31.639585993,49.461181035],[31.639446953,49.46118809],[31.639307927,49.461195144],[31.639168611,49.461202199],[31.639022813,49.461209567],[31.638859898,49.461217791],[31.638694349,49.461226181],[31.638528248,49.461234651],[31.638362989,49.46124295],[31.638200336,49.461251272],[31.638042387,49.461259265],[31.637889278,49.461267027],[31.637739052,49.461274623],[31.637562607,49.461283563],[31.637376217,49.461292955],[31.637189538,49.461302447],[31.637026209,49.461310759],[31.636898354,49.461317177],[31.636774099,49.461323528],[31.636635472,49.461330498],[31.63648428,49.461338183],[31.636312248,49.461346874],[31.636138285,49.461355737],[31.635964597,49.461364509],[31.63579091,49.461373282],[31.635617209,49.461382144],[31.635443521,49.461390915],[31.635284605,49.461398986],[31.635155233,49.461405485],[31.635025032,49.461412066],[31.634868185,49.461420062],[31.634694221,49.461428833],[31.63452012,49.461437685],[31.634346004,49.461446455],[31.634171765,49.461455307],[31.633997525,49.461464167],[31.633823147,49.461472928],[31.63366892,49.461480767],[31.633529878,49.461487814],[31.633385871,49.461495101],[31.633234417,49.461502774],[31.633076327,49.46151076],[31.63290526,49.461519462],[31.6325558,49.461537162],[31.63220634,49.46155486],[31.632032789,49.461563626],[31.631854535,49.461572623],[31.631673398,49.461581784],[31.631489903,49.46159111],[31.631303924,49.461600501],[31.631115312,49.461610056],[31.630922989,49.461619759],[31.630729135,49.461629545],[31.630535833,49.461639419],[31.630344047,49.46164904],[31.630153104,49.461658749],[31.629962698,49.461668377],[31.629772995,49.461678012],[31.629583692,49.461687557],[31.629394265,49.461697102],[31.629204838,49.461706736],[31.628989439,49.461717612],[31.628179649,49.461758621],[31.627309252,49.461802594],[31.626435406,49.461846799],[31.625551462,49.461891547],[31.624650965,49.461937071],[31.624647591,49.461955659],[31.62532151,49.46193018],[31.625464656,49.461924792],[31.625085955,49.462299122],[31.624640736,49.462604612],[31.624453039,49.463081891],[31.624557963,49.463682324],[31.624693957,49.464179503],[31.624871721,49.464609383],[31.627887619,49.464769547],[31.628934296,49.464839023],[31.628610811,49.465351705],[31.627816348,49.466197296],[31.627795171,49.466271497],[31.62845099,49.46557349],[31.628647843,49.465363946],[31.628742803,49.465213515],[31.628892414,49.464976366],[31.628957437,49.464973084],[31.62918376,49.464961656],[31.62941007,49.464950236],[31.62963638,49.464938807],[31.629862137,49.464927378],[31.630086102,49.464916032],[31.630309376,49.464904668],[31.630531547,49.464893485],[31.630751235,49.464882366],[31.630970372,49.46487124],[31.631189494,49.464860211],[31.631408354,49.464849084],[31.631627214,49.464838055],[31.631845923,49.464826927],[31.632064369,49.464815889],[31.632282953,49.46480485],[31.632501523,49.464793721],[31.632720107,49.464782681],[31.632938815,49.46477165],[31.633157398,49.46476052],[31.633376257,49.464749479],[31.633594965,49.464738446],[31.634141761,49.464710706],[31.63469628,49.464682666],[31.635634805,49.464635114],[31.635672014,49.464606163],[31.635581985,49.46461071],[31.635411596,49.464619325],[31.635246587,49.464627709],[31.635083385,49.464636019],[31.634920858,49.464644246],[31.634758897,49.464652392],[31.634597626,49.464660617],[31.634436754,49.46466877],[31.634276448,49.464676833],[31.634117383,49.464684902],[31.633961215,49.464692815],[31.633813475,49.464700251],[31.633674286,49.464707299],[31.633533042,49.464714511],[31.633384322,49.464722028],[31.633233961,49.464729619],[31.633076689,49.464737613],[31.632756752,49.464753831],[31.632596859,49.464761891],[31.632436828,49.46476995],[31.632276797,49.464778099],[31.632116904,49.464786167],[31.631956873,49.464794315],[31.631796829,49.464802374],[31.631636935,49.464810432],[31.631476904,49.46481858],[31.631317011,49.464826646],[31.63115698,49.464834794],[31.630996949,49.464842851],[31.630837041,49.464850998],[31.63067701,49.464859055],[31.630516978,49.464867121],[31.630357085,49.464875267],[31.630197053,49.464883323],[31.630037008,49.464891469],[31.629877114,49.464899533],[31.629716945,49.464907589],[31.629556775,49.464915735],[31.629396467,49.46492388],[31.629236022,49.464931926],[31.629075424,49.464940072],[31.628910013,49.464948447],[31.62899361,49.464815822],[31.628894405,49.464809234],[31.628716511,49.464797464],[31.628536135,49.46478549],[31.628353288,49.46477333],[31.62816782,49.464761046],[31.627979593,49.464748568],[31.627891398,49.464742686],[31.62778872,49.464737242],[31.627595353,49.464726972],[31.627399089,49.464716587],[31.627199927,49.464706007],[31.626997882,49.464695223],[31.626792525,49.464684317],[31.626583996,49.464673306],[31.626371879,49.464661992],[31.626156037,49.464650557],[31.625936483,49.464638828],[31.625712805,49.464626978],[31.625484698,49.464614916],[31.625252052,49.464602544],[31.625014576,49.46458987],[31.624904048,49.464584001],[31.624734348,49.464173606],[31.624598869,49.463678414],[31.624560683,49.463459724],[31.62449509,49.463083743],[31.624678154,49.462618113],[31.624831353,49.462512993],[31.625086371,49.462337963],[31.625118484,49.462315999],[31.625297515,49.462139055],[31.625479352,49.461959249],[31.625517274,49.461921867],[31.625661169,49.461913061],[31.625846046,49.461903672],[31.626030233,49.461894363],[31.626213869,49.461885046],[31.626397229,49.461875819],[31.62658045,49.461866502],[31.626764913,49.461857201],[31.626950617,49.461847809],[31.627136459,49.461838425],[31.627322163,49.461829032],[31.627508571,49.461819558],[31.62769593,49.46181009],[31.627883702,49.461800631],[31.628071613,49.461791073],[31.628453806,49.46177175],[31.628645164,49.461762133],[31.628835985,49.461752417],[31.629026378,49.461742792],[31.62921637,49.461733166],[31.629405936,49.461723622],[31.629595376,49.461713987],[31.629784666,49.461704443],[31.629974093,49.461694897],[31.630163671,49.461685262],[31.630360698,49.46167533],[31.630555793,49.461665373],[31.630751992,49.461655522],[31.630947915,49.461645572],[31.631140238,49.461635869],[31.63133023,49.46162624],[31.631518691,49.461616684],[31.631706324,49.46160721],[31.631886371,49.461598041],[31.632048599,49.461589818],[31.632206826,49.461581833],[31.632352227,49.461574474],[31.632499682,49.461567041],[31.63265293,49.461559286],[31.632810054,49.461551293],[31.632953923,49.461544007],[31.633086331,49.461537363],[31.633219994,49.461530538],[31.633353091,49.461523803],[31.633493926,49.461516682],[31.633641933,49.461509156],[31.633801263,49.461501087],[31.633980482,49.461492087],[31.634163839,49.461482766],[31.634408213,49.46147039],[31.634469382,49.461467244],[31.634530414,49.461464197],[31.63471377,49.461454867],[31.634803228,49.461450411],[31.634885389,49.46144626],[31.635036982,49.461438495],[31.635359931,49.461422213],[31.635553093,49.461412411],[31.635746656,49.461402618],[31.635940508,49.461392743],[31.636134774,49.461382958],[31.636329453,49.461373081],[31.636524408,49.461363204],[31.636719501,49.461353335],[31.636904788,49.461343927],[31.637081785,49.461334997],[31.637261968,49.461325828],[31.637457475,49.461315958],[31.638026588,49.461287112],[31.638231073,49.461276771],[31.638453639,49.461265482],[31.638691943,49.461253409],[31.638949583,49.461240315],[31.639229442,49.461226124],[31.639546582,49.461210052],[31.639906809,49.461191779],[31.640343375,49.461169672],[31.641337603,49.461119255]]]]},"id":"258"},{"type":"Feature","properties":{"id":"259"},"geometry":{"type":"MultiPolygon","coordinates":[[[[31.539782123,49.54092472],[31.541807076,49.539923879],[31.541558663,49.539718161],[31.539528901329053,49.54072151579823],[31.539782123,49.54092472]]]]},"id":"259"},{"type":"Feature","properties":{"id":"260"},"geometry":{"type":"MultiPolygon","coordinates":[[[[31.642249,49.46047],[31.642126,49.459443],[31.641992,49.459451],[31.64213,49.460605],[31.642249,49.46047]]]]},"id":"260"}]}