{"type":"FeatureCollection","name":"75_лес_3","crs":{"type":"name","properties":{"name":"urn:ogc:def:crs:OGC:1.3:CRS84"}},"features":[{"type":"Feature","properties":{"id":"1"},"geometry":{"type":"MultiPolygon","coordinates":[[[[31.482011561638995,49.50914904888947],[31.483596088674727,49.509099955092566],[31.483608008685955,49.50898452004213],[31.482023623445496,49.50903361524247],[31.482017589750726,49.50909146691318],[31.482011561638995,49.50914904888947]]]]},"id":"1"},{"type":"Feature","properties":{"id":"2"},"geometry":{"type":"MultiPolygon","coordinates":[[[[31.591167204901897,49.449527150847565],[31.591649615936806,49.44903506236867],[31.59126221577551,49.448841578652086],[31.590743114431287,49.449371141168776],[31.59109884064749,49.44949514327633],[31.591167204901897,49.449527150847565]]]]},"id":"2"},{"type":"Feature","properties":{"id":"3"},"geometry":{"type":"MultiPolygon","coordinates":[[[[31.479477882385197,49.51033048025258],[31.479735374450623,49.5103026148423],[31.479821205139103,49.50943877925081],[31.479349136352482,49.509466645153154],[31.47926330566401,49.51033048025258],[31.479477882385197,49.51033048025258]]]]},"id":"3"},{"type":"Feature","properties":{"id":"4"},"geometry":{"type":"MultiPolygon","coordinates":[[[[31.479735374450623,49.5103026148423],[31.47986412048334,49.510274749416155],[31.480250358581483,49.51024688397415],[31.480336189269963,49.5093830473985],[31.479821205139103,49.50943877925081],[31.479735374450623,49.5103026148423]]]]},"id":"4"},{"type":"Feature","properties":{"id":"5"},"geometry":{"type":"MultiPolygon","coordinates":[[[[31.49213790893549,49.50982890043912],[31.49213790893549,49.50966170602509],[31.490507125854435,49.50955024276493],[31.490507125854435,49.50971743755993],[31.49213790893549,49.50982890043912]]]]},"id":"5"},{"type":"Feature","properties":{"id":"6"},"geometry":{"type":"MultiPolygon","coordinates":[[[[31.482095718383732,49.50846346266856],[31.483683586120545,49.50840772970512],[31.483683586120545,49.50824053043381],[31.48213863372797,49.50826839701871],[31.482095718383732,49.508379863199586],[31.482095718383732,49.50846346266856]]]]},"id":"6"},{"type":"Feature","properties":{"id":"7"},"geometry":{"type":"MultiPolygon","coordinates":[[[[31.493768692016545,49.50846346266856],[31.493811607360783,49.50824053043381],[31.492309570312443,49.50824053043381],[31.492309570312443,49.50826839701871],[31.49226665496821,49.50843559619478],[31.493768692016545,49.50846346266856]]]]},"id":"7"},{"type":"Feature","properties":{"id":"8"},"geometry":{"type":"MultiPolygon","coordinates":[[[[31.480379104614197,49.50966170602509],[31.481966972351017,49.50960597442675],[31.482009887695256,49.50935518144854],[31.480422019958436,49.50941091333259],[31.480379104614197,49.50966170602509]]]]},"id":"8"},{"type":"Feature","properties":{"id":"9"},"geometry":{"type":"MultiPolygon","coordinates":[[[[31.481881141662544,49.5107484595018],[31.483469009399364,49.51069272914159],[31.483469009399364,49.51049767238084],[31.481881141662544,49.51055340296329],[31.481881141662544,49.5107484595018]]]]},"id":"9"},{"type":"Feature","properties":{"id":"10"},"geometry":{"type":"MultiPolygon","coordinates":[[[[31.629588882,49.460131978],[31.629772995,49.461678012],[31.629962698,49.461668377],[31.629778453,49.460121804],[31.629588882,49.460131978]]]]},"id":"10"},{"type":"Feature","properties":{"id":"11"},"geometry":{"type":"MultiPolygon","coordinates":[[[[31.592892274,49.4474871],[31.592616317,49.447349277],[31.591912788,49.448066974],[31.591953122,49.448087119],[31.592188747,49.448204798],[31.592892274,49.4474871]]]]},"id":"11"},{"type":"Feature","properties":{"id":"12"},"geometry":{"type":"MultiPolygon","coordinates":[[[[31.449320981,49.629366889],[31.450622242,49.628940615],[31.450322441,49.628554484],[31.449021174,49.628980665],[31.449189482,49.629197585],[31.449320981,49.629366889]]]]},"id":"12"},{"type":"Feature","properties":{"id":"13"},"geometry":{"type":"MultiPolygon","coordinates":[[[[31.435332773,49.619942619],[31.435907877,49.618758129],[31.435831321550182,49.61874375450408],[31.43561842333808,49.618704850975384],[31.435397354179926,49.6191602774785],[31.435041151933653,49.61989532383707],[31.435332773,49.619942619]]]]},"id":"13"},{"type":"Feature","properties":{"id":"14"},"geometry":{"type":"MultiPolygon","coordinates":[[[[31.592067625,49.447075228],[31.591793288,49.446938211],[31.591089752,49.447655903],[31.591116323,49.447669171],[31.591364091,49.447792921],[31.592067625,49.447075228]]]]},"id":"14"},{"type":"Feature","properties":{"id":"15"},"geometry":{"type":"MultiPolygon","coordinates":[[[[31.627872,49.463292],[31.627992,49.463286],[31.62806,49.463283],[31.627884,49.461801],[31.627696,49.46181],[31.627872,49.463292]]]]},"id":"15"},{"type":"Feature","properties":{"id":"16"},"geometry":{"type":"MultiPolygon","coordinates":[[[[31.620798625,49.463882384],[31.621183643,49.46521074],[31.621392982,49.46516917],[31.621006526,49.463835862],[31.620798625,49.463882384]]]]},"id":"16"},{"type":"Feature","properties":{"id":"17"},"geometry":{"type":"MultiPolygon","coordinates":[[[[31.621218093,49.46614773],[31.621629739,49.467029144],[31.621844629,49.46690858],[31.621466334,49.466098458],[31.621276379,49.466136124],[31.621218093,49.46614773]]]]},"id":"17"},{"type":"Feature","properties":{"id":"18"},"geometry":{"type":"MultiPolygon","coordinates":[[[[31.619296085,49.465613232],[31.619687238,49.466451247],[31.619863076,49.46641644],[31.619961654,49.466396863],[31.61957036,49.465558849],[31.619296085,49.465613232]]]]},"id":"18"},{"type":"Feature","properties":{"id":"19"},"geometry":{"type":"MultiPolygon","coordinates":[[[[31.616801419,49.466107954],[31.61719263,49.466945969],[31.617331833,49.46691836],[31.617405358,49.466903791],[31.617014144,49.466065769],[31.616801419,49.466107954]]]]},"id":"19"},{"type":"Feature","properties":{"id":"20"},"geometry":{"type":"MultiPolygon","coordinates":[[[[31.61824,49.464455],[31.618607,49.465722],[31.618717,49.4657],[31.618349,49.464431],[31.61824,49.464455]]]]},"id":"20"},{"type":"Feature","properties":{"id":"21"},"geometry":{"type":"MultiPolygon","coordinates":[[[[31.601672,49.455026],[31.602204,49.454993],[31.602666,49.454522],[31.60233,49.454354],[31.601672,49.455026]]]]},"id":"21"},{"type":"Feature","properties":{"id":"22"},"geometry":{"type":"MultiPolygon","coordinates":[[[[31.634782271,49.471265409],[31.635006367,49.471301877],[31.63584252,49.470124851],[31.635622689,49.4700824],[31.634782271,49.471265409]]]]},"id":"22"},{"type":"Feature","properties":{"id":"23"},"geometry":{"type":"MultiPolygon","coordinates":[[[[31.603820362,49.452909988],[31.604082644,49.453040962],[31.604804273,49.452304654],[31.604533984,49.452181807],[31.603820362,49.452909988]]]]},"id":"23"},{"type":"Feature","properties":{"id":"24"},"geometry":{"type":"MultiPolygon","coordinates":[[[[31.563666,49.524132],[31.563628,49.524017],[31.563621,49.523972],[31.563608,49.523894],[31.563678,49.522845],[31.563737,49.521954],[31.563829,49.520585],[31.563849,49.520354],[31.563852,49.520309],[31.563965,49.519003],[31.564031,49.518231],[31.564776,49.518209],[31.565407,49.51819],[31.565515,49.518189],[31.56625,49.518179],[31.566985,49.518169],[31.567735,49.518167],[31.568511,49.518168],[31.569318,49.518169],[31.569392,49.518124],[31.568512,49.518123],[31.56699,49.518124],[31.566249,49.518134],[31.565513,49.518144],[31.564765,49.518164],[31.564031,49.518186],[31.563962,49.518184],[31.563962,49.51823],[31.563935,49.518541],[31.563861,49.519408],[31.563783,49.520307],[31.563752,49.520698],[31.563713,49.521287],[31.563668,49.521955],[31.563637,49.522424],[31.563584,49.523218],[31.563539,49.523896],[31.563559,49.524018],[31.563597,49.524134],[31.563666,49.524132]]]]},"id":"24"},{"type":"Feature","properties":{"id":"25"},"geometry":{"type":"MultiPolygon","coordinates":[[[[31.552477269,49.52426303],[31.552478864,49.524307976],[31.553881739,49.524286997],[31.554506666,49.524277643],[31.554809879,49.52427554],[31.555764846,49.524268954],[31.556585824,49.524263252],[31.556661954,49.524262074],[31.557325277,49.524252029],[31.558022231,49.524241433],[31.558809845,49.524229475],[31.55955217,49.52421819],[31.559719528,49.524216558],[31.561009467,49.524203966],[31.562311257,49.524191245],[31.563562882,49.524178995],[31.563667602,49.52417741],[31.565013537,49.524157046],[31.565811603,49.524144953],[31.566295173,49.524144633],[31.56757612,49.524143823],[31.567670042,49.524143777],[31.568863261,49.524137564],[31.570152473,49.524130949],[31.570151926,49.524085975],[31.568862715,49.524092645],[31.567669745,49.524098822],[31.567576114,49.524098876],[31.566295127,49.524099695],[31.565810756,49.524099997],[31.565011931,49.5241121],[31.563665983,49.524132473],[31.563596952,49.524133517],[31.563561553,49.524134049],[31.562310192,49.524146299],[31.561008431,49.52415902],[31.559718492,49.524171612],[31.559550845,49.524173244],[31.558808231,49.524184529],[31.558020617,49.524196505],[31.557323678,49.524207083],[31.556660328,49.524217154],[31.55658464,49.524218306],[31.555764174,49.52422398],[31.554809179,49.524230593],[31.554505498,49.524232696],[31.553880157,49.524242051],[31.552477269,49.52426303]]]]},"id":"25"},{"type":"Feature","properties":{"id":"26"},"geometry":{"type":"MultiPolygon","coordinates":[[[[31.636504742,49.471504628],[31.636719334,49.471506686],[31.637695103,49.470133059],[31.637463613,49.470154814],[31.636504742,49.471504628]]]]},"id":"26"},{"type":"Feature","properties":{"id":"27"},"geometry":{"type":"MultiPolygon","coordinates":[[[[31.632662645,49.470387159],[31.6325651,49.470222875],[31.632495691,49.470105735],[31.632180586,49.470496028],[31.631777715,49.470995079],[31.631468237,49.471378486],[31.63116834,49.471749922],[31.631624588,49.471884624],[31.631842551,49.471933999],[31.63297707,49.470528519],[31.632939014,49.470511426],[31.632736562,49.470420441],[31.632662645,49.470387159]]]]},"id":"27"},{"type":"Feature","properties":{"id":"28"},"geometry":{"type":"MultiPolygon","coordinates":[[[[31.576138259272565,49.50283875455396],[31.576166152954045,49.50277837333642],[31.57616818207511,49.50277870276961],[31.576169912,49.502775231],[31.576447087354914,49.502823983782235],[31.576681137084904,49.50286198237726],[31.576852798461857,49.503084939121045],[31.576890144350465,49.50321832847297],[31.576950643,49.503370852],[31.577056795,49.502336522],[31.575739824,49.502277894],[31.575632775,49.503321654],[31.575891988,49.503332994],[31.576138259272565,49.50283875455396]]]]},"id":"28"},{"type":"Feature","properties":{"id":"29"},"geometry":{"type":"MultiPolygon","coordinates":[[[[31.600911965,49.453646235],[31.600773627,49.453577168],[31.599389608,49.454989185],[31.599544741,49.455041139],[31.600911965,49.453646235]]]]},"id":"29"},{"type":"Feature","properties":{"id":"30"},"geometry":{"type":"MultiPolygon","coordinates":[[[[31.442573643,49.623568426],[31.442627931,49.62380837],[31.442609967,49.623937274],[31.443152563,49.623540401],[31.443182781,49.623500585],[31.443225771,49.623438452],[31.442637501,49.623099136],[31.442627586945157,49.62310638838854],[31.442635059356633,49.62311080819222],[31.442198672818,49.623433889064074],[31.442573643,49.623568426]]]]},"id":"30"},{"type":"Feature","properties":{"id":"31"},"geometry":{"type":"MultiPolygon","coordinates":[[[[31.448701149,49.62856842],[31.44881878,49.628719935],[31.448998366,49.628951299],[31.449021174,49.628980665],[31.450322441,49.628554484],[31.450002408,49.628142152],[31.448701149,49.62856842]]]]},"id":"31"},{"type":"Feature","properties":{"id":"32"},"geometry":{"type":"MultiPolygon","coordinates":[[[[31.441240897,49.623287001],[31.44143662753546,49.62331705611083],[31.441748210081098,49.62309685906176],[31.442138569,49.622811263],[31.441762164,49.622594102],[31.440961418,49.623179874],[31.441240897,49.623287001]]]]},"id":"32"},{"type":"Feature","properties":{"id":"33"},"geometry":{"type":"MultiPolygon","coordinates":[[[[31.620374715,49.465399366],[31.620765967,49.466237368],[31.620988424,49.46619325],[31.621218148,49.466147694],[31.621276365,49.466136142],[31.620885105,49.465298141],[31.620374715,49.465399366]]]]},"id":"33"},{"type":"Feature","properties":{"id":"34"},"geometry":{"type":"MultiPolygon","coordinates":[[[[31.624941773,49.463440486],[31.625112711,49.463431796],[31.625215994,49.46342664],[31.625086371,49.462337963],[31.624831353,49.462512993],[31.624941773,49.463440486]]]]},"id":"34"},{"type":"Feature","properties":{"id":"35"},"geometry":{"type":"MultiPolygon","coordinates":[[[[31.388097145,49.625967249],[31.388271255,49.626120615],[31.388396927,49.626248598],[31.38864941,49.626618391],[31.388676121,49.626728674],[31.388787604,49.626894674],[31.390046972,49.626764036],[31.390354538,49.626755157],[31.390556142,49.62678724],[31.390685938,49.626869469],[31.390694114,49.625976443],[31.388097145,49.625967249]]]]},"id":"35"},{"type":"Feature","properties":{"id":"36"},"geometry":{"type":"MultiPolygon","coordinates":[[[[31.388097145,49.625967249],[31.390694114,49.625976443],[31.390694596,49.625921841],[31.390702799,49.625022819],[31.390424234,49.625145156],[31.389578087,49.625283414],[31.389051639,49.625184566],[31.388537192,49.625454683],[31.387720974,49.625742045],[31.388047888,49.625923864],[31.388097145,49.625967249]]]]},"id":"36"},{"type":"Feature","properties":{"id":"37"},"geometry":{"type":"MultiPolygon","coordinates":[[[[31.613580537,49.465036661],[31.613463578,49.465035589],[31.61313836,49.465597043],[31.613554046,49.466285198],[31.613831334,49.466599234],[31.61401939,49.466613803],[31.614113204,49.466192371],[31.61415351,49.465946222],[31.614029854,49.465657463],[31.613580537,49.465036661]]]]},"id":"37"},{"type":"Feature","properties":{"id":"38"},"geometry":{"type":"MultiPolygon","coordinates":[[[[31.654104531,49.503907289],[31.65397014,49.5038939],[31.65250431,49.503669673],[31.651927215,49.503581364],[31.650832458,49.503384492],[31.64935825,49.503119353],[31.648876391,49.503032722],[31.647883808,49.502963799],[31.647815136,49.502958977],[31.646628541,49.502876569],[31.646449758,49.502868775],[31.645140949,49.502811619],[31.644833727,49.502798192],[31.644034621,49.502679066],[31.642726994,49.502484054],[31.642640004,49.502460748],[31.6425724,49.502442624],[31.642268836,49.502361339],[31.642248211,49.502404432],[31.642706092,49.502527058],[31.644823697,49.502842801],[31.646622517,49.502921398],[31.648863479,49.503077039],[31.651910174,49.503624939],[31.653956955,49.503938037],[31.654100158,49.503952394],[31.654104531,49.503907289]]]]},"id":"38"},{"type":"Feature","properties":{"id":"39"},"geometry":{"type":"MultiPolygon","coordinates":[[[[31.653458056,49.500923431],[31.652830016,49.500589005],[31.652292806,49.50030282],[31.651839469,49.500061488],[31.651826874,49.500055462],[31.65136418,49.49983572],[31.650843714,49.499588672],[31.650698025,49.49951945],[31.650555413,49.499639155],[31.650696097,49.499710318],[31.651116522,49.499922916],[31.651884708,49.500311241],[31.652562311,49.500653762],[31.652854915,49.500817933],[31.653251035,49.501040051],[31.654215519,49.501544087],[31.654215684,49.501486543],[31.653295118,49.501005493],[31.652605979,49.500618926],[31.650652189,49.499631234],[31.65071144,49.499581498],[31.651797294,49.50009705],[31.653451186,49.500977864],[31.653458056,49.500923431]]]]},"id":"39"},{"type":"Feature","properties":{"id":"40"},"geometry":{"type":"MultiPolygon","coordinates":[[[[31.635241406,49.497627304],[31.637748168,49.497692704],[31.6381744,49.497703795],[31.638730245,49.497715755],[31.639725887,49.497737109],[31.63972957,49.497692274],[31.638176979,49.497658854],[31.63524276,49.497582355],[31.635241406,49.497627304]]]]},"id":"40"},{"type":"Feature","properties":{"id":"41"},"geometry":{"type":"MultiPolygon","coordinates":[[[[31.59510248,49.452894051],[31.595158413,49.452882981],[31.596546802,49.451466613],[31.596357384,49.451372066],[31.594937071,49.452821096],[31.59510248,49.452894051]]]]},"id":"41"},{"type":"Feature","properties":{"id":"42"},"geometry":{"type":"MultiPolygon","coordinates":[[[[31.621774583,49.465121719],[31.622418377,49.466500581],[31.622546437,49.466437264],[31.621918853,49.465093136],[31.621774583,49.465121719]]]]},"id":"42"},{"type":"Feature","properties":{"id":"43"},"geometry":{"type":"MultiPolygon","coordinates":[[[[31.624141065,49.463047429],[31.624185177,49.462591722],[31.623492403,49.462677016],[31.623633141,49.463162449],[31.624141065,49.463047429]]]]},"id":"43"},{"type":"Feature","properties":{"id":"44"},"geometry":{"type":"MultiPolygon","coordinates":[[[[31.548604855,49.520743343],[31.550016917,49.521749317],[31.550908181,49.522399163],[31.551415043,49.522964567],[31.552367242,49.524158342],[31.5524438,49.524156806],[31.551475543,49.522942853],[31.551131332,49.522558794],[31.550964352,49.522372561],[31.550569242,49.522084557],[31.550508648,49.522040365],[31.550068195,49.521719165],[31.549578567,49.521370418],[31.548655856,49.520713012],[31.548604855,49.520743343]]]]},"id":"44"},{"type":"Feature","properties":{"id":"45"},"geometry":{"type":"MultiPolygon","coordinates":[[[[31.624054,49.465214],[31.624078,49.465079],[31.624089,49.464663],[31.62349,49.464781],[31.623814,49.465474],[31.624054,49.465214]]]]},"id":"45"},{"type":"Feature","properties":{"id":"46"},"geometry":{"type":"MultiPolygon","coordinates":[[[[31.622816652,49.466303511],[31.622223310230137,49.46503277718433],[31.622223291,49.465032736],[31.622144723,49.46504832],[31.622746918,49.466338022],[31.622816652,49.466303511]]]]},"id":"46"},{"type":"Feature","properties":{"id":"47"},"geometry":{"type":"MultiPolygon","coordinates":[[[[31.621918839,49.465093118],[31.622546451,49.466437246],[31.622746918,49.466338022],[31.622144723,49.46504832],[31.621918839,49.465093118]]]]},"id":"47"},{"type":"Feature","properties":{"id":"48"},"geometry":{"type":"MultiPolygon","coordinates":[[[[31.61874111,49.465723324],[31.619132337,49.466561341],[31.619232639,49.466541448],[31.619336636,49.466520823],[31.619409677,49.466506335],[31.619018446,49.465668328],[31.61874111,49.465723324]]]]},"id":"48"},{"type":"Feature","properties":{"id":"49"},"geometry":{"type":"MultiPolygon","coordinates":[[[[31.62880396,49.487433687],[31.630441401,49.489797621],[31.631565486,49.489796989],[31.631565062,49.489602411],[31.632037801,49.489602098],[31.632039159,49.490493604],[31.635377105,49.490491463],[31.635547493,49.48880181],[31.633856287,49.488105623],[31.633329812,49.487538721],[31.631517755,49.487070253],[31.631465058,49.487404966],[31.631812335,49.487559527],[31.632018472,49.487774084],[31.631811821,49.488619703],[31.631930739,49.488779387],[31.631601646,49.488883286],[31.631419371,49.488638427],[31.631189644,49.488438983],[31.631157278,49.487646775],[31.631371495,49.487419638],[31.631380781,49.486901804],[31.630728294,49.486851939],[31.62880396,49.487433687]]]]},"id":"49"},{"type":"Feature","properties":{"id":"50"},"geometry":{"type":"MultiPolygon","coordinates":[[[[31.527066075,49.492539093],[31.526380737,49.491522054],[31.526125865,49.491566834],[31.526789883,49.49255232],[31.527066075,49.492539093]]]]},"id":"50"},{"type":"Feature","properties":{"id":"51"},"geometry":{"type":"MultiPolygon","coordinates":[[[[31.590490183,49.446287374],[31.590422812,49.446253664],[31.589716878,49.446970127],[31.589786693,49.447005022],[31.590490183,49.446287374]]]]},"id":"51"},{"type":"Feature","properties":{"id":"52"},"geometry":{"type":"MultiPolygon","coordinates":[[[[31.601157316,49.453734766],[31.601433512,49.453872658],[31.60212541,49.453166701],[31.601965534,49.453086874],[31.60184923,49.453028811],[31.601157316,49.453734766]]]]},"id":"52"},{"type":"Feature","properties":{"id":"53"},"geometry":{"type":"MultiPolygon","coordinates":[[[[31.45019815,49.626482864],[31.449435721,49.62680682],[31.449521296,49.62705055],[31.449845575,49.62719996],[31.4506601,49.626853987],[31.450276747,49.626677248],[31.45019815,49.626482864]]]]},"id":"53"},{"type":"Feature","properties":{"id":"54"},"geometry":{"type":"MultiPolygon","coordinates":[[[[31.377969891,49.634087876],[31.378167117,49.634047526],[31.379218803,49.633710335],[31.379286952,49.63344215],[31.379141556,49.633215227],[31.378773297,49.632736276],[31.378179905,49.632132571],[31.377494242,49.63220568],[31.377969891,49.634087876]]]]},"id":"54"},{"type":"Feature","properties":{"id":"55"},"geometry":{"type":"MultiPolygon","coordinates":[[[[31.570152473,49.524130949],[31.571455359,49.524124157],[31.572858959,49.524116902],[31.574555067,49.524108012],[31.57630841,49.524098835],[31.576377662,49.524098484],[31.576512355,49.524097765],[31.578094783,49.524093853],[31.579333198,49.524090765],[31.57971884,49.524089791],[31.580165393,49.524089753],[31.581056968,49.524089737],[31.582003003,49.524089693],[31.58322768,49.524089612],[31.58491466,49.524075704],[31.586045095,49.52406633],[31.58611443,49.524065802],[31.586278692,49.524063999],[31.586283379,49.524019516],[31.584864321,49.524031207],[31.583227231,49.524044666],[31.582002997,49.524044737],[31.58105699,49.52404479],[31.580165348,49.524044824],[31.579718712,49.524044835],[31.579332946,49.524045801],[31.577489503,49.52405039],[31.57651194,49.52405281],[31.576377137,49.524053519],[31.576307857,49.524053879],[31.574554501,49.524063056],[31.57285834,49.52407191],[31.571454782,49.524079211],[31.570151926,49.524085975],[31.570152473,49.524130949]]]]},"id":"55"},{"type":"Feature","properties":{"id":"56"},"geometry":{"type":"MultiPolygon","coordinates":[[[[31.589972584,49.448183395],[31.589688226,49.448041337],[31.588993715,49.448749703],[31.58930942,49.448859819],[31.589972584,49.448183395]]]]},"id":"56"},{"type":"Feature","properties":{"id":"57"},"geometry":{"type":"MultiPolygon","coordinates":[[[[31.558753631,49.541308755],[31.558678029,49.541554593],[31.559324249,49.542109307],[31.560365589,49.543106555],[31.561163584,49.543488154],[31.561236325,49.543448734],[31.561317885,49.543367933],[31.561319833,49.543323444],[31.561077771,49.543048685],[31.560763108,49.542711466],[31.560467684,49.54243061],[31.560336017,49.5423149],[31.560293207,49.54227733],[31.56026196,49.542249824],[31.560148543,49.542176164],[31.559856745,49.54200925],[31.558753631,49.541308755]]]]},"id":"57"},{"type":"Feature","properties":{"id":"58"},"geometry":{"type":"MultiPolygon","coordinates":[[[[31.600128771,49.453255271],[31.599878661,49.453130319],[31.598723763,49.454308565],[31.598889405,49.454519719],[31.600128771,49.453255271]]]]},"id":"58"},{"type":"Feature","properties":{"id":"59"},"geometry":{"type":"MultiPolygon","coordinates":[[[[31.647258415,49.459199013],[31.647295517,49.459151897],[31.645856705,49.459228848],[31.643671315,49.459371366],[31.643610035,49.459420543],[31.645457643,49.459300075],[31.645862962,49.459273581],[31.646509261,49.459239066],[31.647177514,49.45920327],[31.647258415,49.459199013]]]]},"id":"59"},{"type":"Feature","properties":{"id":"60"},"geometry":{"type":"MultiPolygon","coordinates":[[[[31.62011,49.465452],[31.620501,49.46629],[31.620517,49.466287],[31.620747,49.466241],[31.620766,49.466237],[31.620375,49.465399],[31.62011,49.465452]]]]},"id":"60"},{"type":"Feature","properties":{"id":"61"},"geometry":{"type":"MultiPolygon","coordinates":[[[[31.623158872,49.46613413],[31.623411259,49.465890486],[31.622944043,49.464889795],[31.622557359,49.464966531],[31.623113072,49.466156801],[31.623158872,49.46613413]]]]},"id":"61"},{"type":"Feature","properties":{"id":"62"},"geometry":{"type":"MultiPolygon","coordinates":[[[[31.618675,49.464358],[31.619045,49.465635],[31.619263,49.465592],[31.618891,49.464309],[31.618675,49.464358]]]]},"id":"62"},{"type":"Feature","properties":{"id":"63"},"geometry":{"type":"MultiPolygon","coordinates":[[[[31.631598,49.469078],[31.632263,49.468322],[31.632038,49.468124],[31.631401,49.468848],[31.631598,49.469078]]]]},"id":"63"},{"type":"Feature","properties":{"id":"64"},"geometry":{"type":"MultiPolygon","coordinates":[[[[31.600296715,49.518391609],[31.601693437,49.518417924],[31.603866371,49.518464183],[31.606480805,49.518519742],[31.607524882,49.518550635],[31.607593897,49.518552693],[31.607689415699404,49.51855552625636],[31.609015355,49.518594856],[31.610967217,49.518624519],[31.610972446,49.518579603],[31.609017686,49.518549916],[31.606483567,49.518474802],[31.601695512,49.518372984],[31.600301264,49.518346685],[31.600296715,49.518391609]]]]},"id":"64"},{"type":"Feature","properties":{"id":"65"},"geometry":{"type":"MultiPolygon","coordinates":[[[[31.619687307,49.466451283],[31.61965089,49.466458505],[31.620136804,49.467499254],[31.62035414,49.467468315],[31.619863035,49.466416431],[31.619687307,49.466451283]]]]},"id":"65"},{"type":"Feature","properties":{"id":"66"},"geometry":{"type":"MultiPolygon","coordinates":[[[[31.602397973,49.454981479],[31.602721565,49.455169399],[31.603129423,49.454753288],[31.602666205,49.45452203],[31.602204241,49.454993375],[31.602397973,49.454981479]]]]},"id":"66"},{"type":"Feature","properties":{"id":"67"},"geometry":{"type":"MultiPolygon","coordinates":[[[[31.419945895,49.626315767],[31.419786542,49.626317697],[31.419259605,49.626336247],[31.418731907,49.626420779],[31.41819806,49.62661351],[31.418588669,49.627695325],[31.420422228,49.627415824],[31.420246062,49.626788012],[31.420131873,49.626468294],[31.419945895,49.626315767]]]]},"id":"67"},{"type":"Feature","properties":{"id":"68"},"geometry":{"type":"MultiPolygon","coordinates":[[[[31.626218697,49.463375867],[31.626371879,49.464661992],[31.626583996,49.464673306],[31.626428297,49.463365308],[31.626390324,49.463367273],[31.626218697,49.463375867]]]]},"id":"68"},{"type":"Feature","properties":{"id":"69"},"geometry":{"type":"MultiPolygon","coordinates":[[[[31.632495636,49.470105726],[31.632565128,49.470222839],[31.633434132,49.469235275],[31.633228134,49.469112106],[31.63243852,49.470009468],[31.632495636,49.470105726]]]]},"id":"69"},{"type":"Feature","properties":{"id":"70"},"geometry":{"type":"MultiPolygon","coordinates":[[[[31.593219,49.444449],[31.591904,49.44579],[31.591969,49.445822],[31.59202,49.445848],[31.592133,49.445904],[31.593449,49.444561],[31.593219,49.444449]]]]},"id":"70"},{"type":"Feature","properties":{"id":"71"},"geometry":{"type":"MultiPolygon","coordinates":[[[[31.635669753,49.471409816],[31.635879397,49.471443926],[31.636785677,49.470168159],[31.636550447,49.470170064],[31.635669753,49.471409816]]]]},"id":"71"},{"type":"Feature","properties":{"id":"72"},"geometry":{"type":"MultiPolygon","coordinates":[[[[31.622386106,49.465000475],[31.62296108,49.466231985],[31.623113072,49.466156801],[31.622557359,49.464966531],[31.622386106,49.465000475]]]]},"id":"72"},{"type":"Feature","properties":{"id":"73"},"geometry":{"type":"MultiPolygon","coordinates":[[[[31.592963248,49.444324415],[31.591650685,49.445663492],[31.591781798,49.44572898],[31.593095391,49.444388858],[31.592963248,49.444324415]]]]},"id":"73"},{"type":"Feature","properties":{"id":"74"},"geometry":{"type":"MultiPolygon","coordinates":[[[[31.632429498,49.469994283],[31.63243852,49.470009468],[31.633228134,49.469112106],[31.633037642,49.468998217],[31.633012957,49.468976648],[31.632234249,49.469861597],[31.632429498,49.469994283]]]]},"id":"74"},{"type":"Feature","properties":{"id":"75"},"geometry":{"type":"MultiPolygon","coordinates":[[[[31.625014576,49.46458987],[31.624878256,49.463443693],[31.624560683,49.463459724],[31.624598869,49.463678414],[31.624734348,49.464173606],[31.624904048,49.464584001],[31.625014576,49.46458987]]]]},"id":"75"},{"type":"Feature","properties":{"id":"76"},"geometry":{"type":"MultiPolygon","coordinates":[[[[31.590970272,49.446527138],[31.590695927,49.44639011],[31.589992397,49.447107795],[31.59026673,49.447244816],[31.590970272,49.446527138]]]]},"id":"76"},{"type":"Feature","properties":{"id":"77"},"geometry":{"type":"MultiPolygon","coordinates":[[[[31.619409636,49.466506317],[31.619336678,49.466520868],[31.619814861,49.467545128],[31.619921647,49.46752993],[31.619440937,49.466500171],[31.619409636,49.466506317]]]]},"id":"77"},{"type":"Feature","properties":{"id":"78"},"geometry":{"type":"MultiPolygon","coordinates":[[[[31.514047634,49.466498888],[31.513871631,49.465761166],[31.513787551,49.464922937],[31.513582442,49.464919958],[31.513652997,49.465298393],[31.513833345,49.466349604],[31.514186758,49.467012057],[31.514264326,49.46699295],[31.514224584,49.466909057],[31.514047634,49.466498888]]]]},"id":"78"},{"type":"Feature","properties":{"id":"79"},"geometry":{"type":"MultiPolygon","coordinates":[[[[31.656580809,49.501900933],[31.656394596,49.503891885],[31.656778225,49.503847121],[31.657064736,49.503813609],[31.657240787,49.501929944],[31.656936466,49.501916573],[31.656580809,49.501900933]]]]},"id":"79"},{"type":"Feature","properties":{"id":"80"},"geometry":{"type":"MultiPolygon","coordinates":[[[[31.627270716,49.461479058],[31.627309252,49.461802594],[31.628179649,49.461758621],[31.628141107,49.461434995],[31.627270716,49.461479058]]]]},"id":"80"},{"type":"Feature","properties":{"id":"81"},"geometry":{"type":"MultiPolygon","coordinates":[[[[31.63809761,49.471519897],[31.638593802,49.470840518],[31.639255786,49.469949993],[31.639018855,49.469984103],[31.637929032,49.471518281],[31.63809761,49.471519897]]]]},"id":"81"},{"type":"Feature","properties":{"id":"82"},"geometry":{"type":"MultiPolygon","coordinates":[[[[31.513787551,49.464922937],[31.513726658,49.46431571],[31.513548311,49.463537383],[31.513358134,49.463534608],[31.513365541,49.463584042],[31.513469654,49.464315038],[31.513582442,49.464919958],[31.513787551,49.464922937]]]]},"id":"82"},{"type":"Feature","properties":{"id":"83"},"geometry":{"type":"MultiPolygon","coordinates":[[[[31.625112711,49.463431796],[31.625252052,49.464602544],[31.625484698,49.464614916],[31.625342463,49.463420228],[31.625215994,49.46342664],[31.625112711,49.463431796]]]]},"id":"83"},{"type":"Feature","properties":{"id":"84"},"geometry":{"type":"MultiPolygon","coordinates":[[[[31.620948379,49.46735161],[31.621005432,49.467332084],[31.620517256,49.466286719],[31.620500916,49.466289919],[31.620295735,49.46633062],[31.620787362,49.467383571],[31.620948379,49.46735161]]]]},"id":"84"},{"type":"Feature","properties":{"id":"85"},"geometry":{"type":"MultiPolygon","coordinates":[[[[31.619534,49.464165],[31.619911,49.465463],[31.620125,49.465421],[31.619747,49.464118],[31.619534,49.464165]]]]},"id":"85"},{"type":"Feature","properties":{"id":"86"},"geometry":{"type":"MultiPolygon","coordinates":[[[[31.60029835,49.453305899],[31.600584675,49.453448855],[31.601276594,49.452742913],[31.601120668,49.452665058],[31.600990257,49.452599949],[31.60029835,49.453305899]]]]},"id":"86"},{"type":"Feature","properties":{"id":"87"},"geometry":{"type":"MultiPolygon","coordinates":[[[[31.599389622,49.454989194],[31.600773613,49.45357715],[31.600635565,49.453508279],[31.599267043,49.454904529],[31.599333283,49.454970325],[31.599389622,49.454989194]]]]},"id":"87"},{"type":"Feature","properties":{"id":"88"},"geometry":{"type":"MultiPolygon","coordinates":[[[[31.575859961,49.500431298],[31.574428816,49.500371965],[31.574220064,49.500992735],[31.575795696,49.501058055],[31.575859961,49.500431298]]]]},"id":"88"},{"type":"Feature","properties":{"id":"89"},"geometry":{"type":"MultiPolygon","coordinates":[[[[31.513548311,49.463537383],[31.5133612,49.462720727],[31.513291218,49.461258465],[31.513285389,49.461227716],[31.513217769,49.461226725],[31.513180019,49.462345316],[31.513358134,49.463534608],[31.513548311,49.463537383]]]]},"id":"89"},{"type":"Feature","properties":{"id":"90"},"geometry":{"type":"MultiPolygon","coordinates":[[[[31.625391181,49.460378515],[31.624274648,49.460453734],[31.624371748,49.460788735],[31.625088089,49.460700506],[31.625391181,49.460378515]]]]},"id":"90"},{"type":"Feature","properties":{"id":"91"},"geometry":{"type":"MultiPolygon","coordinates":[[[[31.591450826,49.446733183],[31.591704691,49.446859985],[31.5924743,49.446074856],[31.592449938,49.446062692],[31.592347258,49.446011406],[31.592241624,49.445958648],[31.592220437,49.445948064],[31.591450826,49.446733183]]]]},"id":"91"},{"type":"Feature","properties":{"id":"92"},"geometry":{"type":"MultiPolygon","coordinates":[[[[31.62602249,49.4633858],[31.626206683,49.463376492],[31.626030233,49.461894363],[31.625846046,49.461903672],[31.62602249,49.4633858]]]]},"id":"92"},{"type":"Feature","properties":{"id":"93"},"geometry":{"type":"MultiPolygon","coordinates":[[[[31.527315339,49.49255414],[31.526989554,49.492569735],[31.526652479,49.493461095],[31.526953225,49.493511287],[31.527315339,49.49255414]]]]},"id":"93"},{"type":"Feature","properties":{"id":"94"},"geometry":{"type":"MultiPolygon","coordinates":[[[[31.574040072,49.501527981],[31.574027808,49.50156113],[31.575736842,49.501631985],[31.575795696,49.501058055],[31.574220064,49.500992735],[31.574040072,49.501527981]]]]},"id":"94"},{"type":"Feature","properties":{"id":"95"},"geometry":{"type":"MultiPolygon","coordinates":[[[[31.600494245,49.453437676],[31.600341039,49.45336114],[31.599044609,49.454683858],[31.599160296,49.454798676],[31.600494245,49.453437676]]]]},"id":"95"},{"type":"Feature","properties":{"id":"96"},"geometry":{"type":"MultiPolygon","coordinates":[[[[31.620232733,49.466343093],[31.620077813,49.466373833],[31.620569436,49.467426866],[31.620787362,49.467383571],[31.620295735,49.46633062],[31.620232733,49.466343093]]]]},"id":"96"},{"type":"Feature","properties":{"id":"97"},"geometry":{"type":"MultiPolygon","coordinates":[[[[31.592480797,49.449436131],[31.592069622,49.449230773],[31.591595837,49.44971408],[31.592015769,49.449910513],[31.592480797,49.449436131]]]]},"id":"97"},{"type":"Feature","properties":{"id":"98"},"geometry":{"type":"MultiPolygon","coordinates":[[[[31.591261121,49.448792997],[31.591541664,49.44893313],[31.592233622,49.44822725],[31.592188802,49.448204771],[31.59195308,49.44808711],[31.591261121,49.448792997]]]]},"id":"98"},{"type":"Feature","properties":{"id":"99"},"geometry":{"type":"MultiPolygon","coordinates":[[[[31.60354837627598,49.45280815266661],[31.603546142578065,49.452810373494735],[31.603477590073872,49.45277323660181],[31.602774421,49.453490714],[31.602941479,49.453574122],[31.603041963,49.453624285],[31.603745409,49.452906521],[31.60354837627598,49.45280815266661]]]]},"id":"99"},{"type":"Feature","properties":{"id":"100"},"geometry":{"type":"MultiPolygon","coordinates":[[[[31.615109065,49.466443502],[31.615500236,49.467281522],[31.615861839,49.467209834],[31.615470662,49.466371815],[31.615109065,49.466443502]]]]},"id":"100"},{"type":"Feature","properties":{"id":"101"},"geometry":{"type":"MultiPolygon","coordinates":[[[[31.617845,49.466817],[31.61788,49.46681],[31.618083,49.466769],[31.617692,49.465931],[31.617454,49.465979],[31.617845,49.466817]]]]},"id":"101"},{"type":"Feature","properties":{"id":"102"},"geometry":{"type":"MultiPolygon","coordinates":[[[[31.618717,49.4657],[31.618826,49.465678],[31.618458,49.464406],[31.618349,49.464431],[31.618717,49.4657]]]]},"id":"102"},{"type":"Feature","properties":{"id":"103"},"geometry":{"type":"MultiPolygon","coordinates":[[[[31.622170992,49.466623069],[31.621495805,49.465177029],[31.621360221,49.465203902],[31.621751392,49.466041901],[31.622050593,49.466682655],[31.622170992,49.466623069]]]]},"id":"103"},{"type":"Feature","properties":{"id":"104"},"geometry":{"type":"MultiPolygon","coordinates":[[[[31.627498666,49.463311177],[31.62761821,49.463305129],[31.627685037,49.463301746],[31.627508543,49.461819594],[31.627322177,49.461829023],[31.627498666,49.463311177]]]]},"id":"104"},{"type":"Feature","properties":{"id":"105"},"geometry":{"type":"MultiPolygon","coordinates":[[[[31.599451728,49.452883192],[31.599733299,49.453023772],[31.60042521,49.452317835],[31.600275817,49.452243237],[31.600143655,49.452177247],[31.599451728,49.452883192]]]]},"id":"105"},{"type":"Feature","properties":{"id":"106"},"geometry":{"type":"MultiPolygon","coordinates":[[[[31.621006526,49.463835862],[31.621392982,49.46516917],[31.621601618,49.465127861],[31.621213737,49.463789511],[31.621006526,49.463835862]]]]},"id":"106"},{"type":"Feature","properties":{"id":"107"},"geometry":{"type":"MultiPolygon","coordinates":[[[[31.632662645,49.470387159],[31.632736562,49.470420441],[31.633585063,49.469325535],[31.633434187,49.469235293],[31.6325651,49.470222875],[31.632662645,49.470387159]]]]},"id":"107"},{"type":"Feature","properties":{"id":"108"},"geometry":{"type":"MultiPolygon","coordinates":[[[[31.626756972,49.463348684],[31.626837054,49.46334464],[31.626941371,49.463339356],[31.626764899,49.46185721],[31.626580505,49.461866529],[31.626756972,49.463348684]]]]},"id":"108"},{"type":"Feature","properties":{"id":"109"},"geometry":{"type":"MultiPolygon","coordinates":[[[[31.617192588,49.466946014],[31.617000557,49.466984016],[31.617355419,49.467744166],[31.617704671,49.467717063],[31.617331875,49.466918387],[31.617192588,49.466946014]]]]},"id":"109"},{"type":"Feature","properties":{"id":"110"},"geometry":{"type":"MultiPolygon","coordinates":[[[[31.599874032,49.518328343],[31.599908042,49.518040263],[31.598626206,49.51796604],[31.598496211,49.519200326],[31.599777872,49.519281609],[31.599874032,49.518328343]]]]},"id":"110"},{"type":"Feature","properties":{"id":"111"},"geometry":{"type":"MultiPolygon","coordinates":[[[[31.626279928,49.461529127],[31.625511978,49.46155974],[31.625551462,49.461891547],[31.626435406,49.461846799],[31.626396875,49.461523173],[31.626279928,49.461529127]]]]},"id":"111"},{"type":"Feature","properties":{"id":"112"},"geometry":{"type":"MultiPolygon","coordinates":[[[[31.616062813,49.46491327],[31.61642255,49.466154883],[31.616829592,49.466074173],[31.616469401,49.464831015],[31.616062813,49.46491327]]]]},"id":"112"},{"type":"Feature","properties":{"id":"113"},"geometry":{"type":"MultiPolygon","coordinates":[[[[31.450364963,49.627591277],[31.449893537,49.627600046],[31.449544298,49.627452225],[31.450297799,49.628422881],[31.45086608,49.628236705],[31.450364963,49.627591277]]]]},"id":"113"},{"type":"Feature","properties":{"id":"114"},"geometry":{"type":"MultiPolygon","coordinates":[[[[31.6293996,49.460142098],[31.629583692,49.461687557],[31.629772981,49.461677976],[31.629588827,49.460131943],[31.6293996,49.460142098]]]]},"id":"114"},{"type":"Feature","properties":{"id":"115"},"geometry":{"type":"MultiPolygon","coordinates":[[[[31.62939432,49.461697137],[31.629583692,49.461687557],[31.6293996,49.460142098],[31.629210305,49.460152254],[31.62939432,49.461697137]]]]},"id":"115"},{"type":"Feature","properties":{"id":"116"},"geometry":{"type":"MultiPolygon","coordinates":[[[[31.474162972,49.511874181],[31.474430783,49.512433476],[31.474862753,49.512392356],[31.475096738,49.512370055],[31.475315767,49.512349162],[31.475739851,49.512308765],[31.475947266,49.512288939],[31.476158133,49.51226886],[31.476381595,49.512247553],[31.476642272,49.512222701],[31.47649554,49.511570341],[31.476395645,49.511579887],[31.476194737,49.51159906],[31.476008232,49.511616832],[31.475832097,49.511633609],[31.475658586,49.511650152],[31.475610572,49.511654664],[31.47548716,49.511666434],[31.475314339,49.511682887],[31.475140413,49.51169951],[31.475056564,49.511707485],[31.474964522,49.511724656],[31.474779595,49.51175916],[31.474571094,49.511798045],[31.474162972,49.511874181]]]]},"id":"116"},{"type":"Feature","properties":{"id":"117"},"geometry":{"type":"MultiPolygon","coordinates":[[[[31.617405399,49.466903755],[31.617331875,49.466918387],[31.617704671,49.467717063],[31.618009164,49.467693493],[31.617620554,49.466861071],[31.617619865,49.466861243],[31.617405399,49.466903755]]]]},"id":"117"},{"type":"Feature","properties":{"id":"118"},"geometry":{"type":"MultiPolygon","coordinates":[[[[31.474761773,49.50904072],[31.475118734,49.509006209],[31.475162189,49.50900201],[31.4752343,49.508312023],[31.47483389,49.508350733],[31.474761773,49.50904072]]]]},"id":"118"},{"type":"Feature","properties":{"id":"119"},"geometry":{"type":"MultiPolygon","coordinates":[[[[31.624878215,49.463443693],[31.625014645,49.464589915],[31.625252107,49.464602525],[31.625112767,49.463431832],[31.624941732,49.463440477],[31.624878215,49.463443693]]]]},"id":"119"},{"type":"Feature","properties":{"id":"120"},"geometry":{"type":"MultiPolygon","coordinates":[[[[31.601857606,49.454118324],[31.601667476,49.454023425],[31.600621816,49.455090228],[31.60092298,49.455071804],[31.601857606,49.454118324]]]]},"id":"120"},{"type":"Feature","properties":{"id":"121"},"geometry":{"type":"MultiPolygon","coordinates":[[[[31.59743,49.45276],[31.597209,49.453025],[31.597104,49.453151],[31.597218,49.453204],[31.59814,49.452262],[31.597889,49.452137],[31.597309,49.452728],[31.59743,49.45276]]]]},"id":"121"},{"type":"Feature","properties":{"id":"122"},"geometry":{"type":"MultiPolygon","coordinates":[[[[31.590424289,49.448375053],[31.590703323,49.448514371],[31.591395287,49.447808487],[31.591364133,49.447792957],[31.591116392,49.447669171],[31.590424289,49.448375053]]]]},"id":"122"},{"type":"Feature","properties":{"id":"123"},"geometry":{"type":"MultiPolygon","coordinates":[[[[31.593768655,49.444717208],[31.592449938,49.446062701],[31.592474259,49.446074856],[31.592550506,49.446112945],[31.593870062,49.44476674],[31.593768655,49.444717208]]]]},"id":"123"},{"type":"Feature","properties":{"id":"124"},"geometry":{"type":"MultiPolygon","coordinates":[[[[31.619959132,49.464070265],[31.620338244,49.4653784],[31.620550825,49.465336244],[31.620170233,49.464023022],[31.619959132,49.464070265]]]]},"id":"124"},{"type":"Feature","properties":{"id":"125"},"geometry":{"type":"MultiPolygon","coordinates":[[[[31.614716913,49.464994803],[31.615127394,49.466411673],[31.615267894,49.466383822],[31.614863917,49.46498938],[31.614716913,49.464994803]]]]},"id":"125"},{"type":"Feature","properties":{"id":"126"},"geometry":{"type":"MultiPolygon","coordinates":[[[[31.627127095,49.463329945],[31.627233412,49.463324631],[31.627312942,49.463320552],[31.627136459,49.461838425],[31.626950617,49.461847809],[31.627127095,49.463329945]]]]},"id":"126"},{"type":"Feature","properties":{"id":"127"},"geometry":{"type":"MultiPolygon","coordinates":[[[[31.600014443,49.453164108],[31.600298322,49.453305863],[31.600990216,49.452599931],[31.600839054,49.452524482],[31.600706352,49.45245817],[31.600014443,49.453164108]]]]},"id":"127"},{"type":"Feature","properties":{"id":"128"},"geometry":{"type":"MultiPolygon","coordinates":[[[[31.592899912,49.44964541],[31.592480797,49.449436122],[31.592015824,49.449910549],[31.592443806,49.450110733],[31.592899912,49.44964541]]]]},"id":"128"},{"type":"Feature","properties":{"id":"129"},"geometry":{"type":"MultiPolygon","coordinates":[[[[31.616687993,49.464786792],[31.61704844,49.466030776],[31.617272347,49.465986385],[31.616911644,49.464741538],[31.616687993,49.464786792]]]]},"id":"129"},{"type":"Feature","properties":{"id":"130"},"geometry":{"type":"MultiPolygon","coordinates":[[[[31.60252166,49.45441589],[31.602793653,49.454551705],[31.603485528,49.45384575],[31.603309493,49.453757882],[31.603213537,49.453709936],[31.60252166,49.45441589]]]]},"id":"130"},{"type":"Feature","properties":{"id":"131"},"geometry":{"type":"MultiPolygon","coordinates":[[[[31.589308677,49.447817809],[31.589587553,49.447957103],[31.590279553,49.447251226],[31.59026673,49.447244816],[31.590000679,49.447111934],[31.589308677,49.447817809]]]]},"id":"131"},{"type":"Feature","properties":{"id":"132"},"geometry":{"type":"MultiPolygon","coordinates":[[[[31.624560711,49.463459742],[31.624878215,49.463443693],[31.624941732,49.463440477],[31.624831339,49.462512993],[31.624678154,49.462618104],[31.624495021,49.463083779],[31.624560711,49.463459742]]]]},"id":"132"},{"type":"Feature","properties":{"id":"133"},"geometry":{"type":"MultiPolygon","coordinates":[[[[31.617844989,49.466816616],[31.617620623,49.466861107],[31.618009205,49.467693466],[31.618282716,49.467672265],[31.617880014,49.466809666],[31.617844989,49.466816616]]]]},"id":"133"},{"type":"Feature","properties":{"id":"134"},"geometry":{"type":"MultiPolygon","coordinates":[[[[31.637066408,49.472886184],[31.636476298,49.472681268],[31.637332966,49.472541467],[31.63809761,49.471519897],[31.637929032,49.471518281],[31.637737688,49.471516405],[31.63754197,49.471514578],[31.637541943,49.471514587],[31.63734163,49.47151264],[31.637202717,49.471511339],[31.636179179,49.472904286],[31.636862121,49.473174002],[31.637066408,49.472886184]]]]},"id":"134"},{"type":"Feature","properties":{"id":"135"},"geometry":{"type":"MultiPolygon","coordinates":[[[[31.617014144,49.466065769],[31.617405358,49.466903791],[31.61761992,49.466861243],[31.617228717,49.46602323],[31.617014144,49.466065769]]]]},"id":"135"},{"type":"Feature","properties":{"id":"136"},"geometry":{"type":"MultiPolygon","coordinates":[[[[31.551144227,49.526547653],[31.551174487,49.526504293],[31.551070902,49.526247191],[31.55080932,49.525938522],[31.550580896,49.525729217],[31.549885367,49.525218818],[31.54967316,49.525072038],[31.549658176,49.525060949],[31.54948046,49.525314666],[31.551144227,49.526547653]]]]},"id":"136"},{"type":"Feature","properties":{"id":"137"},"geometry":{"type":"MultiPolygon","coordinates":[[[[31.613943337,49.465023259],[31.614388063,49.46655827],[31.614550048,49.466526146],[31.614112854,49.465017095],[31.613943337,49.465023259]]]]},"id":"137"},{"type":"Feature","properties":{"id":"138"},"geometry":{"type":"MultiPolygon","coordinates":[[[[31.491884128,49.506581463],[31.49146822,49.5065024],[31.491341089,49.506480433],[31.491217947,49.507662722],[31.491767748,49.507698873],[31.491884128,49.506581463]]]]},"id":"138"},{"type":"Feature","properties":{"id":"139"},"geometry":{"type":"MultiPolygon","coordinates":[[[[31.617407786,49.464641162],[31.617358492,49.464651138],[31.617719692,49.465897673],[31.617942895,49.465853416],[31.617580437,49.464602531],[31.617407786,49.464641162]]]]},"id":"139"},{"type":"Feature","properties":{"id":"140"},"geometry":{"type":"MultiPolygon","coordinates":[[[[31.618336383,49.466719171],[31.618122925,49.466761504],[31.618540138,49.467655215],[31.619031591,49.467625121],[31.618585582,49.466669716],[31.618336383,49.466719171]]]]},"id":"140"},{"type":"Feature","properties":{"id":"141"},"geometry":{"type":"MultiPolygon","coordinates":[[[[31.591823,49.449074],[31.592515,49.448368],[31.592466,49.448343],[31.592234,49.448227],[31.591542,49.448933],[31.591823,49.449074]]]]},"id":"141"},{"type":"Feature","properties":{"id":"142"},"geometry":{"type":"MultiPolygon","coordinates":[[[[31.629778453,49.460121804],[31.629962698,49.461668377],[31.630153104,49.461658749],[31.629968866,49.460111556],[31.629778453,49.460121804]]]]},"id":"142"},{"type":"Feature","properties":{"id":"143"},"geometry":{"type":"MultiPolygon","coordinates":[[[[31.614940447,49.464986561],[31.614863917,49.46498938],[31.615267894,49.466383822],[31.615413329,49.466354986],[31.61501551,49.464981812],[31.614940447,49.464986561]]]]},"id":"143"},{"type":"Feature","properties":{"id":"144"},"geometry":{"type":"MultiPolygon","coordinates":[[[[31.602249573,49.454280074],[31.602521591,49.454415881],[31.603213496,49.453709927],[31.603041963,49.453624285],[31.602941479,49.453574122],[31.602249573,49.454280074]]]]},"id":"144"},{"type":"Feature","properties":{"id":"145"},"geometry":{"type":"MultiPolygon","coordinates":[[[[31.621213709,49.463789512],[31.621601604,49.465127843],[31.621809398,49.465086634],[31.621420051,49.463743332],[31.621213709,49.463789512]]]]},"id":"145"},{"type":"Feature","properties":{"id":"146"},"geometry":{"type":"MultiPolygon","coordinates":[[[[31.598978259,49.452680744],[31.598673761,49.452528754],[31.597769743,49.453451064],[31.598056116,49.453621441],[31.598978259,49.452680744]]]]},"id":"146"},{"type":"Feature","properties":{"id":"147"},"geometry":{"type":"MultiPolygon","coordinates":[[[[31.577526534,49.501807472],[31.577584104,49.501211846],[31.575856986,49.501134971],[31.575795916,49.501730445],[31.577526534,49.501807472]]]]},"id":"147"},{"type":"Feature","properties":{"id":"148"},"geometry":{"type":"MultiPolygon","coordinates":[[[[31.444941916,49.625786112],[31.445334975,49.626292602],[31.446343712,49.625962189],[31.445946671,49.625856044],[31.445882704,49.625838931],[31.445056959,49.625774974],[31.444941916,49.625786112]]]]},"id":"148"},{"type":"Feature","properties":{"id":"149"},"geometry":{"type":"MultiPolygon","coordinates":[[[[31.604280494,49.453173676],[31.60401302,49.453040063],[31.603309493,49.453757882],[31.603485528,49.45384575],[31.603577107,49.453891416],[31.604280494,49.453173676]]]]},"id":"149"},{"type":"Feature","properties":{"id":"150"},"geometry":{"type":"MultiPolygon","coordinates":[[[[31.599878661,49.453130328],[31.599591898,49.452987155],[31.598533993,49.454066456],[31.598723804,49.454308538],[31.599878661,49.453130328]]]]},"id":"150"},{"type":"Feature","properties":{"id":"151"},"geometry":{"type":"MultiPolygon","coordinates":[[[[31.633551321,49.470786745],[31.634397514,49.469694757],[31.63418569,49.469617246],[31.633349695,49.470696084],[31.633551321,49.470786745]]]]},"id":"151"},{"type":"Feature","properties":{"id":"152"},"geometry":{"type":"MultiPolygon","coordinates":[[[[31.630159664,49.460101308],[31.630344048,49.461649076],[31.630535778,49.461639374],[31.630351317,49.460091022],[31.630159664,49.460101308]]]]},"id":"152"},{"type":"Feature","properties":{"id":"153"},"geometry":{"type":"MultiPolygon","coordinates":[[[[31.618596034,49.466667691],[31.618806761,49.4666259],[31.618861214,49.4666151],[31.618470005,49.465777091],[31.61822147287382,49.46582637025464],[31.618205243715213,49.46583058919774],[31.618596034,49.466667691]]]]},"id":"153"},{"type":"Feature","properties":{"id":"154"},"geometry":{"type":"MultiPolygon","coordinates":[[[[31.61957036,49.465558849],[31.619961654,49.466396863],[31.620077813,49.466373833],[31.620097601,49.466369937],[31.619706318,49.465531924],[31.61957036,49.465558849]]]]},"id":"154"},{"type":"Feature","properties":{"id":"155"},"geometry":{"type":"MultiPolygon","coordinates":[[[[31.574053656,49.502022893],[31.574056782290292,49.50202588553991],[31.57406330108637,49.50202588553991],[31.57414913177485,49.50210949586654],[31.57414913177485,49.50210988131203],[31.57568132,49.5021734],[31.575736842,49.501631985],[31.574027808,49.50156113],[31.573862163,49.502008674],[31.574053656,49.502022893]]]]},"id":"155"},{"type":"Feature","properties":{"id":"156"},"geometry":{"type":"MultiPolygon","coordinates":[[[[31.522475537,49.48445271],[31.521060106,49.484659852],[31.521078977,49.484703079],[31.52030863,49.484846256],[31.520372483,49.484937956],[31.52254394,49.484557067],[31.522475537,49.48445271]]]]},"id":"156"},{"type":"Feature","properties":{"id":"157"},"geometry":{"type":"MultiPolygon","coordinates":[[[[31.593763981,49.450076981],[31.593327286,49.449858889],[31.592880266,49.4503149],[31.593326255,49.450523509],[31.593763981,49.450076981]]]]},"id":"157"},{"type":"Feature","properties":{"id":"158"},"geometry":{"type":"MultiPolygon","coordinates":[[[[31.620097601,49.466369937],[31.620232733,49.466343093],[31.619841586,49.46550508],[31.619706318,49.465531924],[31.620097601,49.466369937]]]]},"id":"158"},{"type":"Feature","properties":{"id":"159"},"geometry":{"type":"MultiPolygon","coordinates":[[[[31.623004206,49.463388143],[31.623404879,49.464770198],[31.623563956,49.464738667],[31.623444769,49.464327578],[31.623344578,49.463981817],[31.623245543,49.46364011],[31.623162234,49.463352649],[31.623004206,49.463388143]]]]},"id":"159"},{"type":"Feature","properties":{"id":"160"},"geometry":{"type":"MultiPolygon","coordinates":[[[[31.59406821,49.444863317],[31.592747116,49.446211126],[31.592843171,49.446259098],[31.594165021,49.444910533],[31.59406821,49.444863317]]]]},"id":"160"},{"type":"Feature","properties":{"id":"161"},"geometry":{"type":"MultiPolygon","coordinates":[[[[31.451421587,49.628322176],[31.451696121,49.627983977],[31.451744771,49.627916808],[31.451224168,49.627246272],[31.450965735,49.62748544],[31.450798209,49.627519256],[31.451421587,49.628322176]]]]},"id":"161"},{"type":"Feature","properties":{"id":"162"},"geometry":{"type":"MultiPolygon","coordinates":[[[[31.526224389,49.501435011],[31.52471788,49.501091039],[31.524649137,49.501275841],[31.526107506,49.50160882],[31.526224389,49.501435011]]]]},"id":"162"},{"type":"Feature","properties":{"id":"163"},"geometry":{"type":"MultiPolygon","coordinates":[[[[31.61704844,49.466030776],[31.616687993,49.464786792],[31.616469401,49.464831015],[31.616829592,49.466074173],[31.61704844,49.466030776]]]]},"id":"163"},{"type":"Feature","properties":{"id":"164"},"geometry":{"type":"MultiPolygon","coordinates":[[[[31.443155478,49.624207464],[31.443095374,49.624251338],[31.442591542,49.624619837],[31.442814346,49.624806565],[31.443434921,49.624901691],[31.443585826,49.624708638],[31.443365886,49.624461636],[31.443158094,49.624278378],[31.443155478,49.624207464]]]]},"id":"164"},{"type":"Feature","properties":{"id":"165"},"geometry":{"type":"MultiPolygon","coordinates":[[[[31.449845575,49.62719996],[31.450145729,49.627338543],[31.450641897,49.627373166],[31.451011507,49.627184737],[31.450947834,49.626913963],[31.450723809,49.62682687],[31.4506601,49.626853987],[31.449845575,49.62719996]]]]},"id":"165"},{"type":"Feature","properties":{"id":"166"},"geometry":{"type":"MultiPolygon","coordinates":[[[[31.450297799,49.628422881],[31.451047944,49.629389026],[31.450987641,49.62917764],[31.451050751,49.62892394],[31.451195369,49.628660951],[31.45086608,49.628236705],[31.450297799,49.628422881]]]]},"id":"166"},{"type":"Feature","properties":{"id":"167"},"geometry":{"type":"MultiPolygon","coordinates":[[[[31.451195369,49.628660951],[31.4512979,49.628474494],[31.451421532,49.62832214],[31.450798265,49.627519256],[31.450450102,49.62758965],[31.450364963,49.627591277],[31.45086608,49.628236705],[31.451195369,49.628660951]]]]},"id":"167"},{"type":"Feature","properties":{"id":"168"},"geometry":{"type":"MultiPolygon","coordinates":[[[[31.619922,49.46753],[31.620137,49.467499],[31.619651,49.466459],[31.619441,49.4665],[31.619922,49.46753]]]]},"id":"168"},{"type":"Feature","properties":{"id":"169"},"geometry":{"type":"MultiPolygon","coordinates":[[[[31.620376978,49.467465063],[31.620569436,49.467426866],[31.620077813,49.466373833],[31.619961654,49.466396863],[31.619863076,49.46641644],[31.620354154,49.467468306],[31.620376978,49.467465063]]]]},"id":"169"},{"type":"Feature","properties":{"id":"170"},"geometry":{"type":"MultiPolygon","coordinates":[[[[31.602929636,49.454619586],[31.603065426,49.454687385],[31.603282056,49.454466348],[31.603516052,49.454227601],[31.603757326,49.453981419],[31.603621537,49.45391363],[31.602929636,49.454619586]]]]},"id":"170"},{"type":"Feature","properties":{"id":"171"},"geometry":{"type":"MultiPolygon","coordinates":[[[[31.619045032,49.46563488],[31.618674884,49.464357609],[31.618457837,49.464406222],[31.618826423,49.465678263],[31.619045032,49.46563488]]]]},"id":"171"},{"type":"Feature","properties":{"id":"172"},"geometry":{"type":"MultiPolygon","coordinates":[[[[31.633349695,49.470696084],[31.63418569,49.469617246],[31.63397069,49.46953857],[31.633145031,49.47060406],[31.633349695,49.470696084]]]]},"id":"172"},{"type":"Feature","properties":{"id":"173"},"geometry":{"type":"MultiPolygon","coordinates":[[[[31.592819899,49.444254497],[31.591508435,49.445592438],[31.591650685,49.445663492],[31.592963248,49.444324415],[31.592819899,49.444254497]]]]},"id":"173"},{"type":"Feature","properties":{"id":"174"},"geometry":{"type":"MultiPolygon","coordinates":[[[[31.599169261,49.452742118],[31.599451769,49.452883237],[31.600143669,49.452177211],[31.599861163,49.452036184],[31.599169261,49.452742118]]]]},"id":"174"},{"type":"Feature","properties":{"id":"175"},"geometry":{"type":"MultiPolygon","coordinates":[[[[31.630316296,49.46903053],[31.629872666,49.46941572],[31.631777715,49.470995079],[31.632180586,49.470496028],[31.630364601,49.468990528],[31.630316296,49.46903053]]]]},"id":"175"},{"type":"Feature","properties":{"id":"176"},"geometry":{"type":"MultiPolygon","coordinates":[[[[31.590627369,49.446355889],[31.590558769,49.446321632],[31.589855155,49.44703928],[31.589923755,49.447073538],[31.590627369,49.446355889]]]]},"id":"176"},{"type":"Feature","properties":{"id":"177"},"geometry":{"type":"MultiPolygon","coordinates":[[[[31.483785000123063,49.50812799878988],[31.483785100604955,49.508127991921775],[31.48540019989008,49.507998305135445],[31.48540019989008,49.507933996952254],[31.48540019989008,49.50782381556431],[31.483803,49.507951],[31.483785000123063,49.50812799878988]]]]},"id":"177"},{"type":"Feature","properties":{"id":"178"},"geometry":{"type":"MultiPolygon","coordinates":[[[[31.488915,49.507717],[31.488911,49.507755],[31.488898,49.507884],[31.490592,49.507899],[31.490609,49.507732],[31.488915,49.507717]]]]},"id":"178"},{"type":"Feature","properties":{"id":"179"},"geometry":{"type":"MultiPolygon","coordinates":[[[[31.618336355,49.466719153],[31.618585582,49.466669716],[31.618596089,49.466667727],[31.6182052412512,49.46583058983829],[31.61818027496332,49.465837080091454],[31.618179547843567,49.465834717280735],[31.617945238,49.465881133],[31.618336355,49.466719153]]]]},"id":"179"},{"type":"Feature","properties":{"id":"180"},"geometry":{"type":"MultiPolygon","coordinates":[[[[31.640798816,49.502871281],[31.641788327,49.503367685],[31.642248211,49.502404432],[31.642268836,49.502361339],[31.6425724,49.502442624],[31.642609057,49.501996201],[31.639381054,49.501926795],[31.639366133,49.50210795],[31.640798816,49.502871281]]]]},"id":"180"},{"type":"Feature","properties":{"id":"181"},"geometry":{"type":"MultiPolygon","coordinates":[[[[31.600585,49.453449],[31.600871,49.453592],[31.601563,49.452886],[31.601402,49.452806],[31.601277,49.452743],[31.600585,49.453449]]]]},"id":"181"},{"type":"Feature","properties":{"id":"182"},"geometry":{"type":"MultiPolygon","coordinates":[[[[31.596967874,49.452638799],[31.597309385,49.452728057],[31.597888862,49.452136805],[31.597576447,49.451980791],[31.596928091,49.452642087],[31.596967874,49.452638799]]]]},"id":"182"},{"type":"Feature","properties":{"id":"183"},"geometry":{"type":"MultiPolygon","coordinates":[[[[31.591198909,49.446607359],[31.591450826,49.446733183],[31.592220437,49.445948064],[31.592132747,49.445904266],[31.592020351,49.445848123],[31.591968521,49.445822242],[31.591198909,49.446607359]]]]},"id":"183"},{"type":"Feature","properties":{"id":"184"},"geometry":{"type":"MultiPolygon","coordinates":[[[[31.479291,49.509425],[31.4793757240932,49.50860632882036],[31.47926330566401,49.50863066117794],[31.47926487332248,49.50860521266775],[31.479257,49.508606],[31.47917,49.509437],[31.479291,49.509425]]]]},"id":"184"},{"type":"Feature","properties":{"id":"185"},"geometry":{"type":"MultiPolygon","coordinates":[[[[31.630351,49.460091],[31.630536,49.461639],[31.630729,49.46163],[31.630545,49.460081],[31.630351,49.460091]]]]},"id":"185"},{"type":"Feature","properties":{"id":"186"},"geometry":{"type":"MultiPolygon","coordinates":[[[[31.451911,49.530797],[31.451756,49.530818],[31.452099,49.53186],[31.452255,49.531838],[31.451911,49.530797]]]]},"id":"186"},{"type":"Feature","properties":{"id":"187"},"geometry":{"type":"MultiPolygon","coordinates":[[[[31.526645264,49.529040263],[31.526694259,49.528986907],[31.526866426,49.528754221],[31.526469195,49.528592264],[31.525130055,49.527983048],[31.524735424,49.528274644],[31.525990047,49.528785142],[31.526515047,49.528989627],[31.526645264,49.529040263]]]]},"id":"187"},{"type":"Feature","properties":{"id":"188"},"geometry":{"type":"MultiPolygon","coordinates":[[[[31.625788725,49.463397617],[31.625936483,49.464638828],[31.626156037,49.464650557],[31.626005649,49.463386664],[31.625837608,49.463395199],[31.625788725,49.463397617]]]]},"id":"188"},{"type":"Feature","properties":{"id":"189"},"geometry":{"type":"MultiPolygon","coordinates":[[[[31.625838,49.463395],[31.626006,49.463387],[31.626022,49.463386],[31.625846,49.461904],[31.625661,49.461913],[31.625838,49.463395]]]]},"id":"189"},{"type":"Feature","properties":{"id":"190"},"geometry":{"type":"MultiPolygon","coordinates":[[[[31.479103595,49.510342146],[31.479024186618002,49.51110295504984],[31.47900722767561,49.51129015078526],[31.479383456,49.511253734],[31.479465139746434,49.51047113578038],[31.479477882385197,49.51033048025258],[31.47926330566401,49.51033048025258],[31.479263680554297,49.510326707203625],[31.479259937,49.510327069],[31.479103595,49.510342146]]]]},"id":"190"},{"type":"Feature","properties":{"id":"191"},"geometry":{"type":"MultiPolygon","coordinates":[[[[31.5732782042873,49.504917730075924],[31.573253053426317,49.50501572522307],[31.575348681,49.505104455],[31.575407433,49.504629843],[31.57359901036462,49.50455327742446],[31.573591232299748,49.50456200188841],[31.573342533352328,49.50481578993169],[31.573308148,49.504852622],[31.5732782042873,49.504917730075924]]]]},"id":"191"},{"type":"Feature","properties":{"id":"192"},"geometry":{"type":"MultiPolygon","coordinates":[[[[31.527884789,49.492586176],[31.527893067,49.492530411],[31.527890401,49.492526446],[31.527619978,49.492539458],[31.52723466,49.493558156],[31.527500385,49.493602456],[31.527884789,49.492586176]]]]},"id":"192"},{"type":"Feature","properties":{"id":"193"},"geometry":{"type":"MultiPolygon","coordinates":[[[[31.593327286,49.44985888],[31.592899857,49.449645428],[31.59244375,49.450110706],[31.592880266,49.4503149],[31.593327286,49.44985888]]]]},"id":"193"},{"type":"Feature","properties":{"id":"194"},"geometry":{"type":"MultiPolygon","coordinates":[[[[31.59264957,49.446162453],[31.593969978,49.444815356],[31.593870062,49.44476674],[31.592550506,49.446112945],[31.59264957,49.446162453]]]]},"id":"194"},{"type":"Feature","properties":{"id":"195"},"geometry":{"type":"MultiPolygon","coordinates":[[[[31.631468196,49.471378477],[31.63177766,49.470995124],[31.629872624,49.469415711],[31.629495584,49.469743046],[31.631468196,49.471378477]]]]},"id":"195"},{"type":"Feature","properties":{"id":"196"},"geometry":{"type":"MultiPolygon","coordinates":[[[[31.59267147,49.444182145],[31.591361161,49.445518879],[31.59146693,49.445571773],[31.591508462,49.44559242],[31.592819899,49.444254524],[31.59267147,49.444182145]]]]},"id":"196"},{"type":"Feature","properties":{"id":"197"},"geometry":{"type":"MultiPolygon","coordinates":[[[[31.480404231,49.509390002],[31.482008522,49.509340293],[31.482009201,49.509334548],[31.482009887695256,49.509327957038316],[31.482009887695256,49.50916011935434],[31.48202743845001,49.50915950334482],[31.482028582617502,49.50914852152424],[31.482011561638995,49.50914904888947],[31.482017589750726,49.50909146691318],[31.48201819128325,49.50908569935901],[31.480430928,49.509134881],[31.480404231,49.509390002]]]]},"id":"197"},{"type":"Feature","properties":{"id":"198"},"geometry":{"type":"MultiPolygon","coordinates":[[[[31.490609128,49.507731681],[31.490643891,49.507397498],[31.489967435,49.507391596],[31.489425446,49.507386862],[31.488949857,49.507382698],[31.488946785,49.507411263],[31.488928879,49.507583299],[31.488914944,49.50771688],[31.490609128,49.507731681]]]]},"id":"198"},{"type":"Feature","properties":{"id":"199"},"geometry":{"type":"MultiPolygon","coordinates":[[[[31.622942013,49.462744865],[31.623098081,49.463283565],[31.623633141,49.463162449],[31.623492403,49.462677016],[31.622942013,49.462744865]]]]},"id":"199"},{"type":"Feature","properties":{"id":"200"},"geometry":{"type":"MultiPolygon","coordinates":[[[[31.452498,49.586523],[31.452745,49.586381],[31.453304,49.585932],[31.453693,49.585529],[31.453563,49.585312],[31.453009,49.585089],[31.452609,49.584926],[31.451627,49.58488],[31.451638,49.584885],[31.452011,49.585091],[31.451941,49.585429],[31.451724,49.585624],[31.452498,49.586523]]]]},"id":"200"},{"type":"Feature","properties":{"id":"201"},"geometry":{"type":"MultiPolygon","coordinates":[[[[31.622528383,49.463494879],[31.622925593,49.46486525],[31.623087083,49.464833214],[31.622688714,49.463458897],[31.622528383,49.463494879]]]]},"id":"201"},{"type":"Feature","properties":{"id":"202"},"geometry":{"type":"MultiPolygon","coordinates":[[[[31.442609967,49.623937274],[31.442597263,49.623971542],[31.442455185,49.624200526],[31.442419861,49.624367247],[31.442591529,49.624619846],[31.443095388,49.624251311],[31.443026543,49.623947173],[31.443064904,49.623655739],[31.443152563,49.623540401],[31.442609967,49.623937274]]]]},"id":"202"},{"type":"Feature","properties":{"id":"203"},"geometry":{"type":"MultiPolygon","coordinates":[[[[31.628855489,49.461398841],[31.628141107,49.461434995],[31.628179649,49.461758621],[31.628989439,49.461717612],[31.628886887,49.460856892],[31.628855489,49.461398841]]]]},"id":"203"},{"type":"Feature","properties":{"id":"204"},"geometry":{"type":"MultiPolygon","coordinates":[[[[31.571277963004444,49.43337841816254],[31.57105922698969,49.4335010488855],[31.570681054987038,49.43368549712848],[31.570807685,49.433818801],[31.572002729,49.433116536],[31.571950149,49.433061092],[31.571746175,49.433152247],[31.571277963004444,49.43337841816254]]]]},"id":"204"},{"type":"Feature","properties":{"id":"205"},"geometry":{"type":"MultiPolygon","coordinates":[[[[31.591247862,49.446665764],[31.590970203,49.446527174],[31.59026673,49.447244834],[31.590279567,49.447251226],[31.590544253,49.447383417],[31.591247862,49.446665764]]]]},"id":"205"},{"type":"Feature","properties":{"id":"206"},"geometry":{"type":"MultiPolygon","coordinates":[[[[31.628248124,49.463273297],[31.62835542,49.46326781],[31.628533253,49.463258811],[31.628630315,49.463253974],[31.628453806,49.46177175],[31.628071613,49.461791073],[31.628248124,49.463273297]]]]},"id":"206"},{"type":"Feature","properties":{"id":"207"},"geometry":{"type":"MultiPolygon","coordinates":[[[[31.483858606,49.507421793],[31.485477876,49.507292233],[31.485479095,49.507280194],[31.485486030578553,49.50721401667834],[31.485486030578553,49.507125854021496],[31.485495345753826,49.507125133920304],[31.485495947,49.507119397],[31.485496293,49.507115801],[31.483877029,49.507245361],[31.483858606,49.507421793]]]]},"id":"207"},{"type":"Feature","properties":{"id":"208"},"geometry":{"type":"MultiPolygon","coordinates":[[[[31.624714772,49.461591476],[31.624651034,49.461937044],[31.625551448,49.46189152],[31.625511951,49.461559722],[31.624714772,49.461591476]]]]},"id":"208"},{"type":"Feature","properties":{"id":"209"},"geometry":{"type":"MultiPolygon","coordinates":[[[[31.48873,49.509492],[31.488723,49.509558],[31.490417,49.509573],[31.490452,49.509237],[31.488758,49.509222],[31.488752,49.509284],[31.48873,49.509492]]]]},"id":"209"},{"type":"Feature","properties":{"id":"210"},"geometry":{"type":"MultiPolygon","coordinates":[[[[31.636930257,49.471508712],[31.637137689,49.471510697],[31.638146415,49.47009065],[31.637922649,49.470111677],[31.636930257,49.471508712]]]]},"id":"210"},{"type":"Feature","properties":{"id":"211"},"geometry":{"type":"MultiPolygon","coordinates":[[[[31.615729722,49.46632045],[31.616120819,49.467158477],[31.616554456,49.467072508],[31.616163214,49.466234482],[31.615729722,49.46632045]]]]},"id":"211"},{"type":"Feature","properties":{"id":"212"},"geometry":{"type":"MultiPolygon","coordinates":[[[[31.600635565,49.453508279],[31.600494245,49.453437676],[31.599160296,49.454798676],[31.599267043,49.454904529],[31.600635565,49.453508279]]]]},"id":"212"},{"type":"Feature","properties":{"id":"213"},"geometry":{"type":"MultiPolygon","coordinates":[[[[31.657936259,49.501950227],[31.657794957,49.501954321],[31.657240787,49.501929944],[31.657064736,49.503813609],[31.65776986,49.503731281],[31.657936259,49.501950227]]]]},"id":"213"},{"type":"Feature","properties":{"id":"214"},"geometry":{"type":"MultiPolygon","coordinates":[[[[31.616375968,49.466192316],[31.616767158,49.467030332],[31.616979887,49.466988146],[31.616588694,49.466150131],[31.616375968,49.466192316]]]]},"id":"214"},{"type":"Feature","properties":{"id":"215"},"geometry":{"type":"MultiPolygon","coordinates":[[[[31.527066034,49.492539057],[31.527132204,49.492535877],[31.527384117,49.492523752],[31.527611212,49.492512828],[31.526884145,49.491433771],[31.526380792,49.491522072],[31.527066034,49.492539057]]]]},"id":"215"},{"type":"Feature","properties":{"id":"216"},"geometry":{"type":"MultiPolygon","coordinates":[[[[31.621821497,49.463653502],[31.622213693,49.465006447],[31.62240323,49.464968861],[31.622009735,49.463611225],[31.621821497,49.463653502]]]]},"id":"216"},{"type":"Feature","properties":{"id":"217"},"geometry":{"type":"MultiPolygon","coordinates":[[[[31.59210549,49.449214767],[31.592387129,49.449355365],[31.59307908,49.448649472],[31.593020594,49.448620243],[31.592797443,49.448508795],[31.59210549,49.449214767]]]]},"id":"217"},{"type":"Feature","properties":{"id":"218"},"geometry":{"type":"MultiPolygon","coordinates":[[[[31.656375233,49.503894168],[31.656394596,49.503891885],[31.656580809,49.501900933],[31.656442443,49.50189488],[31.655885061,49.501841081],[31.655681543,49.504017931],[31.656375233,49.503894168]]]]},"id":"218"},{"type":"Feature","properties":{"id":"219"},"geometry":{"type":"MultiPolygon","coordinates":[[[[31.63452157,49.471222994],[31.634558962,49.471229083],[31.635403605,49.47004011],[31.63527161,49.470014585],[31.635191605,49.469985349],[31.634362432,49.471151437],[31.63452157,49.471222994]]]]},"id":"219"},{"type":"Feature","properties":{"id":"220"},"geometry":{"type":"MultiPolygon","coordinates":[[[[31.627312942,49.463320552],[31.627427135,49.463314762],[31.627498652,49.463311168],[31.627322163,49.461829032],[31.627136459,49.461838425],[31.627312942,49.463320552]]]]},"id":"220"},{"type":"Feature","properties":{"id":"221"},"geometry":{"type":"MultiPolygon","coordinates":[[[[31.61932085,49.464213094],[31.619695494,49.465505869],[31.619910599,49.465463217],[31.619534447,49.464165301],[31.61932085,49.464213094]]]]},"id":"221"},{"type":"Feature","properties":{"id":"222"},"geometry":{"type":"MultiPolygon","coordinates":[[[[31.622847143,49.463423367],[31.623246629,49.464801548],[31.623404879,49.464770198],[31.623004206,49.463388143],[31.622847143,49.463423367]]]]},"id":"222"},{"type":"Feature","properties":{"id":"223"},"geometry":{"type":"MultiPolygon","coordinates":[[[[31.623583645,49.465724009],[31.623814065,49.465474471],[31.623490438,49.464781409],[31.622944016,49.464889786],[31.623411259,49.465890441],[31.623583645,49.465724009]]]]},"id":"223"},{"type":"Feature","properties":{"id":"224"},"geometry":{"type":"MultiPolygon","coordinates":[[[[31.618331492842312,49.46557541073094],[31.61838977915523,49.46576481513368],[31.618606972,49.465721726],[31.618239812,49.464454997],[31.618020972,49.464503953],[31.618331492842312,49.46557541073094]]]]},"id":"224"},{"type":"Feature","properties":{"id":"225"},"geometry":{"type":"MultiPolygon","coordinates":[[[[31.619747217,49.464117698],[31.620124794,49.465420736],[31.620338286,49.465378391],[31.619959132,49.46407031],[31.619747217,49.464117698]]]]},"id":"225"},{"type":"Feature","properties":{"id":"226"},"geometry":{"type":"MultiPolygon","coordinates":[[[[31.626396875,49.461523173],[31.626435406,49.461846799],[31.627309252,49.461802594],[31.627270716,49.461479058],[31.626396875,49.461523173]]]]},"id":"226"},{"type":"Feature","properties":{"id":"227"},"geometry":{"type":"MultiPolygon","coordinates":[[[[31.526107506,49.50160882],[31.524649137,49.501275841],[31.524578078,49.501466865],[31.525986691,49.501788482],[31.526107506,49.50160882]]]]},"id":"227"},{"type":"Feature","properties":{"id":"228"},"geometry":{"type":"MultiPolygon","coordinates":[[[[31.62334455,49.46398179],[31.62344481,49.464327614],[31.62404977,49.464207618],[31.624049881,49.463999784],[31.624058101,49.463840252],[31.62334455,49.46398179]]]]},"id":"228"},{"type":"Feature","properties":{"id":"229"},"geometry":{"type":"MultiPolygon","coordinates":[[[[31.627685037,49.463301746],[31.627806609,49.463295597],[31.627872485,49.463292261],[31.627695985,49.461810108],[31.627508543,49.461819594],[31.627685037,49.463301746]]]]},"id":"229"},{"type":"Feature","properties":{"id":"230"},"geometry":{"type":"MultiPolygon","coordinates":[[[[31.621805159,49.463657151],[31.621624821,49.463697505],[31.622015593,49.465045741],[31.622213693,49.465006447],[31.621821525,49.463653475],[31.621805159,49.463657151]]]]},"id":"230"},{"type":"Feature","properties":{"id":"231"},"geometry":{"type":"MultiPolygon","coordinates":[[[[31.622027887,49.46680585],[31.621949318,49.46673278],[31.622050648,49.466682655],[31.621751392,49.466041901],[31.621466334,49.466098458],[31.621844629,49.46690858],[31.622027887,49.46680585]]]]},"id":"231"},{"type":"Feature","properties":{"id":"232"},"geometry":{"type":"MultiPolygon","coordinates":[[[[31.61769225,49.46593131],[31.618083461,49.466769331],[31.618122912,49.466761504],[31.618336383,49.466719171],[31.617945169,49.465881161],[31.61769225,49.46593131]]]]},"id":"232"},{"type":"Feature","properties":{"id":"233"},"geometry":{"type":"MultiPolygon","coordinates":[[[[31.62902094,49.460162418],[31.629204879,49.461706718],[31.62939432,49.461697137],[31.629210305,49.460152254],[31.62902094,49.460162418]]]]},"id":"233"},{"type":"Feature","properties":{"id":"234"},"geometry":{"type":"MultiPolygon","coordinates":[[[[31.620988424,49.46619325],[31.621430787,49.467140674],[31.621629711,49.467029126],[31.621218148,49.466147694],[31.620988424,49.46619325]]]]},"id":"234"},{"type":"Feature","properties":{"id":"235"},"geometry":{"type":"MultiPolygon","coordinates":[[[[31.633750613,49.470876356],[31.634606867,49.469771336],[31.634397542,49.469694775],[31.633551307,49.470786745],[31.633750613,49.470876356]]]]},"id":"235"},{"type":"Feature","properties":{"id":"236"},"geometry":{"type":"MultiPolygon","coordinates":[[[[31.626006,49.463387],[31.626156,49.464651],[31.626372,49.464662],[31.626219,49.463376],[31.626207,49.463376],[31.626022,49.463386],[31.626006,49.463387]]]]},"id":"236"},{"type":"Feature","properties":{"id":"237"},"geometry":{"type":"MultiPolygon","coordinates":[[[[31.51238,49.506888],[31.51198,49.506934],[31.511855,49.508141],[31.512126,49.508097],[31.512258,49.508063],[31.51238,49.506888]]]]},"id":"237"},{"type":"Feature","properties":{"id":"238"},"geometry":{"type":"MultiPolygon","coordinates":[[[[31.596028953,49.452716977],[31.597021974,49.451703929],[31.596546775,49.451466649],[31.595158454,49.452882954],[31.595971795,49.452721736],[31.596028953,49.452716977]]]]},"id":"238"},{"type":"Feature","properties":{"id":"239"},"geometry":{"type":"MultiPolygon","coordinates":[[[[31.602073554,49.454226191],[31.601857606,49.454118324],[31.60092298,49.455071804],[31.601265282,49.455050816],[31.602073554,49.454226191]]]]},"id":"239"},{"type":"Feature","properties":{"id":"240"},"geometry":{"type":"MultiPolygon","coordinates":[[[[31.601667476,49.454023425],[31.601495669,49.453937664],[31.600349655,49.455106909],[31.600621816,49.455090228],[31.601667476,49.454023425]]]]},"id":"240"},{"type":"Feature","properties":{"id":"241"},"geometry":{"type":"MultiPolygon","coordinates":[[[[31.621221984,49.467257752],[31.621430787,49.467140674],[31.620988424,49.46619325],[31.620765967,49.466237368],[31.620746635,49.4662412],[31.621221984,49.467257752]]]]},"id":"241"},{"type":"Feature","properties":{"id":"242"},"geometry":{"type":"MultiPolygon","coordinates":[[[[31.621420106,49.463743332],[31.621809426,49.465086643],[31.622015579,49.465045768],[31.621624821,49.463697505],[31.621420106,49.463743332]]]]},"id":"242"},{"type":"Feature","properties":{"id":"243"},"geometry":{"type":"MultiPolygon","coordinates":[[[[31.623444769,49.464327578],[31.623563956,49.464738667],[31.624048368,49.464642536],[31.624049568,49.464598397],[31.62404977,49.464207627],[31.623444769,49.464327578]]]]},"id":"243"},{"type":"Feature","properties":{"id":"244"},"geometry":{"type":"MultiPolygon","coordinates":[[[[31.574040366,49.502715261],[31.575619036,49.502780707],[31.57568132,49.5021734],[31.57414913177485,49.50210988131203],[31.57414913177485,49.502114286233365],[31.574155095,49.502119997],[31.574040366,49.502715261]]]]},"id":"244"},{"type":"Feature","properties":{"id":"245"},"geometry":{"type":"MultiPolygon","coordinates":[[[[31.600871002,49.45359182],[31.601157316,49.453734757],[31.60184923,49.453028811],[31.601683915,49.452946272],[31.601562918,49.452885867],[31.600871002,49.45359182]]]]},"id":"245"},{"type":"Feature","properties":{"id":"246"},"geometry":{"type":"MultiPolygon","coordinates":[[[[31.590145421,49.448235743],[31.590424344,49.448375062],[31.591116323,49.447669171],[31.591089752,49.447655903],[31.590837403,49.447529863],[31.590145421,49.448235743]]]]},"id":"246"},{"type":"Feature","properties":{"id":"247"},"geometry":{"type":"MultiPolygon","coordinates":[[[[31.494454175,49.507069691],[31.494003176,49.506984035],[31.493913608,49.507844902],[31.494373047,49.50784872],[31.494454175,49.507069691]]]]},"id":"247"},{"type":"Feature","properties":{"id":"248"},"geometry":{"type":"MultiPolygon","coordinates":[[[[31.63628692,49.471502538],[31.636504742,49.471504628],[31.637463613,49.470154814],[31.637372192,49.470163401],[31.637237414,49.470164496],[31.63628692,49.471502538]]]]},"id":"248"},{"type":"Feature","properties":{"id":"249"},"geometry":{"type":"MultiPolygon","coordinates":[[[[31.479839077,49.50786682],[31.47979720894623,49.50826780489976],[31.479779480325906,49.50855560195323],[31.47980923,49.508552691],[31.480084978,49.508526081],[31.480157018,49.50783609],[31.479839077,49.50786682]]]]},"id":"249"},{"type":"Feature","properties":{"id":"250"},"geometry":{"type":"MultiPolygon","coordinates":[[[[31.628926962,49.460167459],[31.628886887,49.460856892],[31.628989439,49.461717612],[31.629204838,49.461706736],[31.629020982,49.460162409],[31.628926962,49.460167459]]]]},"id":"250"},{"type":"Feature","properties":{"id":"251"},"geometry":{"type":"MultiPolygon","coordinates":[[[[31.476397309,49.50975087],[31.476307275,49.510612533],[31.476336466,49.510609733],[31.47665498,49.510578923],[31.476776322497066,49.51056713251361],[31.4768267432327,49.510228830998884],[31.476881574,49.50970408],[31.476397309,49.50975087]]]]},"id":"251"},{"type":"Feature","properties":{"id":"252"},"geometry":{"type":"MultiPolygon","coordinates":[[[[31.623245516,49.463640119],[31.62334455,49.46398179],[31.624058101,49.463840252],[31.624076935,49.463475204],[31.623245516,49.463640119]]]]},"id":"252"},{"type":"Feature","properties":{"id":"253"},"geometry":{"type":"MultiPolygon","coordinates":[[[[31.622363888,49.463531827],[31.622759855,49.464898109],[31.622925579,49.464865286],[31.622528438,49.463494861],[31.622363888,49.463531827]]]]},"id":"253"},{"type":"Feature","properties":{"id":"254"},"geometry":{"type":"MultiPolygon","coordinates":[[[[31.637203,49.471511],[31.637342,49.471513],[31.638366,49.47007],[31.638146,49.470091],[31.637138,49.471511],[31.637203,49.471511]]]]},"id":"254"},{"type":"Feature","properties":{"id":"255"},"geometry":{"type":"MultiPolygon","coordinates":[[[[31.435387837,49.623705629],[31.435379492,49.623747261],[31.435530892,49.623943108],[31.435994709,49.62379122],[31.435790914,49.623528569],[31.435387837,49.623705629]]]]},"id":"255"},{"type":"Feature","properties":{"id":"256"},"geometry":{"type":"MultiPolygon","coordinates":[[[[31.480228,49.511075],[31.480219,49.511165],[31.481823,49.511116],[31.481826,49.511089],[31.481833,49.511025],[31.480228,49.511075]]]]},"id":"256"},{"type":"Feature","properties":{"id":"257"},"geometry":{"type":"MultiPolygon","coordinates":[[[[31.452934,49.531783],[31.452751,49.531808],[31.453424,49.532743],[31.453608,49.532718],[31.452934,49.531783]]]]},"id":"257"},{"type":"Feature","properties":{"id":"258"},"geometry":{"type":"MultiPolygon","coordinates":[[[[31.626573689,49.463357956],[31.62663431,49.463354905],[31.626756917,49.463348729],[31.62658045,49.461866502],[31.626397229,49.461875819],[31.626573689,49.463357956]]]]},"id":"258"},{"type":"Feature","properties":{"id":"259"},"geometry":{"type":"MultiPolygon","coordinates":[[[[31.60401302,49.453040063],[31.603745395,49.45290653],[31.603042004,49.453624267],[31.603213537,49.453709936],[31.603309493,49.453757882],[31.60401302,49.453040063]]]]},"id":"259"},{"type":"Feature","properties":{"id":"260"},"geometry":{"type":"MultiPolygon","coordinates":[[[[31.494918514,49.50715789],[31.494454175,49.507069691],[31.494373047,49.50784872],[31.494846156,49.507852655],[31.494918514,49.50715789]]]]},"id":"260"},{"type":"Feature","properties":{"id":"261"},"geometry":{"type":"MultiPolygon","coordinates":[[[[31.615470662,49.466371815],[31.615861839,49.467209834],[31.616120847,49.467158477],[31.615729667,49.466320459],[31.615470662,49.466371815]]]]},"id":"261"},{"type":"Feature","properties":{"id":"262"},"geometry":{"type":"MultiPolygon","coordinates":[[[[31.60170554,49.45400844],[31.601977542,49.454144257],[31.602669422,49.453438307],[31.602506907,49.453357106],[31.602397436,49.453302491],[31.60170554,49.45400844]]]]},"id":"262"},{"type":"Feature","properties":{"id":"263"},"geometry":{"type":"MultiPolygon","coordinates":[[[[31.511167,49.507028],[31.511035,49.508304],[31.511450368704644,49.508207379461986],[31.51156878273321,49.50707963282744],[31.511579,49.506981],[31.511167,49.507028]]]]},"id":"263"},{"type":"Feature","properties":{"id":"264"},"geometry":{"type":"MultiPolygon","coordinates":[[[[31.592616372,49.447349259],[31.592341991,49.447212235],[31.591638377,49.447929984],[31.591674183,49.447947803],[31.591912774,49.448067019],[31.592616372,49.447349259]]]]},"id":"264"},{"type":"Feature","properties":{"id":"265"},"geometry":{"type":"MultiPolygon","coordinates":[[[[31.637737647,49.47151645],[31.637737679024728,49.47151640491622],[31.63792906,49.471518281],[31.639018841,49.469984094],[31.638804182,49.470015003],[31.637737647,49.47151645]]]]},"id":"265"},{"type":"Feature","properties":{"id":"266"},"geometry":{"type":"MultiPolygon","coordinates":[[[[31.590920389,49.448656794],[31.590585919,49.448489746],[31.589990428,49.449097185],[31.590361778,49.449226623],[31.590920389,49.448656794]]]]},"id":"266"},{"type":"Feature","properties":{"id":"267"},"geometry":{"type":"MultiPolygon","coordinates":[[[[31.615709488,49.467461579],[31.616907174,49.467728426],[31.616596969,49.467064103],[31.616554456,49.467072508],[31.616120819,49.467158477],[31.615861907,49.467209815],[31.615500263,49.467281504],[31.615353777,49.467310593],[31.615709488,49.467461579]]]]},"id":"267"},{"type":"Feature","properties":{"id":"268"},"geometry":{"type":"MultiPolygon","coordinates":[[[[31.437981,49.6197],[31.438062,49.619199],[31.437689,49.619123],[31.437461,49.619594],[31.437981,49.6197]]]]},"id":"268"},{"type":"Feature","properties":{"id":"269"},"geometry":{"type":"MultiPolygon","coordinates":[[[[31.408379688,49.606777454],[31.407856687,49.607011461],[31.407353827937943,49.60727061030918],[31.407358646392765,49.60727550695881],[31.4071655273437,49.60737284234628],[31.407160091887313,49.607374664218995],[31.408436532,49.607744864],[31.409320352,49.607400351],[31.409702372,49.607156669],[31.410297465,49.607108761],[31.410381158179668,49.607065126927615],[31.40928999598462,49.60641348005922],[31.408379688,49.606777454]]]]},"id":"269"},{"type":"Feature","properties":{"id":"270"},"geometry":{"type":"MultiPolygon","coordinates":[[[[31.628060208,49.463282766],[31.62817509,49.463276974],[31.628248124,49.463273297],[31.628071613,49.461791073],[31.627883702,49.461800631],[31.628060208,49.463282766]]]]},"id":"270"},{"type":"Feature","properties":{"id":"271"},"geometry":{"type":"MultiPolygon","coordinates":[[[[31.61658868,49.466150158],[31.616979929,49.466988173],[31.617000557,49.466984016],[31.617192588,49.466946014],[31.616801488,49.46610799],[31.61658868,49.466150158]]]]},"id":"271"},{"type":"Feature","properties":{"id":"272"},"geometry":{"type":"MultiPolygon","coordinates":[[[[31.444895346,49.618809997],[31.44585249,49.618109753],[31.445377285,49.617954451],[31.445001526,49.617846902],[31.444906577,49.617777077],[31.444769458,49.617699311],[31.443997714,49.618292086],[31.444895346,49.618809997]]]]},"id":"272"},{"type":"Feature","properties":{"id":"273"},"geometry":{"type":"MultiPolygon","coordinates":[[[[31.597320746,49.453250639],[31.597899494,49.452670709],[31.598060701,49.452611904],[31.598148534,49.452643075],[31.597642756,49.453079984],[31.59765955,49.453217231],[31.598445789,49.452414938],[31.598140342,49.452262399],[31.597217903,49.45320353],[31.597320746,49.453250639]]]]},"id":"273"},{"type":"Feature","properties":{"id":"274"},"geometry":{"type":"MultiPolygon","coordinates":[[[[31.490702651,49.50762882],[31.490684765,49.507800488],[31.492324149,49.507908299],[31.492340135,49.507755045],[31.49234203,49.507736632],[31.491767707,49.507698891],[31.491217947,49.507662722],[31.490702651,49.50762882]]]]},"id":"274"},{"type":"Feature","properties":{"id":"275"},"geometry":{"type":"MultiPolygon","coordinates":[[[[31.626390324,49.463367273],[31.626428297,49.463365308],[31.626573689,49.463357956],[31.626397229,49.461875819],[31.626213869,49.461885046],[31.626390324,49.463367273]]]]},"id":"275"},{"type":"Feature","properties":{"id":"276"},"geometry":{"type":"MultiPolygon","coordinates":[[[[31.602793653,49.454551705],[31.60292965,49.454619568],[31.603621537,49.453913612],[31.603577107,49.453891416],[31.603485528,49.45384575],[31.602793653,49.454551705]]]]},"id":"276"},{"type":"Feature","properties":{"id":"277"},"geometry":{"type":"MultiPolygon","coordinates":[[[[31.635453814,49.471374634],[31.635669684,49.471409789],[31.636550474,49.470170073],[31.636308167,49.470172039],[31.635453814,49.471374634]]]]},"id":"277"},{"type":"Feature","properties":{"id":"278"},"geometry":{"type":"MultiPolygon","coordinates":[[[[31.603210302,49.452639382],[31.602942419,49.452505578],[31.602238885,49.45322339],[31.602397436,49.453302491],[31.602506907,49.453357106],[31.603210302,49.452639382]]]]},"id":"278"},{"type":"Feature","properties":{"id":"279"},"geometry":{"type":"MultiPolygon","coordinates":[[[[31.620590035,49.463929086],[31.62097349,49.465252391],[31.621183643,49.46521074],[31.620798625,49.463882384],[31.620590035,49.463929086]]]]},"id":"279"},{"type":"Feature","properties":{"id":"280"},"geometry":{"type":"MultiPolygon","coordinates":[[[[31.445922154,49.587541117],[31.44473129,49.587422616],[31.44467163,49.587676387],[31.445862376,49.587794871],[31.445910079,49.587592585],[31.445922154,49.587541117]]]]},"id":"280"},{"type":"Feature","properties":{"id":"281"},"geometry":{"type":"MultiPolygon","coordinates":[[[[31.39416581,49.628780668],[31.39411126,49.628876093],[31.393774388,49.629027058],[31.393692564,49.629245896],[31.393663841,49.629411223],[31.39368191,49.629573833],[31.393386649,49.629884893],[31.393044942,49.630266767],[31.393611154,49.630542469],[31.394378363,49.629066633],[31.394411901,49.628830407],[31.39416581,49.628780668]]]]},"id":"281"},{"type":"Feature","properties":{"id":"282"},"geometry":{"type":"MultiPolygon","coordinates":[[[[31.39416581,49.628780668],[31.394411901,49.628830407],[31.394458848,49.628499814],[31.394373359,49.628137487],[31.394056751,49.627870937],[31.393116764,49.627460566],[31.392604271,49.627936372],[31.393090892,49.628124035],[31.3934826,49.628220124],[31.393811967,49.628169997],[31.394036134,49.628237051],[31.394166051,49.628344568],[31.394209674,49.628703934],[31.39416581,49.628780668]]]]},"id":"282"},{"type":"Feature","properties":{"id":"283"},"geometry":{"type":"MultiPolygon","coordinates":[[[[31.525632061,49.502315814],[31.525861529,49.501974637],[31.524504468,49.501664759],[31.524488861,49.501706796],[31.52450220480989,49.501713904660264],[31.525632061,49.502315814]]]]},"id":"283"},{"type":"Feature","properties":{"id":"284"},"geometry":{"type":"MultiPolygon","coordinates":[[[[31.527619992,49.49253944],[31.527315339,49.49255414],[31.526953225,49.493511287],[31.527234591,49.493558165],[31.527619992,49.49253944]]]]},"id":"284"},{"type":"Feature","properties":{"id":"285"},"geometry":{"type":"MultiPolygon","coordinates":[[[[31.473334495,49.508495682],[31.473142187,49.508514213],[31.473091451,49.508999025],[31.473070046,49.509204199],[31.473582258,49.509154705],[31.473686211311833,49.50914469450393],[31.473688595251804,49.50912534492456],[31.473758574,49.508454672],[31.473334495,49.508495682]]]]},"id":"285"},{"type":"Feature","properties":{"id":"286"},"geometry":{"type":"MultiPolygon","coordinates":[[[[31.451744716,49.627916772],[31.451920879,49.627673575],[31.452025586,49.627478577],[31.452021886,49.62731546],[31.451984055,49.627290863],[31.451778321,49.627011408],[31.451628955,49.62685251],[31.451368238,49.626805161],[31.451307777,49.627168706],[31.45122414,49.627246236],[31.451744716,49.627916772]]]]},"id":"286"},{"type":"Feature","properties":{"id":"287"},"geometry":{"type":"MultiPolygon","coordinates":[[[[31.636719334,49.471506686],[31.636930257,49.471508712],[31.637922649,49.470111677],[31.637695103,49.470133059],[31.636719334,49.471506686]]]]},"id":"287"},{"type":"Feature","properties":{"id":"288"},"geometry":{"type":"MultiPolygon","coordinates":[[[[31.60347770628446,49.452773299556476],[31.603467008396738,49.45276750419837],[31.60321,49.452639],[31.602507,49.453357],[31.602669,49.453438],[31.602774,49.453491],[31.60347770628446,49.452773299556476]]]]},"id":"288"},{"type":"Feature","properties":{"id":"289"},"geometry":{"type":"MultiPolygon","coordinates":[[[[31.59355879,49.444614868],[31.592241624,49.445958648],[31.592347258,49.446011406],[31.593665247,49.444666788],[31.59355879,49.444614868]]]]},"id":"289"},{"type":"Feature","properties":{"id":"290"},"geometry":{"type":"MultiPolygon","coordinates":[[[[31.524624802,49.484007094],[31.524691661,49.483995976],[31.523990416,49.483184257],[31.523664216,49.482807824],[31.523452928,49.482564159],[31.52335274,49.482449712],[31.523195833,49.482334493],[31.522876566,49.482126301],[31.522539826,49.481905289],[31.52162792,49.481310178],[31.521598257,49.481293549],[31.521311945,49.481021859],[31.520684113,49.480435671],[31.520623403,49.480457036],[31.520838141,49.480657655],[31.521094876,49.48089692],[31.521249757,49.48104131],[31.521404474,49.481185402],[31.52153916,49.481310985],[31.521564172,49.48132739],[31.521757482,49.481454149],[31.521945367,49.481577339],[31.522128201,49.481697211],[31.522480482,49.481928219],[31.522650494,49.482039714],[31.522816698,49.482148656],[31.522979506,49.482255404],[31.523138988,49.482359968],[31.523272656,49.482447615],[31.5232879,49.482465091],[31.523392107,49.482585391],[31.523497336,49.482706751],[31.523603546,49.482829245],[31.523819061,49.483077764],[31.523928338,49.483203853],[31.524603758,49.483982732],[31.524624802,49.484007094]]]]},"id":"290"},{"type":"Feature","properties":{"id":"291"},"geometry":{"type":"MultiPolygon","coordinates":[[[[31.481833,49.511025],[31.481838226318303,49.510973172343505],[31.481838226318303,49.510915650201476],[31.48184404747292,49.510915445893566],[31.481845,49.510906],[31.481852,49.510838],[31.480248,49.510888],[31.480228,49.511075],[31.481833,49.511025]]]]},"id":"291"},{"type":"Feature","properties":{"id":"292"},"geometry":{"type":"MultiPolygon","coordinates":[[[[31.542604383,49.51838094],[31.54336614,49.518373106],[31.543443311,49.518372304],[31.545974015,49.518346229],[31.54665497,49.518341633],[31.547262993,49.51833753],[31.547863158,49.518333473],[31.548538257,49.518328895],[31.548887324,49.518326537],[31.550285483,49.518328891],[31.551174924,49.518330382],[31.552070842,49.518331836],[31.552269159,49.518332206],[31.552970085,49.518330217],[31.553873346,49.518327725],[31.554781303,49.51832517],[31.555693816,49.51832265],[31.555702793,49.518322637],[31.556602758,49.518312087],[31.557511975,49.518301436],[31.558020173,49.51829551],[31.558421052,49.518290139],[31.559329341,49.518278026],[31.560237202,49.518265808],[31.560969619,49.51825603],[31.561145076,49.518254095],[31.562499599,49.518239132],[31.56371214,49.51821605],[31.563781411,49.518214726],[31.563962054,49.518229588],[31.563961512,49.518184102],[31.563786092,49.518171809],[31.562397203,49.518190581],[31.560814226,49.518211965],[31.559318777,49.518232141],[31.557470147,49.518256995],[31.556601504,49.518267159],[31.55554728,49.518278115],[31.554780949,49.518280259],[31.553921412,49.518282656],[31.55287128,49.518285575],[31.552242209,49.518287208],[31.55207096,49.518286925],[31.551076658,49.518285262],[31.550285658,49.518283935],[31.549872066,49.51828324],[31.548887045,49.518281591],[31.548537536,49.518283958],[31.547862438,49.518288517],[31.547579895,49.518290422],[31.547167494,49.518293216],[31.546529545,49.518297518],[31.545973104,49.518301282],[31.544440215,49.518317082],[31.543442208,49.518327358],[31.543365051,49.518328151],[31.542662144,49.518340207],[31.542604383,49.51838094]]]]},"id":"292"},{"type":"Feature","properties":{"id":"293"},"geometry":{"type":"MultiPolygon","coordinates":[[[[31.587451,49.513075],[31.587519,49.513079],[31.587524,49.513007],[31.587529,49.512962],[31.587592,49.512357],[31.587656,49.511751],[31.587682,49.511507],[31.587723,49.511147],[31.587793,49.510543],[31.587863,49.509939],[31.587932,49.509335],[31.588002,49.50873],[31.588062,49.508211],[31.588072,49.508125],[31.588138,49.507521],[31.588205,49.506916],[31.588272,49.506313],[31.588319,49.505884],[31.588337,49.50571],[31.588402,49.505107],[31.588466,49.504506],[31.588496,49.504235],[31.588533,49.503906],[31.588603,49.503304],[31.588675,49.502673],[31.58873566989869,49.502145435663564],[31.588740348815865,49.50208162577354],[31.58874298832335,49.502081797188254],[31.588744,49.502073],[31.588814,49.501472],[31.588883,49.500871],[31.588931,49.500452],[31.588956,49.50027],[31.589038,49.499668],[31.589048,49.499587],[31.589109,49.499062],[31.58918,49.498448],[31.589185,49.498403],[31.589116,49.4984],[31.589041,49.499053],[31.588969,49.499662],[31.588887,49.500266],[31.588745,49.501474],[31.588606,49.502671],[31.588465,49.503903],[31.588433,49.504188],[31.588428,49.504232],[31.588397,49.504506],[31.588269,49.505709],[31.588137,49.506911],[31.588003,49.50812],[31.58789,49.509104],[31.587794,49.509939],[31.587654,49.511145],[31.587523,49.512356],[31.587455,49.513002],[31.587451,49.513075]]]]},"id":"293"},{"type":"Feature","properties":{"id":"294"},"geometry":{"type":"MultiPolygon","coordinates":[[[[31.590920389,49.448656794],[31.590361778,49.449226623],[31.590751583435196,49.449362501493546],[31.59126221577551,49.448841578652086],[31.591269308667535,49.4488451211367],[31.591278562,49.448835682],[31.590920389,49.448656794]]]]},"id":"294"},{"type":"Feature","properties":{"id":"295"},"geometry":{"type":"MultiPolygon","coordinates":[[[[31.633974895,49.470977194],[31.634785174,49.469836621],[31.634606853,49.469771363],[31.633750599,49.470876347],[31.633974895,49.470977194]]]]},"id":"295"},{"type":"Feature","properties":{"id":"296"},"geometry":{"type":"MultiPolygon","coordinates":[[[[31.621751392,49.466041901],[31.621360221,49.465203902],[31.620885064,49.465298114],[31.621276379,49.466136124],[31.621466334,49.466098458],[31.621751392,49.466041901]]]]},"id":"296"},{"type":"Feature","properties":{"id":"297"},"geometry":{"type":"MultiPolygon","coordinates":[[[[31.618362705,49.46766606],[31.618540179,49.467655188],[31.61812287,49.466761495],[31.618083405,49.466769286],[31.617880014,49.466809639],[31.618282717,49.467672292],[31.618362705,49.46766606]]]]},"id":"297"},{"type":"Feature","properties":{"id":"298"},"geometry":{"type":"MultiPolygon","coordinates":[[[[31.632939,49.470511417],[31.632977084,49.470528546],[31.633145031,49.47060406],[31.63397069,49.46953857],[31.633895217,49.469510955],[31.633771564,49.469437027],[31.632939,49.470511417]]]]},"id":"298"},{"type":"Feature","properties":{"id":"299"},"geometry":{"type":"MultiPolygon","coordinates":[[[[31.616911686,49.464741502],[31.617272306,49.465986421],[31.617496047,49.465942002],[31.617135158,49.464696356],[31.616911686,49.464741502]]]]},"id":"299"},{"type":"Feature","properties":{"id":"300"},"geometry":{"type":"MultiPolygon","coordinates":[[[[31.589587595,49.447957103],[31.589866487,49.448096414],[31.590558456,49.447390545],[31.590279567,49.447251226],[31.589587595,49.447957103]]]]},"id":"300"},{"type":"Feature","properties":{"id":"301"},"geometry":{"type":"MultiPolygon","coordinates":[[[[31.613580537,49.465036661],[31.614029854,49.465657463],[31.61415351,49.465946222],[31.614113204,49.466192371],[31.61401939,49.466613803],[31.614042059,49.466626827],[31.614388063,49.46655827],[31.613943337,49.465023259],[31.613580537,49.465036661]]]]},"id":"301"},{"type":"Feature","properties":{"id":"302"},"geometry":{"type":"MultiPolygon","coordinates":[[[[31.590498007,49.446177378],[31.590445303,49.446230917],[31.59069741,49.446356886],[31.59108217,49.4459643295],[31.59146693,49.445571773],[31.591361161,49.445518879],[31.591217558,49.44544717],[31.590498007,49.446177378]]]]},"id":"302"},{"type":"Feature","properties":{"id":"303"},"geometry":{"type":"MultiPolygon","coordinates":[[[[31.637341672,49.471512658],[31.63754197,49.471514578],[31.638153964269236,49.470653030538465],[31.638584738,49.4700466],[31.638527422,49.47005485],[31.638366484,49.470069968],[31.637341672,49.471512658]]]]},"id":"303"},{"type":"Feature","properties":{"id":"304"},"geometry":{"type":"MultiPolygon","coordinates":[[[[31.63119869,49.468611423],[31.631400913,49.468847709],[31.632037567,49.468124267],[31.631796811,49.467913858],[31.63119869,49.468611423]]]]},"id":"304"},{"type":"Feature","properties":{"id":"305"},"geometry":{"type":"MultiPolygon","coordinates":[[[[31.598319,49.453824],[31.599288,49.452835],[31.598978,49.452681],[31.598056,49.453621],[31.598233,49.453726],[31.598319,49.453824]]]]},"id":"305"},{"type":"Feature","properties":{"id":"306"},"geometry":{"type":"MultiPolygon","coordinates":[[[[31.487019132,49.510108006],[31.488679838,49.509975087],[31.488684834,49.509926841],[31.488704681396428,49.50973558489716],[31.488704681396428,49.509732559345665],[31.487044425,49.509865471],[31.487019132,49.510108006]]]]},"id":"306"},{"type":"Feature","properties":{"id":"307"},"geometry":{"type":"MultiPolygon","coordinates":[[[[31.485328,49.508728],[31.485321,49.508797],[31.485312,49.508886],[31.487088,49.508744],[31.487105,49.508586],[31.485328,49.508728]]]]},"id":"307"},{"type":"Feature","properties":{"id":"308"},"geometry":{"type":"MultiPolygon","coordinates":[[[[31.491884,49.506581],[31.491768,49.507699],[31.492342,49.507737],[31.49239532594134,49.50722428819701],[31.49243831634516,49.50670784381902],[31.49244883708413,49.506709795741585],[31.492451,49.506689],[31.491884,49.506581]]]]},"id":"308"},{"type":"Feature","properties":{"id":"309"},"geometry":{"type":"MultiPolygon","coordinates":[[[[31.621221984,49.467257752],[31.620746663,49.466241164],[31.620517256,49.466286719],[31.621005432,49.467332084],[31.621221984,49.467257752]]]]},"id":"309"},{"type":"Feature","properties":{"id":"310"},"geometry":{"type":"MultiPolygon","coordinates":[[[[31.577469549,49.502354859],[31.577508942,49.501989367],[31.577526534,49.501807472],[31.575795916,49.501730445],[31.575739782,49.502277867],[31.577056754,49.502336486],[31.577469549,49.502354859]]]]},"id":"310"},{"type":"Feature","properties":{"id":"311"},"geometry":{"type":"MultiPolygon","coordinates":[[[[31.658319485,49.503667054],[31.658457325,49.503632366],[31.658577672,49.503602045],[31.658734224,49.501927099],[31.658596787,49.501931136],[31.657936259,49.501950227],[31.65776986,49.503731281],[31.658319485,49.503667054]]]]},"id":"311"},{"type":"Feature","properties":{"id":"312"},"geometry":{"type":"MultiPolygon","coordinates":[[[[31.44748015,49.626995502],[31.448715721,49.62659069],[31.448669845,49.626454015],[31.448469687,49.626315023],[31.448337007,49.626329835],[31.448003935,49.62656935],[31.447415832,49.62673886],[31.447284684,49.626743709],[31.447286052,49.626745508],[31.447460717,49.626970471],[31.44748015,49.626995502]]]]},"id":"312"},{"type":"Feature","properties":{"id":"313"},"geometry":{"type":"MultiPolygon","coordinates":[[[[31.596585483,49.528611124],[31.59763908,49.528677909],[31.597928473,49.526364641],[31.596874993,49.526297309],[31.596585483,49.528611124]]]]},"id":"313"},{"type":"Feature","properties":{"id":"314"},"geometry":{"type":"MultiPolygon","coordinates":[[[[31.619336636,49.466520823],[31.619232653,49.466541448],[31.61970831,49.467560263],[31.619814847,49.467545101],[31.619336636,49.466520823]]]]},"id":"314"},{"type":"Feature","properties":{"id":"315"},"geometry":{"type":"MultiPolygon","coordinates":[[[[31.597226474,49.519119811],[31.598496266,49.519200299],[31.598626137,49.517966076],[31.597355687,49.517892513],[31.597226474,49.519119811]]]]},"id":"315"},{"type":"Feature","properties":{"id":"316"},"geometry":{"type":"MultiPolygon","coordinates":[[[[31.616767158,49.467030332],[31.616375968,49.466192316],[31.616163242,49.466234491],[31.616554429,49.467072508],[31.616596997,49.467064067],[31.616767158,49.467030332]]]]},"id":"316"},{"type":"Feature","properties":{"id":"317"},"geometry":{"type":"MultiPolygon","coordinates":[[[[31.423274775,49.630962788],[31.42341179,49.631592376],[31.423523964,49.631595337],[31.423882952,49.63174451],[31.42477387,49.631675738],[31.425114293,49.631523616],[31.425216246,49.631331607],[31.425119031,49.63099929],[31.423274775,49.630962788]]]]},"id":"317"},{"type":"Feature","properties":{"id":"318"},"geometry":{"type":"MultiPolygon","coordinates":[[[[31.36972298,49.628582304],[31.37041637,49.628508422],[31.369831729,49.626193727],[31.36972985,49.626161551],[31.369268787,49.626001115],[31.368957668,49.625844049],[31.36972298,49.628582304]]]]},"id":"318"},{"type":"Feature","properties":{"id":"319"},"geometry":{"type":"MultiPolygon","coordinates":[[[[31.617228744,49.466023221],[31.617619865,49.466861243],[31.617620554,49.466861071],[31.617844989,49.466816651],[31.617453727,49.46597863],[31.617228744,49.466023221]]]]},"id":"319"},{"type":"Feature","properties":{"id":"320"},"geometry":{"type":"MultiPolygon","coordinates":[[[[31.397461429,49.64106063],[31.397604183,49.64158147],[31.400849405,49.641206159],[31.400754647,49.640861048],[31.400610109,49.640839228],[31.400155407,49.640802],[31.399791948,49.640775827],[31.399493338,49.64078401],[31.39909047,49.64079505],[31.398738095,49.640831812],[31.398407628,49.640886043],[31.398007848,49.640942181],[31.397574933,49.641026367],[31.397461429,49.64106063]]]]},"id":"320"},{"type":"Feature","properties":{"id":"321"},"geometry":{"type":"MultiPolygon","coordinates":[[[[31.619106328,49.464261094],[31.619479492,49.46554872],[31.619695466,49.46550586],[31.619320877,49.464213094],[31.619106328,49.464261094]]]]},"id":"321"},{"type":"Feature","properties":{"id":"322"},"geometry":{"type":"MultiPolygon","coordinates":[[[[31.397059808,49.641947343],[31.39761655,49.641883021],[31.397396538,49.641080326],[31.397131361,49.641160469],[31.396947724,49.641224231],[31.396729039,49.641284438],[31.396337499,49.64136292],[31.395931468,49.64143281],[31.395568878,49.641420111],[31.395058482,49.641379882],[31.394790718,49.64132847],[31.394575139,49.641608541],[31.394387644,49.641699844],[31.394180493,49.641731384],[31.393846898,49.641716593],[31.393963541,49.641940199],[31.394927356,49.6418288],[31.395019602,49.641818095],[31.395067263,49.641789394],[31.395330736,49.641815725],[31.395532551,49.641825555],[31.395699156,49.641835622],[31.395975669,49.641850554],[31.396343576,49.641844969],[31.396773077,49.64184726],[31.397032642,49.641902112],[31.397059808,49.641947343]]]]},"id":"322"},{"type":"Feature","properties":{"id":"323"},"geometry":{"type":"MultiPolygon","coordinates":[[[[31.628955858,49.470211616],[31.629246869,49.47048326],[31.630579693,49.471510052],[31.631051744,49.471715482],[31.63116834,49.471749904],[31.631468196,49.471378477],[31.629495584,49.469743046],[31.628955858,49.470211616]]]]},"id":"323"},{"type":"Feature","properties":{"id":"324"},"geometry":{"type":"MultiPolygon","coordinates":[[[[31.407739861,49.605432629],[31.409202346,49.606124616],[31.409421588,49.605917653],[31.409447188,49.605728969],[31.409670781,49.60568106],[31.409860072,49.605635614],[31.410389282,49.605562803],[31.411143766,49.605140699],[31.409866642,49.604536445],[31.407739861,49.605432629]]]]},"id":"324"},{"type":"Feature","properties":{"id":"325"},"geometry":{"type":"MultiPolygon","coordinates":[[[[31.577584104,49.501211846],[31.57765603,49.500467838],[31.577201799,49.500452613],[31.576995437,49.500461471],[31.576626756,49.500463073],[31.575928854,49.500434148],[31.575856986,49.501134971],[31.577584104,49.501211846]]]]},"id":"325"},{"type":"Feature","properties":{"id":"326"},"geometry":{"type":"MultiPolygon","coordinates":[[[[31.617135158,49.46469632],[31.617496102,49.465942011],[31.617719692,49.465897673],[31.617358492,49.464651138],[31.617135158,49.46469632]]]]},"id":"326"},{"type":"Feature","properties":{"id":"327"},"geometry":{"type":"MultiPolygon","coordinates":[[[[31.634362432,49.471151437],[31.633518642,49.47229968],[31.634463666,49.472491585],[31.635302502,49.471350058],[31.635231042,49.471338434],[31.635006367,49.471301877],[31.634782271,49.471265409],[31.634558962,49.471229074],[31.63452157,49.471222994],[31.634362432,49.471151437]]]]},"id":"327"},{"type":"Feature","properties":{"id":"328"},"geometry":{"type":"MultiPolygon","coordinates":[[[[31.409866642,49.604536445],[31.411143766,49.605140699],[31.411541879,49.604917964],[31.411721638,49.604755876],[31.413015203,49.603830213],[31.412347221,49.603514175],[31.411703072,49.603503021],[31.410037356,49.604464497],[31.409866642,49.604536445]]]]},"id":"328"},{"type":"Feature","properties":{"id":"329"},"geometry":{"type":"MultiPolygon","coordinates":[[[[31.619979645,49.521292933],[31.620039167,49.520601323],[31.620088922,49.520022383],[31.620103094,49.519910105],[31.62018948,49.519221119],[31.620276028,49.518531063],[31.620341305,49.518010604],[31.620362045,49.51784001],[31.62044876,49.517124779],[31.620580972,49.516036032],[31.620732166,49.514790343],[31.620883352,49.513544122],[31.620958536,49.512924469],[31.621025404,49.512298459],[31.6212735,49.509974],[31.621204159,49.509975008],[31.620889691,49.51292116],[31.620272453,49.518007016],[31.620020054,49.520019254],[31.619910626,49.521290973],[31.619979645,49.521292933]]]]},"id":"329"},{"type":"Feature","properties":{"id":"330"},"geometry":{"type":"MultiPolygon","coordinates":[[[[31.619729443,49.509828743],[31.619799061,49.509827835],[31.619899062,49.50924092],[31.620004942,49.508619069],[31.620096908,49.508079654],[31.62017948,49.507595203],[31.620260497,49.507119358],[31.620348918,49.50660033],[31.620454461,49.505981265],[31.620633594,49.504929917],[31.621057133,49.502443332],[31.621448828,49.500143787],[31.621540612,49.49960491],[31.62160386,49.499233596],[31.621666631,49.49886525],[31.621729415,49.498496895],[31.621792046,49.498128548],[31.621854828,49.497760103],[31.621937188,49.49727645],[31.621868227,49.497273412],[31.621779201,49.497796849],[31.621695776,49.498285978],[31.621612473,49.498775197],[31.621529169,49.499264416],[31.621445876,49.499753544],[31.621362569,49.500242763],[31.620973332,49.502528027],[31.620495344,49.505333478],[31.620356469,49.506148577],[31.619729443,49.509828743]]]]},"id":"330"},{"type":"Feature","properties":{"id":"331"},"geometry":{"type":"MultiPolygon","coordinates":[[[[31.631661031079464,49.499592023520194],[31.63165569305414,49.499601123920385],[31.631583801835564,49.49956999715257],[31.631582504,49.499569627],[31.630714908,49.499230435],[31.628687889,49.498339505],[31.62787755,49.49798265],[31.626938432,49.4975688],[31.626213994,49.497254062],[31.626103818,49.497198949],[31.625767542,49.49707421],[31.624379899,49.496483185],[31.623367435,49.496044299],[31.622655126,49.49574268],[31.622647811,49.495787383],[31.623345235,49.49608687],[31.624372143,49.496527853],[31.62574142,49.497115823],[31.626066989,49.497236968],[31.626205867,49.497298712],[31.6268996,49.497605967],[31.627845558,49.49802249],[31.628656463,49.498379533],[31.630679422,49.499268993],[31.631580995,49.499614576],[31.632139514,49.499776529],[31.632247616,49.499759322],[31.631661031079464,49.499592023520194]]]]},"id":"331"},{"type":"Feature","properties":{"id":"332"},"geometry":{"type":"MultiPolygon","coordinates":[[[[31.589308677,49.447817809],[31.590000679,49.447111934],[31.589992397,49.447107795],[31.58992381,49.447073538],[31.589855224,49.44703928],[31.589786638,49.447005022],[31.589716837,49.446970154],[31.589117866,49.447578005],[31.589110757,49.447718949],[31.589308677,49.447817809]]]]},"id":"332"},{"type":"Feature","properties":{"id":"333"},"geometry":{"type":"MultiPolygon","coordinates":[[[[31.616046322,49.464916614],[31.615867024,49.464927951],[31.616233362,49.466192396],[31.61642255,49.466154883],[31.616062813,49.46491327],[31.616046322,49.464916614]]]]},"id":"333"},{"type":"Feature","properties":{"id":"334"},"geometry":{"type":"MultiPolygon","coordinates":[[[[31.654325412,49.501544085],[31.654448724,49.501702517],[31.655145458,49.501769757],[31.655885061,49.501841081],[31.656442443,49.50189488],[31.656580809,49.501900933],[31.657240787,49.501929944],[31.657794957,49.501954321],[31.657936259,49.501950227],[31.658734224,49.501927099],[31.658875263,49.501923004],[31.659761037,49.501939993],[31.659748272,49.501894758],[31.658874787,49.501878048],[31.657795737,49.501909274],[31.656449839,49.501850157],[31.654494167,49.501661492],[31.654333706,49.501455222],[31.654325412,49.501544085]]]]},"id":"334"},{"type":"Feature","properties":{"id":"335"},"geometry":{"type":"MultiPolygon","coordinates":[[[[31.601977555,49.454144275],[31.602249573,49.454280074],[31.602941479,49.453574122],[31.602774421,49.453490714],[31.60266945,49.453438316],[31.601977555,49.454144275]]]]},"id":"335"},{"type":"Feature","properties":{"id":"336"},"geometry":{"type":"MultiPolygon","coordinates":[[[[31.631633958,49.469120006],[31.631646813,49.469325127],[31.631652909,49.469422307],[31.632465814,49.468498499],[31.632263403,49.46832162],[31.63159792,49.469077896],[31.631633958,49.469120006]]]]},"id":"336"},{"type":"Feature","properties":{"id":"337"},"geometry":{"type":"MultiPolygon","coordinates":[[[[31.622688687,49.463458933],[31.623087138,49.464833241],[31.623246629,49.464801548],[31.622847143,49.463423367],[31.622688687,49.463458933]]]]},"id":"337"},{"type":"Feature","properties":{"id":"338"},"geometry":{"type":"MultiPolygon","coordinates":[[[[31.525862,49.501975],[31.525987,49.501788],[31.524578,49.501467],[31.524504,49.501665],[31.525862,49.501975]]]]},"id":"338"},{"type":"Feature","properties":{"id":"339"},"geometry":{"type":"MultiPolygon","coordinates":[[[[31.597314,49.45185],[31.597022,49.451704],[31.596029,49.452717],[31.596503,49.452678],[31.597314,49.45185]]]]},"id":"339"},{"type":"Feature","properties":{"id":"340"},"geometry":{"type":"MultiPolygon","coordinates":[[[[31.61970831,49.467560263],[31.619232639,49.466541448],[31.619132337,49.466561341],[31.619021954,49.466583232],[31.619038220274437,49.46661807331264],[31.619038581848084,49.46661801456679],[31.61949582452367,49.46759052131927],[31.61970831,49.467560263]]]]},"id":"340"},{"type":"Feature","properties":{"id":"341"},"geometry":{"type":"MultiPolygon","coordinates":[[[[31.597681605,49.453398674],[31.597769674,49.453451055],[31.598673747,49.452528718],[31.598445858,49.452414929],[31.597659481,49.453217195],[31.597681605,49.453398674]]]]},"id":"341"},{"type":"Feature","properties":{"id":"342"},"geometry":{"type":"MultiPolygon","coordinates":[[[[31.631698842691403,49.45433209331901],[31.631737430819317,49.454545310419576],[31.632145259,49.454507406],[31.63247805,49.454156681],[31.632159231,49.454019064],[31.631674688,49.454062864],[31.631698842691403,49.45433209331901]]]]},"id":"342"},{"type":"Feature","properties":{"id":"343"},"geometry":{"type":"MultiPolygon","coordinates":[[[[31.635006367,49.471301877],[31.635231042,49.471338434],[31.63606293,49.470167409],[31.63584252,49.470124851],[31.635006367,49.471301877]]]]},"id":"343"},{"type":"Feature","properties":{"id":"344"},"geometry":{"type":"MultiPolygon","coordinates":[[[[31.590695927,49.44639011],[31.590627341,49.446355853],[31.58992381,49.447073538],[31.589992397,49.447107795],[31.590695927,49.44639011]]]]},"id":"344"},{"type":"Feature","properties":{"id":"345"},"geometry":{"type":"MultiPolygon","coordinates":[[[[31.612410588,49.462288593],[31.612360997,49.462294692],[31.612397468,49.46259011],[31.61241999,49.462938671],[31.612512424,49.463112086],[31.612644472,49.463095837],[31.612410588,49.462288593]]]]},"id":"345"},{"type":"Feature","properties":{"id":"346"},"geometry":{"type":"MultiPolygon","coordinates":[[[[31.588991384073402,49.4486311527981],[31.588970166057457,49.448741508544146],[31.588993729,49.448749721],[31.589688198,49.448041346],[31.589109093,49.447752092],[31.589078218,49.448364091],[31.588991384073402,49.4486311527981]]]]},"id":"346"},{"type":"Feature","properties":{"id":"347"},"geometry":{"type":"MultiPolygon","coordinates":[[[[31.591704747,49.446859976],[31.591959731,49.446987315],[31.592729227,49.446202194],[31.59264957,49.446162453],[31.592550506,49.446112945],[31.592474259,49.446074856],[31.591704747,49.446859976]]]]},"id":"347"},{"type":"Feature","properties":{"id":"348"},"geometry":{"type":"MultiPolygon","coordinates":[[[[31.556559333,49.443170064],[31.557047948,49.444168642],[31.55734956,49.444104682],[31.556776833,49.443124911],[31.556559333,49.443170064]]]]},"id":"348"},{"type":"Feature","properties":{"id":"349"},"geometry":{"type":"MultiPolygon","coordinates":[[[[31.418588614,49.627695316],[31.41819806,49.626613537],[31.416935893,49.627069128],[31.416480998,49.62709891],[31.416029705,49.627214585],[31.415736678,49.627373036],[31.415544163,49.627635946],[31.415769401,49.627739813],[31.41683622,49.627962341],[31.417554962,49.627852798],[31.417560165,49.627722917],[31.417654657,49.627658834],[31.417872733,49.627596295],[31.418057802,49.6276552],[31.418181601,49.627718603],[31.41816621,49.627759645],[31.418588614,49.627695316]]]]},"id":"349"},{"type":"Feature","properties":{"id":"350"},"geometry":{"type":"MultiPolygon","coordinates":[[[[31.636236642,49.471502058],[31.636083245,49.47147708],[31.635879356,49.471443908],[31.635669684,49.471409789],[31.635453814,49.471374634],[31.635302474,49.47135004],[31.634463638,49.472491612],[31.63533118,49.472667766],[31.635383121,49.472680293],[31.636248895741556,49.47150214182038],[31.636248922,49.471502142],[31.636236642,49.471502058]]]]},"id":"350"},{"type":"Feature","properties":{"id":"351"},"geometry":{"type":"MultiPolygon","coordinates":[[[[31.549428781,49.525279982],[31.549608194,49.525023945],[31.548747076,49.524385665],[31.548247019,49.524067658],[31.547976943,49.523928317],[31.547906475,49.524028795],[31.547849939,49.524109703],[31.549428781,49.525279982]]]]},"id":"351"},{"type":"Feature","properties":{"id":"352"},"geometry":{"type":"MultiPolygon","coordinates":[[[[31.619841586,49.46550508],[31.620232733,49.466343093],[31.620295735,49.46633062],[31.620500916,49.466289919],[31.620109612,49.465451907],[31.619841586,49.46550508]]]]},"id":"352"},{"type":"Feature","properties":{"id":"353"},"geometry":{"type":"MultiPolygon","coordinates":[[[[31.635383,49.47268],[31.635973,49.472823],[31.636179,49.472904],[31.637203,49.471511],[31.637138,49.471511],[31.63693,49.471509],[31.636719,49.471507],[31.636505,49.471505],[31.636287,49.471503],[31.636248895741556,49.47150214182038],[31.636249,49.471502],[31.635383,49.47268]]]]},"id":"353"},{"type":"Feature","properties":{"id":"354"},"geometry":{"type":"MultiPolygon","coordinates":[[[[31.617075231,49.467765849],[31.61735546,49.46774413],[31.617000626,49.466984034],[31.616979887,49.466988146],[31.616767158,49.467030332],[31.616596997,49.467064067],[31.616907133,49.467728399],[31.617075231,49.467765849]]]]},"id":"354"},{"type":"Feature","properties":{"id":"355"},"geometry":{"type":"MultiPolygon","coordinates":[[[[31.608954,49.426971],[31.607742,49.427935],[31.607598,49.428077],[31.607039,49.428573],[31.607029,49.428673],[31.607034,49.428711],[31.607103,49.428711],[31.607743,49.428701],[31.608452,49.428717],[31.609021,49.428746],[31.610137,49.428824],[31.610254,49.428832],[31.611719,49.42898],[31.612195,49.429036],[31.612392,49.429058],[31.612694,49.428993],[31.613002,49.42893],[31.613237,49.428899],[31.613618,49.428849],[31.614441,49.428753],[31.614598,49.428736],[31.615103,49.42876],[31.616476,49.428827],[31.617182,49.428862],[31.617299,49.428868],[31.617898,49.42893],[31.618236,49.428963],[31.618611,49.429004],[31.618719,49.429015],[31.61932,49.429121],[31.619993,49.42924],[31.620188,49.429272],[31.621353,49.429279],[31.622081,49.42928],[31.622986,49.429312],[31.623862,49.429133],[31.624526,49.429154],[31.6248,49.429153],[31.625344,49.429169],[31.62535,49.429126],[31.624807,49.429108],[31.624526,49.429109],[31.62386,49.429088],[31.622963,49.429269],[31.622882,49.429265],[31.62208,49.429235],[31.621351,49.429234],[31.621117,49.429233],[31.620886,49.429233],[31.620658,49.429232],[31.620193,49.429231],[31.61999,49.429195],[31.619315,49.429076],[31.618716,49.42897],[31.618616,49.428959],[31.617903,49.428885],[31.617304,49.428823],[31.617186,49.428817],[31.616474,49.428782],[31.61578,49.428748],[31.615454,49.428732],[31.615106,49.428715],[31.614598,49.428691],[31.614445,49.428709],[31.613814,49.428781],[31.613615,49.428804],[31.613232,49.428854],[31.612991,49.428885],[31.612691,49.428948],[31.612385,49.429013],[31.612199,49.428991],[31.611726,49.428935],[31.611723,49.428935],[31.611238,49.428886],[31.610692,49.428831],[31.610252,49.428787],[31.610144,49.428779],[31.609589,49.428739],[31.609151,49.428708],[31.609027,49.428701],[31.608454,49.428672],[31.607738,49.428656],[31.607098,49.428671],[31.607104,49.428588],[31.607667,49.42808],[31.607802,49.427958],[31.609022,49.426974],[31.608954,49.426971]]]]},"id":"355"},{"type":"Feature","properties":{"id":"356"},"geometry":{"type":"MultiPolygon","coordinates":[[[[31.630236672097617,49.47127324574905],[31.63023948669428,49.47127547238409],[31.630219738196566,49.47130242183844],[31.630533301,49.471543921],[31.631018129,49.471754911],[31.63130773,49.471841961],[31.631641267,49.471971695],[31.632914815,49.472259356],[31.635308904,49.472710312],[31.635943115,49.47286359],[31.636832971,49.473215063],[31.636862121,49.473174002],[31.636179179,49.472904286],[31.635973219,49.472822905],[31.635383121,49.472680293],[31.63533118,49.472667766],[31.634463638,49.472491612],[31.633518711,49.472299671],[31.632912826,49.47217662],[31.631842551,49.471933999],[31.631624588,49.471884624],[31.63116834,49.471749922],[31.631051813,49.471715509],[31.630579707,49.471510016],[31.630249337,49.471255504],[31.630236672097617,49.47127324574905]]]]},"id":"356"},{"type":"Feature","properties":{"id":"357"},"geometry":{"type":"MultiPolygon","coordinates":[[[[31.640499462,49.461592082],[31.640444086,49.461618917],[31.640509106,49.461679736],[31.639139265,49.46226432],[31.639102018,49.462224659],[31.63904718,49.4622524],[31.639117606,49.462327285],[31.639407397,49.462203649],[31.640053122,49.461928105],[31.640606282,49.461691963],[31.640499462,49.461592082]]]]},"id":"357"},{"type":"Feature","properties":{"id":"358"},"geometry":{"type":"MultiPolygon","coordinates":[[[[31.606801,49.428836],[31.606961,49.428795],[31.606916,49.428761],[31.606763,49.428797],[31.606469,49.428998],[31.606034,49.42931],[31.605013,49.430184],[31.604978,49.430213],[31.605028,49.430243],[31.6054,49.429926],[31.605926,49.429477],[31.606087,49.429338],[31.60652,49.429028],[31.606801,49.428836]]]]},"id":"358"},{"type":"Feature","properties":{"id":"359"},"geometry":{"type":"MultiPolygon","coordinates":[[[[31.607094,49.432084],[31.60721,49.432248],[31.607246,49.432711],[31.607276,49.433098],[31.607294,49.433235],[31.607352,49.433663],[31.607366,49.433822],[31.60737,49.433861],[31.607586,49.433939],[31.607911,49.434282],[31.608121,49.434505],[31.608165,49.434688],[31.608142,49.434742],[31.608022,49.435024],[31.607929,49.435318],[31.608025,49.435384],[31.608054,49.435404],[31.608507,49.435537],[31.60908,49.435733],[31.609249,49.43575],[31.609893,49.435814],[31.609938,49.435818],[31.60992,49.435771],[31.609102,49.43569],[31.608537,49.435497],[31.608094,49.435366],[31.608004,49.435305],[31.608089,49.435035],[31.608236,49.434691],[31.608187,49.434489],[31.607635,49.433905],[31.607436,49.433833],[31.607421,49.43366],[31.607345,49.433095],[31.607278,49.432237],[31.607153,49.43206],[31.607094,49.432084]]]]},"id":"359"},{"type":"Feature","properties":{"id":"360"},"geometry":{"type":"MultiPolygon","coordinates":[[[[31.524603758,49.483982732],[31.524330141,49.484028258],[31.523972346,49.484087818],[31.523587407,49.484151815],[31.523168119,49.484221554],[31.522703139,49.484298907],[31.522660346,49.484306009],[31.522386325,49.484351611],[31.522184173,49.484384522],[31.52163352,49.484473998],[31.521008511,49.484575524],[31.521033569,49.484599292],[31.522396425,49.484377774],[31.524624802,49.484007094],[31.524603758,49.483982732]]]]},"id":"360"},{"type":"Feature","properties":{"id":"361"},"geometry":{"type":"MultiPolygon","coordinates":[[[[31.550892042,49.512558232],[31.551339464,49.512564877],[31.551452489,49.512432998],[31.551777284,49.512053534],[31.552071214,49.511727759],[31.552972606,49.510728286],[31.553344125,49.510316472],[31.553510767,49.510131716],[31.553757557,49.509864797],[31.554226593,49.509357476],[31.554676022,49.508871219],[31.555860045,49.507557994],[31.556329053,49.507028185],[31.556598205,49.506724134],[31.557610789,49.50553294],[31.557692578,49.505436774],[31.558415386,49.504586411],[31.558510837,49.504476059],[31.560133149,49.502600167],[31.56157421,49.5009116],[31.561816182,49.500617297],[31.56217293,49.500183388],[31.562839889,49.499372381],[31.562924823,49.499269035],[31.56376341,49.49821674],[31.564141179,49.497742623],[31.565039007,49.496620388],[31.565879944,49.495555865],[31.565807024,49.495549874],[31.564977703,49.496599751],[31.564079998,49.497721896],[31.562863792,49.499248047],[31.561513592,49.500890071],[31.560072956,49.502578188],[31.558355053,49.504564521],[31.556538161,49.506702063],[31.555800413,49.507535383],[31.554616679,49.508848256],[31.553451423,49.510108753],[31.551717373,49.51203119],[31.551299468,49.512519319],[31.550970223,49.512514455],[31.550892042,49.512558232]]]]},"id":"361"},{"type":"Feature","properties":{"id":"362"},"geometry":{"type":"MultiPolygon","coordinates":[[[[31.596165881,49.517700519],[31.596172916,49.517746161],[31.597235202,49.517813258],[31.599916717,49.517966779],[31.599922095,49.517921954],[31.598898434,49.517863363],[31.597957425,49.51780945],[31.597241549,49.517768531],[31.597008984,49.517753764],[31.596165881,49.517700519]]]]},"id":"362"},{"type":"Feature","properties":{"id":"363"},"geometry":{"type":"MultiPolygon","coordinates":[[[[31.601179516,49.511385478],[31.603439314,49.51140706],[31.603884371,49.511406824],[31.605405665,49.511406099],[31.606794052,49.511455395],[31.606863044,49.511457912],[31.607138349,49.511467674],[31.60714185,49.511306126],[31.607072857,49.511303349],[31.607070309,49.511420219],[31.605407599,49.511361159],[31.603439855,49.511362112],[31.60118532,49.511340571],[31.601179516,49.511385478]]]]},"id":"363"},{"type":"Feature","properties":{"id":"364"},"geometry":{"type":"MultiPolygon","coordinates":[[[[31.621930247,49.521531287],[31.623164402,49.521541366],[31.623598352,49.521541875],[31.625409975,49.521543904],[31.625940987,49.521537754],[31.625946355,49.521492747],[31.625409391,49.52149894],[31.623164924,49.521496418],[31.62189888,49.521486094],[31.621930247,49.521531287]]]]},"id":"364"},{"type":"Feature","properties":{"id":"365"},"geometry":{"type":"MultiPolygon","coordinates":[[[[31.62798691,49.469447731],[31.627111371,49.468840498],[31.626974595,49.46866441],[31.627112765,49.468124612],[31.627367365,49.467593164],[31.627777908,49.466179293],[31.6285986,49.465308731],[31.628851283,49.464883802],[31.62485508,49.464629667],[31.624630231,49.464171291],[31.624405058,49.46308081],[31.624600903,49.462579399],[31.625037645,49.462292817],[31.6254174,49.461937386],[31.624600167,49.461977775],[31.624664609,49.461643149],[31.624700999,49.461567179],[31.628821875,49.46135759],[31.628888592,49.460253755],[31.625514421,49.460445268],[31.624883899,49.461126634],[31.624327683,49.462212102],[31.624297651,49.463217206],[31.624414789,49.465114302],[31.625743926,49.465188368],[31.626440956,49.465534143],[31.626794709,49.465928752],[31.626657405,49.466225335],[31.626223711,49.466984168],[31.625733375549263,49.46796804022988],[31.625733375549263,49.46801250945521],[31.62569046020502,49.46809617788629],[31.625669906766,49.4680953921748],[31.625618398,49.468198746],[31.62555933676224,49.46840287002861],[31.62556171417231,49.46840296091105],[31.625518798828068,49.46857029629664],[31.625518798828068,49.46867353985805],[31.625578826,49.46908959],[31.625795773,49.46934227],[31.625698316,49.469570098],[31.626007969,49.470638284],[31.626562797,49.471700492],[31.628737053,49.470311078],[31.62798691,49.469447731]]],[[[31.625510967282022,49.46857004182416],[31.625518798828068,49.46857029629664],[31.625510980133267,49.46856999740843],[31.625510967282022,49.46857004182416]]]]},"id":"365"},{"type":"Feature","properties":{"id":"366"},"geometry":{"type":"MultiPolygon","coordinates":[[[[31.527367,49.49175],[31.527126,49.491391],[31.526884,49.491434],[31.527611,49.492513],[31.527631,49.492512],[31.527873,49.4925],[31.527367,49.49175]]]]},"id":"366"},{"type":"Feature","properties":{"id":"367"},"geometry":{"type":"MultiPolygon","coordinates":[[[[31.594133451,49.52845564],[31.595429037,49.528537795],[31.595718669,49.52622339],[31.594423239,49.526140564],[31.594133451,49.52845564]]]]},"id":"367"},{"type":"Feature","properties":{"id":"368"},"geometry":{"type":"MultiPolygon","coordinates":[[[[31.547487679,49.54725508],[31.547585356,49.547263438],[31.547980472,49.547069157],[31.548405721,49.546860099],[31.548686291,49.546722138],[31.548830691,49.546650769],[31.549051274,49.546541722],[31.549267534,49.546434888],[31.549725449,49.546208646],[31.550172739,49.545987632],[31.550554879,49.545798805],[31.550644319,49.545754404],[31.551144219,49.545506479],[31.551662124,49.545249526],[31.551717933,49.545221845],[31.552103568,49.545030521],[31.552504681,49.544831501],[31.552925319,49.544622752],[31.553365356,49.544404542],[31.553321807,49.544369569],[31.551238392,49.545403219],[31.550513015,49.545763039],[31.549184236,49.546419629],[31.548644566,49.546686281],[31.547487679,49.54725508]]]]},"id":"368"},{"type":"Feature","properties":{"id":"369"},"geometry":{"type":"MultiPolygon","coordinates":[[[[31.406415927,49.606313208],[31.407355827,49.60726958],[31.407856687,49.607011461],[31.408552066,49.606531811],[31.409194294,49.606132226],[31.409202346,49.606124616],[31.407739861,49.605432629],[31.407514559,49.605527565],[31.407551268,49.605845815],[31.406933256,49.606296265],[31.406415927,49.606313208]]]]},"id":"369"},{"type":"Feature","properties":{"id":"370"},"geometry":{"type":"MultiPolygon","coordinates":[[[[31.480451,49.508276],[31.480501,49.507803],[31.480157,49.507836],[31.480085,49.508526],[31.480125,49.508522],[31.480429,49.508493],[31.480451,49.508276]]]]},"id":"370"},{"type":"Feature","properties":{"id":"371"},"geometry":{"type":"MultiPolygon","coordinates":[[[[31.575859906,49.500431298],[31.575795654,49.501058028],[31.575736801,49.501632021],[31.57568132,49.502173391],[31.575619077,49.502780716],[31.575563809,49.503318588],[31.575632775,49.503321654],[31.575739824,49.502277894],[31.575795971,49.501730409],[31.575857014,49.501134944],[31.575928882,49.500434193],[31.575859906,49.500431298]]]]},"id":"371"},{"type":"Feature","properties":{"id":"372"},"geometry":{"type":"MultiPolygon","coordinates":[[[[31.575859906,49.500431298],[31.575928882,49.500434193],[31.57662677,49.500463055],[31.57699541,49.500461507],[31.577201826,49.500452631],[31.57765603,49.500467856],[31.577584062,49.501211855],[31.577526478,49.501807436],[31.577508983,49.501989376],[31.577469535,49.502354832],[31.577327717,49.503670755],[31.57750072,49.503677895],[31.578720135,49.503727902],[31.578724426,49.503683069],[31.577401404,49.503628726],[31.577414947231905,49.50350310570906],[31.57741069793696,49.50350298027737],[31.577429243246176,49.50337050298286],[31.57755011029912,49.50224940024581],[31.57753944396967,49.502248846093444],[31.577563827905944,49.50212216253976],[31.577577823,49.501992351],[31.577652590865362,49.501218912159445],[31.577625274658146,49.50121764501689],[31.577668190002385,49.501022550476705],[31.577671557654405,49.50102270953611],[31.577729311,49.500425278],[31.5772013,49.500407576],[31.576992937,49.500416526],[31.576628715,49.500418116],[31.574443756,49.500327539],[31.57442883,49.500371929],[31.575859906,49.500431298]]]]},"id":"372"},{"type":"Feature","properties":{"id":"373"},"geometry":{"type":"MultiPolygon","coordinates":[[[[31.446983704,49.577675554],[31.44565205,49.577636901],[31.445619538,49.577839662],[31.446914775,49.57796856],[31.446983704,49.577675554]]]]},"id":"373"},{"type":"Feature","properties":{"id":"374"},"geometry":{"type":"MultiPolygon","coordinates":[[[[31.524717852,49.501091021],[31.526224417,49.501434975],[31.526337657,49.501266526],[31.524784498,49.500911848],[31.524717852,49.501091021]]]]},"id":"374"},{"type":"Feature","properties":{"id":"375"},"geometry":{"type":"MultiPolygon","coordinates":[[[[31.59207,49.449231],[31.591666,49.449029],[31.591184,49.449521],[31.591596,49.449714],[31.59207,49.449231]]]]},"id":"375"},{"type":"Feature","properties":{"id":"376"},"geometry":{"type":"MultiPolygon","coordinates":[[[[31.598690015,49.528207978],[31.59890798,49.526427233],[31.597928473,49.526364641],[31.59763908,49.528677909],[31.598618701,49.528740001],[31.598690015,49.528207978]]]]},"id":"376"},{"type":"Feature","properties":{"id":"377"},"geometry":{"type":"MultiPolygon","coordinates":[[[[31.62663431,49.463354905],[31.626792525,49.464684317],[31.626997882,49.464695223],[31.626836999,49.463344658],[31.626756917,49.463348729],[31.62663431,49.463354905]]]]},"id":"377"},{"type":"Feature","properties":{"id":"378"},"geometry":{"type":"MultiPolygon","coordinates":[[[[31.626428297,49.463365308],[31.626583996,49.464673306],[31.626792525,49.464684317],[31.62663431,49.463354905],[31.626573689,49.463357956],[31.626428297,49.463365308]]]]},"id":"378"},{"type":"Feature","properties":{"id":"379"},"geometry":{"type":"MultiPolygon","coordinates":[[[[31.622418419,49.466500608],[31.621774597,49.465121727],[31.621633608,49.465149695],[31.622293293,49.466562537],[31.622418419,49.466500608]]]]},"id":"379"},{"type":"Feature","properties":{"id":"380"},"geometry":{"type":"MultiPolygon","coordinates":[[[[31.626941385,49.463339329],[31.627036654,49.463334567],[31.627127095,49.463329945],[31.626950617,49.461847809],[31.626764913,49.461857201],[31.626941385,49.463339329]]]]},"id":"380"},{"type":"Feature","properties":{"id":"381"},"geometry":{"type":"MultiPolygon","coordinates":[[[[31.60029194,49.455110411],[31.600349655,49.455106909],[31.601495669,49.453937664],[31.60119157,49.45378586],[31.599861417,49.455143026],[31.60029194,49.455110411]]]]},"id":"381"},{"type":"Feature","properties":{"id":"382"},"geometry":{"type":"MultiPolygon","coordinates":[[[[31.573165163,49.432629082],[31.572460971,49.432832854],[31.571950149,49.433061092],[31.572002729,49.433116536],[31.572100473,49.433219381],[31.572131291,49.433251911],[31.573225654,49.432608715],[31.573165163,49.432629082]]]]},"id":"382"},{"type":"Feature","properties":{"id":"383"},"geometry":{"type":"MultiPolygon","coordinates":[[[[31.515600361,49.47619005],[31.515428212,49.476193804],[31.514070828,49.476382934],[31.514397933,49.476660509],[31.515649672,49.47622029],[31.515600361,49.47619005]]]]},"id":"383"},{"type":"Feature","properties":{"id":"384"},"geometry":{"type":"MultiPolygon","coordinates":[[[[31.629968866,49.460111556],[31.630153104,49.461658749],[31.630344047,49.46164904],[31.630159678,49.460101299],[31.629968866,49.460111556]]]]},"id":"384"},{"type":"Feature","properties":{"id":"385"},"geometry":{"type":"MultiPolygon","coordinates":[[[[31.622009735,49.463611225],[31.62240323,49.464968861],[31.622585417,49.464932748],[31.622190624,49.463570699],[31.622009735,49.463611225]]]]},"id":"385"},{"type":"Feature","properties":{"id":"386"},"geometry":{"type":"MultiPolygon","coordinates":[[[[31.57867625,49.546287563],[31.578736967,49.546270241],[31.578694334,49.546207323],[31.578001177,49.545173458],[31.577399863,49.544312445],[31.576733843,49.543358702],[31.576135542,49.542522855],[31.575703637,49.541781395],[31.575357571,49.541749054],[31.57272106,49.541453793],[31.572667399,49.541493378],[31.574407013,49.541688221],[31.575346792,49.541793468],[31.575479205,49.541805862],[31.575653545,49.541822085],[31.575911043,49.542264363],[31.576071789,49.542540331],[31.576671031,49.543377445],[31.577337928,49.544335756],[31.577369268,49.54438087],[31.577731036,49.544901747],[31.578132591,49.545481559],[31.57867625,49.546287563]]]]},"id":"386"},{"type":"Feature","properties":{"id":"387"},"geometry":{"type":"MultiPolygon","coordinates":[[[[31.400754647,49.640861048],[31.400849405,49.641206159],[31.400939986,49.641536395],[31.401030609,49.641866757],[31.401179232,49.642408565],[31.401186859,49.642436651],[31.403022544,49.642224338],[31.402837801,49.642150223],[31.402449253,49.641849533],[31.402283943,49.641400185],[31.40229736,49.641185833],[31.402007612,49.641144247],[31.401736929,49.64104775],[31.401531323,49.640990122],[31.401277806,49.640942928],[31.400989509,49.640896602],[31.400754647,49.640861048]]]]},"id":"387"},{"type":"Feature","properties":{"id":"388"},"geometry":{"type":"MultiPolygon","coordinates":[[[[31.602513677,49.49918611],[31.602582687,49.499185626],[31.602625029,49.498868882],[31.602676654,49.49848261],[31.602730139,49.498082093],[31.602788912,49.497642748],[31.602817768,49.497426852],[31.602849086,49.497193313],[31.602929447,49.496595559],[31.602993846,49.49611547],[31.603058382,49.495634984],[31.603068304,49.495561094],[31.603119837,49.495154097],[31.603180725,49.494673165],[31.603338629,49.493426112],[31.603451034,49.49271244],[31.603382558,49.492706819],[31.603270139,49.493420598],[31.603111707,49.494673613],[31.602925068,49.496119181],[31.602719961,49.497643627],[31.602513677,49.49918611]]]]},"id":"388"},{"type":"Feature","properties":{"id":"389"},"geometry":{"type":"MultiPolygon","coordinates":[[[[31.57541,49.434561],[31.57503,49.434141],[31.574472,49.433524],[31.573972,49.432969],[31.573683,49.43265],[31.573548,49.4325],[31.573511,49.432512],[31.573557,49.432564],[31.573643,49.432659],[31.57375,49.432779],[31.573878,49.432923],[31.574007,49.433067],[31.574136,49.433212],[31.574266,49.433357],[31.574335,49.433434],[31.574397,49.433502],[31.57453,49.433647],[31.574662,49.433793],[31.574795,49.433939],[31.574929,49.434086],[31.57506,49.43423],[31.575063,49.434233],[31.575197,49.43438],[31.575374,49.434575],[31.57541,49.434561]]]]},"id":"389"},{"type":"Feature","properties":{"id":"390"},"geometry":{"type":"MultiPolygon","coordinates":[[[[31.550022,49.513054],[31.550123,49.51299],[31.550892,49.512558],[31.55097,49.512514],[31.550846,49.512525],[31.549976,49.51302],[31.549368,49.513468],[31.548035,49.514449],[31.547942,49.514516],[31.547769,49.51464],[31.546953,49.515226],[31.5465,49.515551],[31.54641,49.515614],[31.546297,49.515692],[31.546232,49.515738],[31.546079,49.515844],[31.54592,49.515954],[31.545552,49.516203],[31.544942,49.516615],[31.544735,49.516766],[31.544275,49.517105],[31.544077,49.51725],[31.543737,49.5175],[31.543043,49.517999],[31.542924,49.518087],[31.542793,49.518183],[31.541934,49.518825],[31.541287,49.519202],[31.5405,49.519606],[31.540547,49.51964],[31.541333,49.519235],[31.541981,49.518859],[31.542604,49.518381],[31.542662,49.51834],[31.542839,49.518217],[31.543089,49.518033],[31.543252,49.517916],[31.543783,49.517534],[31.544321,49.517138],[31.544988,49.516648],[31.545967,49.515987],[31.546278,49.515771],[31.546344,49.515725],[31.546391,49.515693],[31.546547,49.515584],[31.547816,49.514673],[31.548081,49.514482],[31.548746,49.513993],[31.550022,49.513054]]]]},"id":"390"},{"type":"Feature","properties":{"id":"391"},"geometry":{"type":"MultiPolygon","coordinates":[[[[31.599044609,49.454683858],[31.600341039,49.45336114],[31.600128771,49.453255271],[31.598889405,49.454519719],[31.598924997,49.454565131],[31.599044609,49.454683858]]]]},"id":"391"},{"type":"Feature","properties":{"id":"392"},"geometry":{"type":"MultiPolygon","coordinates":[[[[31.618891088,49.464309266],[31.619262676,49.465591669],[31.619479492,49.46554872],[31.619106328,49.464261094],[31.618891088,49.464309266]]]]},"id":"392"},{"type":"Feature","properties":{"id":"393"},"geometry":{"type":"MultiPolygon","coordinates":[[[[31.591793219,49.446938175],[31.591518966,49.446801148],[31.590815359,49.447518893],[31.590837361,49.447529863],[31.591089738,49.44765593],[31.591793219,49.446938175]]]]},"id":"393"},{"type":"Feature","properties":{"id":"394"},"geometry":{"type":"MultiPolygon","coordinates":[[[[31.610815955,49.521505756],[31.610884973,49.521507146],[31.610890051,49.52146232],[31.610969985,49.520756391],[31.611049742,49.520052448],[31.611129265,49.519350223],[31.611208569,49.518649868],[31.61122322,49.51852048],[31.611295151,49.517950172],[31.611383537,49.517249529],[31.611472043,49.516547933],[31.611560627,49.515845267],[31.611635292,49.515253763],[31.611700757,49.514734926],[31.611724957,49.514542779],[31.61177104,49.514148686],[31.611837186,49.513584173],[31.611869864,49.513319603],[31.611990605,49.512341846],[31.612014282,49.512145707],[31.612117147,49.511294159],[31.612048143,49.511292247],[31.611891191,49.512576199],[31.611768503,49.513579618],[31.611569378,49.515198396],[31.611403096,49.516550193],[31.611322957,49.517214629],[31.611186639,49.518344701],[31.610980686,49.520051858],[31.610815955,49.521505756]]]]},"id":"394"},{"type":"Feature","properties":{"id":"395"},"geometry":{"type":"MultiPolygon","coordinates":[[[[31.594240452,49.444947318],[31.594165021,49.444910533],[31.592843171,49.446259098],[31.592984956,49.446329908],[31.593032176,49.446353499],[31.59433576,49.44502355],[31.594240452,49.444947318]]]]},"id":"395"},{"type":"Feature","properties":{"id":"396"},"geometry":{"type":"MultiPolygon","coordinates":[[[[31.590544253,49.447383417],[31.590558456,49.447390545],[31.590815359,49.447518893],[31.591518966,49.446801148],[31.591247862,49.446665764],[31.590544253,49.447383417]]]]},"id":"396"},{"type":"Feature","properties":{"id":"397"},"geometry":{"type":"MultiPolygon","coordinates":[[[[31.607587,49.449115],[31.607435,49.448792],[31.607279,49.448456],[31.607112,49.448093],[31.606944,49.447725],[31.606876,49.447734],[31.607046,49.448104],[31.607363,49.448808],[31.607522,49.44913],[31.607671,49.449449],[31.607975,49.450094],[31.608274,49.450741],[31.608437,49.451097],[31.608818,49.451959],[31.609197,49.452836],[31.609758,49.454137],[31.610102,49.454999],[31.610435,49.455834],[31.610786,49.456661],[31.611034,49.457277],[31.611444,49.458291],[31.611601,49.458683],[31.611906,49.459442],[31.612005,49.459643],[31.612154,49.459793],[31.612458,49.460011],[31.61248761653746,49.45998689351602],[31.6122150421142,49.459784415847565],[31.612222859861234,49.4597750151737],[31.612209,49.459765],[31.612069,49.459628],[31.611973,49.459431],[31.611666,49.458669],[31.611506,49.458271],[31.611345,49.457871],[31.6111,49.457264],[31.611018,49.45706],[31.610853,49.45665],[31.610844,49.456628],[31.610678,49.456238],[31.610503,49.455824],[31.610331,49.455407],[31.610167,49.454984],[31.610001,49.454556],[31.609926,49.454361],[31.609824,49.454125],[31.609638,49.453694],[31.609451,49.453261],[31.609263,49.452825],[31.609075,49.452387],[31.608885,49.451946],[31.608694,49.451503],[31.608687,49.451489],[31.608504,49.451087],[31.608339,49.450727],[31.608191,49.450403],[31.60816,49.450335],[31.608041,49.450081],[31.607889,49.449759],[31.607738,49.449437],[31.607587,49.449115]]]]},"id":"397"},{"type":"Feature","properties":{"id":"398"},"geometry":{"type":"MultiPolygon","coordinates":[[[[31.617876851001057,49.45768740536554],[31.617794036865178,49.45755283026509],[31.617783329394637,49.45752499029812],[31.616591298,49.457710518],[31.616730764,49.457944196],[31.616863164,49.457954825],[31.617876851001057,49.45768740536554]]]]},"id":"398"},{"type":"Feature","properties":{"id":"399"},"geometry":{"type":"MultiPolygon","coordinates":[[[[31.445556358,49.62657774],[31.44658818,49.626239738],[31.44657405,49.626200396],[31.44642099,49.625982841],[31.446343712,49.625962189],[31.445334975,49.626292602],[31.445556358,49.62657774]]]]},"id":"399"},{"type":"Feature","properties":{"id":"400"},"geometry":{"type":"MultiPolygon","coordinates":[[[[31.60072985,49.513928661],[31.600735101,49.513883557],[31.600445728,49.513868037],[31.597125067,49.513667286],[31.592986052,49.513425442],[31.589567049,49.513217036],[31.587519321,49.513079405],[31.587450682,49.513074539],[31.587442989,49.513120535],[31.587284535,49.514631768],[31.587083778,49.516544679],[31.586909778,49.518196302],[31.586881569,49.518465358],[31.586948663,49.51846734],[31.586976722,49.518199552],[31.587151408,49.516546327],[31.587199377,49.516090941],[31.587352676,49.514635448],[31.587357402,49.514590588],[31.587511749,49.513123657],[31.588571321,49.513195187],[31.589559688,49.513261907],[31.589633974,49.513266427],[31.590692627,49.513330871],[31.591588195,49.513385374],[31.592470686,49.51343908],[31.592979673,49.513470043],[31.593317491,49.513489598],[31.594188947,49.513540107],[31.595217816,49.513599697],[31.596265499,49.513660396],[31.596787759,49.513690621],[31.596818806,49.513692411],[31.597309168,49.513722356],[31.598350661,49.513785944],[31.599390444,49.513849426],[31.600438557,49.513913395],[31.60072985,49.513928661]]]]},"id":"400"},{"type":"Feature","properties":{"id":"401"},"geometry":{"type":"MultiPolygon","coordinates":[[[[31.61568098,49.464939727],[31.616054213,49.466227911],[31.616233362,49.466192396],[31.615867024,49.464927951],[31.61568098,49.464939727]]]]},"id":"401"},{"type":"Feature","properties":{"id":"402"},"geometry":{"type":"MultiPolygon","coordinates":[[[[31.609653528,49.530708999],[31.609722581,49.530708035],[31.609728102,49.530663029],[31.609782509,49.530215316],[31.609836603,49.529770031],[31.609961775,49.528742212],[31.610027445,49.528206473],[31.610092952,49.527672174],[31.610156914,49.527151892],[31.610176583,49.526991723],[31.610290693,49.526063509],[31.61036066,49.525494247],[31.610374292,49.525383346],[31.610589258,49.523752536],[31.610769921,49.522381748],[31.610868872,49.521624811],[31.610874724,49.521580011],[31.610807424,49.521581029],[31.610799889,49.521626594],[31.610701346,49.522387055],[31.61052144,49.523751944],[31.61048825,49.524003711],[31.610291628,49.525495221],[31.610221647,49.526064474],[31.610087879,49.527152866],[31.610049123,49.527468601],[31.610024027,49.52767312],[31.609958451,49.528207447],[31.609922026,49.528504217],[31.609892697,49.528743186],[31.609798411,49.529517694],[31.609767579,49.529771031],[31.609713471,49.530216289],[31.609653528,49.530708999]]]]},"id":"402"},{"type":"Feature","properties":{"id":"403"},"geometry":{"type":"MultiPolygon","coordinates":[[[[31.610869,49.521625],[31.612769,49.521576],[31.613746,49.521551],[31.616141,49.521533],[31.61621,49.521533],[31.618455,49.521517],[31.618641,49.521518],[31.619518,49.521522],[31.620244,49.521535],[31.620225,49.521492],[31.619524,49.521477],[31.618647,49.521473],[31.618456,49.521472],[31.617899,49.521476],[31.616216,49.521488],[31.616146,49.521488],[31.614685,49.521499],[31.613747,49.521506],[31.612775,49.521531],[31.611945,49.521552],[31.610875,49.52158],[31.610869,49.521625]]]]},"id":"403"},{"type":"Feature","properties":{"id":"404"},"geometry":{"type":"MultiPolygon","coordinates":[[[[31.59396995,49.444815383],[31.592649611,49.446162417],[31.592729255,49.446202203],[31.592747116,49.446211117],[31.59406821,49.444863317],[31.59396995,49.444815383]]]]},"id":"404"},{"type":"Feature","properties":{"id":"405"},"geometry":{"type":"MultiPolygon","coordinates":[[[[31.600301,49.518347],[31.600309,49.518284],[31.600367,49.517793],[31.600376,49.517714],[31.600444,49.517206],[31.600522,49.516617],[31.600601,49.516029],[31.600679,49.515441],[31.600778,49.5147],[31.600828,49.514267],[31.600894,49.513683],[31.60099,49.512839],[31.601106,49.511947],[31.601179,49.511385],[31.601185,49.511341],[31.601206,49.511224],[31.601207,49.511179],[31.601138,49.511178],[31.601137,49.51122],[31.60111,49.511386],[31.60096,49.512555],[31.600825,49.513686],[31.600816,49.513768],[31.600811,49.513811],[31.600709,49.514698],[31.600611,49.51544],[31.600375,49.517207],[31.600232,49.518346],[31.600301,49.518347]]]]},"id":"405"},{"type":"Feature","properties":{"id":"406"},"geometry":{"type":"MultiPolygon","coordinates":[[[[31.589185,49.498403],[31.58918,49.498448],[31.591643,49.498628],[31.591745,49.498634],[31.594232,49.498775],[31.594301,49.498779],[31.596581,49.498908],[31.596716,49.498916],[31.599271,49.499067],[31.59934,49.499071],[31.600094,49.499116],[31.600136,49.499165],[31.601672,49.499237],[31.602145,49.499263],[31.602501,49.4993],[31.602505,49.499259],[31.60215,49.499218],[31.60168,49.499192],[31.600166,49.499125],[31.60015,49.499097],[31.6001,49.499071],[31.599277,49.499023],[31.596592,49.498864],[31.594236,49.49873],[31.591649,49.498583],[31.589185,49.498403]]]]},"id":"406"},{"type":"Feature","properties":{"id":"407"},"geometry":{"type":"MultiPolygon","coordinates":[[[[31.602942,49.452506],[31.602669,49.452369],[31.601966,49.453087],[31.602125,49.453167],[31.602239,49.453223],[31.602942,49.452506]]]]},"id":"407"},{"type":"Feature","properties":{"id":"408"},"geometry":{"type":"MultiPolygon","coordinates":[[[[31.591823,49.449074],[31.592105,49.449215],[31.592797,49.448509],[31.592743,49.448481],[31.592515,49.448368],[31.591823,49.449074]]]]},"id":"408"},{"type":"Feature","properties":{"id":"409"},"geometry":{"type":"MultiPolygon","coordinates":[[[[31.622191,49.463571],[31.622585,49.464933],[31.62276,49.464898],[31.622364,49.463532],[31.622191,49.463571]]]]},"id":"409"},{"type":"Feature","properties":{"id":"410"},"geometry":{"type":"MultiPolygon","coordinates":[[[[31.593665192,49.44466677],[31.592347313,49.446011451],[31.592449938,49.446062701],[31.593768655,49.444717208],[31.593665192,49.44466677]]]]},"id":"410"},{"type":"Feature","properties":{"id":"411"},"geometry":{"type":"MultiPolygon","coordinates":[[[[31.614573799,49.465000034],[31.614990604,49.466438791],[31.615127408,49.4664117],[31.614716955,49.46499483],[31.614573799,49.465000034]]]]},"id":"411"},{"type":"Feature","properties":{"id":"412"},"geometry":{"type":"MultiPolygon","coordinates":[[[[31.575452897,49.503313742],[31.575563809,49.503318588],[31.575619077,49.502780716],[31.574040325,49.502715297],[31.57397964106897,49.50303031599786],[31.575004974533996,49.5035574519924],[31.575452897,49.503313742]]]]},"id":"412"},{"type":"Feature","properties":{"id":"413"},"geometry":{"type":"MultiPolygon","coordinates":[[[[31.601433553,49.453872622],[31.60170554,49.45400844],[31.602397436,49.453302491],[31.602238885,49.45322339],[31.602125438,49.453166674],[31.601433553,49.453872622]]]]},"id":"413"},{"type":"Feature","properties":{"id":"414"},"geometry":{"type":"MultiPolygon","coordinates":[[[[31.615503875,49.464950927],[31.615883654,49.466261736],[31.616054213,49.466227911],[31.61568098,49.464939718],[31.615503875,49.464950927]]]]},"id":"414"},{"type":"Feature","properties":{"id":"415"},"geometry":{"type":"MultiPolygon","coordinates":[[[[31.592341991,49.447212235],[31.592067597,49.447075201],[31.591364133,49.447792957],[31.591395287,49.447808487],[31.591638377,49.447929984],[31.592341991,49.447212235]]]]},"id":"415"},{"type":"Feature","properties":{"id":"416"},"geometry":{"type":"MultiPolygon","coordinates":[[[[31.598524576,49.454054443],[31.598533993,49.454066456],[31.599591898,49.452987155],[31.599287935,49.452835382],[31.598319246,49.453823649],[31.598524576,49.454054443]]]]},"id":"416"},{"type":"Feature","properties":{"id":"417"},"geometry":{"type":"MultiPolygon","coordinates":[[[[31.593095418,49.444388867],[31.591781751819273,49.445728978983055],[31.591781742,49.445728989],[31.591819849404107,49.44574800297666],[31.591904049,49.445790015],[31.593218562,49.444448902],[31.593095418,49.444388867]]]]},"id":"417"},{"type":"Feature","properties":{"id":"418"},"geometry":{"type":"MultiPolygon","coordinates":[[[[31.443895173,49.626278765],[31.44497272,49.625925875],[31.444869702,49.625793055],[31.444281782,49.625849928],[31.443681158,49.625820685],[31.443507851,49.625779745],[31.443644558,49.625955928],[31.443840362,49.626208222],[31.443895173,49.626278765]]]]},"id":"418"},{"type":"Feature","properties":{"id":"419"},"geometry":{"type":"MultiPolygon","coordinates":[[[[31.493679,49.509385],[31.493699,49.509195],[31.492192,49.509182],[31.492181,49.509288],[31.49218082427973,49.50928965958033],[31.49218082427973,49.509299449500986],[31.49218082427973,49.50937307026633],[31.493679,49.509385]]]]},"id":"419"},{"type":"Feature","properties":{"id":"420"},"geometry":{"type":"MultiPolygon","coordinates":[[[[31.443818,49.584955],[31.445237,49.585096],[31.445292,49.584864],[31.443935,49.584729],[31.443818,49.584955]]]]},"id":"420"},{"type":"Feature","properties":{"id":"421"},"geometry":{"type":"MultiPolygon","coordinates":[[[[31.626206683,49.463376492],[31.626218697,49.463375867],[31.626390324,49.463367273],[31.626213869,49.461885046],[31.626030233,49.461894363],[31.626206683,49.463376492]]]]},"id":"421"},{"type":"Feature","properties":{"id":"422"},"geometry":{"type":"MultiPolygon","coordinates":[[[[31.640345353,49.468473706],[31.639296443,49.468306125],[31.639252827,49.468299146],[31.637717621,49.468412688],[31.63750461,49.468428451],[31.636595691,49.468396671],[31.636060078,49.468476649],[31.635383523,49.468577685],[31.635037282,49.468519259],[31.635005647,49.468513991],[31.634497501,49.468428275],[31.634280665,49.468489056],[31.634437554,49.468589135],[31.634785595,49.46881131],[31.635498643,49.469155078],[31.635538181,49.469174075],[31.636078876,49.469527437],[31.636843001,49.469626655],[31.637140171,49.46960352],[31.637863149,49.469547141],[31.639584027,49.469508442],[31.640345353,49.468473706]]]]},"id":"422"},{"type":"Feature","properties":{"id":"423"},"geometry":{"type":"MultiPolygon","coordinates":[[[[31.599733312,49.453023808],[31.600014443,49.453164108],[31.600706352,49.45245817],[31.600557373,49.452383824],[31.60042521,49.452317871],[31.599733312,49.453023808]]]]},"id":"423"},{"type":"Feature","properties":{"id":"424"},"geometry":{"type":"MultiPolygon","coordinates":[[[[31.592241624,49.445958648],[31.59355879,49.444614868],[31.593449061,49.444561359],[31.592132747,49.445904266],[31.592220437,49.445948064],[31.592241624,49.445958648]]]]},"id":"424"},{"type":"Feature","properties":{"id":"425"},"geometry":{"type":"MultiPolygon","coordinates":[[[[31.63455899,49.471229119],[31.634782285,49.471265409],[31.635622648,49.470082391],[31.635403605,49.47004011],[31.63455899,49.471229119]]]]},"id":"425"},{"type":"Feature","properties":{"id":"426"},"geometry":{"type":"MultiPolygon","coordinates":[[[[31.635879,49.471444],[31.636083,49.471477],[31.637014,49.470166],[31.636786,49.470168],[31.635879,49.471444]]]]},"id":"426"},{"type":"Feature","properties":{"id":"427"},"geometry":{"type":"MultiPolygon","coordinates":[[[[31.632736562,49.470420441],[31.632939014,49.470511426],[31.633771564,49.469436982],[31.633585063,49.469325535],[31.632736562,49.470420441]]]]},"id":"427"},{"type":"Feature","properties":{"id":"428"},"geometry":{"type":"MultiPolygon","coordinates":[[[[31.659761037,49.501939993],[31.658875263,49.501923004],[31.658734224,49.501927099],[31.658577672,49.503602045],[31.660120145,49.503213544],[31.659761037,49.501939993]]]]},"id":"428"},{"type":"Feature","properties":{"id":"429"},"geometry":{"type":"MultiPolygon","coordinates":[[[[31.490504483,49.509531297],[31.49213790893549,49.509638797066934],[31.49213790893549,49.50957810860379],[31.49215484773236,49.50953411369283],[31.492161991506208,49.50946539094232],[31.490522833608335,49.50935622754168],[31.490504483,49.509531297]]]]},"id":"429"},{"type":"Feature","properties":{"id":"430"},"geometry":{"type":"MultiPolygon","coordinates":[[[[31.483803,49.507951],[31.48540019989008,49.50782381556431],[31.48540019989008,49.50782252975548],[31.48542640734778,49.50778849441348],[31.485429,49.507763],[31.485441,49.507645],[31.483822,49.507775],[31.483803,49.507951]]]]},"id":"430"},{"type":"Feature","properties":{"id":"431"},"geometry":{"type":"MultiPolygon","coordinates":[[[[31.590145421,49.448235743],[31.590837389,49.447529881],[31.590815359,49.447518893],[31.590558456,49.447390545],[31.589866487,49.448096414],[31.590145421,49.448235743]]]]},"id":"431"},{"type":"Feature","properties":{"id":"432"},"geometry":{"type":"MultiPolygon","coordinates":[[[[31.538116591,49.526217699],[31.538358174,49.525865004],[31.538521021,49.525632762],[31.538937079,49.525039098],[31.539369475,49.524422023],[31.539830846,49.52376346],[31.540325024,49.523058328],[31.540378454,49.522982163],[31.540884759,49.522263096],[31.541219027,49.521788334],[31.541476068,49.522000057],[31.541948575,49.522106029],[31.542297167,49.522049663],[31.542565489,49.521867655],[31.542695983,49.521697027],[31.542631994,49.521679877],[31.542508412,49.521841467],[31.542261223,49.522009179],[31.541951698,49.52205921],[31.541517704,49.521961829],[31.541284173,49.521769546],[31.541248894,49.521631508],[31.54033531,49.522935406],[31.539774706,49.523735427],[31.538868686,49.525028332],[31.538204611,49.525975934],[31.537367608,49.527170215],[31.537354324,49.527192491],[31.537418359,49.527209481],[31.537431368,49.527187647],[31.537737543,49.526754209],[31.538116591,49.526217699]]]]},"id":"432"},{"type":"Feature","properties":{"id":"433"},"geometry":{"type":"MultiPolygon","coordinates":[[[[31.635302,49.47135],[31.635454,49.471375],[31.636308,49.470172],[31.636096,49.470174],[31.636063,49.470167],[31.635231,49.471338],[31.635302,49.47135]]]]},"id":"433"},{"type":"Feature","properties":{"id":"434"},"geometry":{"type":"MultiPolygon","coordinates":[[[[31.618470005,49.465777091],[31.618861228,49.4666151],[31.619021941,49.466583223],[31.619132336,49.466561332],[31.61874111,49.465723324],[31.618470005,49.465777091]]]]},"id":"434"},{"type":"Feature","properties":{"id":"435"},"geometry":{"type":"MultiPolygon","coordinates":[[[[31.622293293,49.466562537],[31.621633608,49.465149695],[31.621495805,49.46517702],[31.622170992,49.466623069],[31.622293293,49.466562537]]]]},"id":"435"},{"type":"Feature","properties":{"id":"436"},"geometry":{"type":"MultiPolygon","coordinates":[[[[31.630804,49.468626],[31.631647,49.469325],[31.631634,49.46912],[31.631598,49.469078],[31.631401,49.468848],[31.631199,49.468611],[31.631797,49.467914],[31.631733,49.46786],[31.631614,49.467954],[31.630804,49.468626]]]]},"id":"436"},{"type":"Feature","properties":{"id":"437"},"geometry":{"type":"MultiPolygon","coordinates":[[[[31.619018446,49.465668328],[31.619409677,49.466506335],[31.619440868,49.466500153],[31.61965089,49.466458505],[31.619687307,49.466451283],[31.619296072,49.465613277],[31.619018446,49.465668328]]]]},"id":"437"},{"type":"Feature","properties":{"id":"438"},"geometry":{"type":"MultiPolygon","coordinates":[[[[31.602330233,49.454354333],[31.602073554,49.454226191],[31.601265282,49.455050816],[31.601671931,49.455025923],[31.602330233,49.454354333]]]]},"id":"438"},{"type":"Feature","properties":{"id":"439"},"geometry":{"type":"MultiPolygon","coordinates":[[[[31.592215393,49.447115032],[31.592471333,49.447242918],[31.593240976,49.446457793],[31.593222798,49.446448663],[31.593126866,49.44640079],[31.593032176,49.446353473],[31.592984901,49.446329899],[31.592215393,49.447115032]]]]},"id":"439"},{"type":"Feature","properties":{"id":"440"},"geometry":{"type":"MultiPolygon","coordinates":[[[[31.59795641899103,49.51781176861504],[31.598117351531922,49.51657541488046],[31.59717321395868,49.516512725689516],[31.597006916999753,49.517756046302424],[31.597242951393067,49.517769976886534],[31.59795641899103,49.51781176861504]]]]},"id":"440"},{"type":"Feature","properties":{"id":"441"},"geometry":{"type":"MultiPolygon","coordinates":[[[[31.590585864,49.44848971],[31.590271024,49.448332482],[31.589640746,49.448975273],[31.589990442,49.449097167],[31.590585864,49.44848971]]]]},"id":"441"},{"type":"Feature","properties":{"id":"442"},"geometry":{"type":"MultiPolygon","coordinates":[[[[31.614042059,49.466626827],[31.614078653,49.466647795],[31.615109037,49.466443475],[31.615470676,49.466371797],[31.615729722,49.46632045],[31.616163214,49.466234482],[31.616376023,49.466192316],[31.61658868,49.466150158],[31.616801488,49.46610799],[31.617014144,49.466065733],[31.617228744,49.466023221],[31.617453727,49.46597863],[31.617692278,49.465931274],[31.617945238,49.465881133],[31.61820483,49.465829709],[31.618469964,49.465777055],[31.618741041,49.465723289],[31.619018501,49.465668301],[31.619296085,49.465613232],[31.61957036,49.465558849],[31.619841586,49.46550508],[31.620109612,49.465451907],[31.620374743,49.465399348],[31.620885064,49.465298114],[31.621360221,49.465203902],[31.62149575,49.465177056],[31.62163365,49.465149685],[31.621774583,49.465121719],[31.621918853,49.465093136],[31.622144655,49.465048365],[31.622223310230137,49.46503277718433],[31.622223291,49.465032781],[31.622386106,49.465000475],[31.622557359,49.464966531],[31.622944043,49.464889795],[31.623490493,49.464781364],[31.624089253,49.464662624],[31.624090037,49.46463431],[31.624090954,49.464598622],[31.624091267,49.464000244],[31.624135932,49.463134165],[31.624094102,49.463143552],[31.62407688,49.463475213],[31.6240581,49.463840207],[31.624049881,49.463999748],[31.62404977,49.464207627],[31.624049568,49.464598397],[31.624048368,49.464642536],[31.623563956,49.464738667],[31.623404879,49.464770198],[31.623246629,49.464801548],[31.623087138,49.464833241],[31.622925579,49.464865286],[31.622759855,49.464898109],[31.622585417,49.464932748],[31.62240323,49.464968861],[31.622213693,49.465006447],[31.622015579,49.465045768],[31.621809426,49.465086643],[31.621601618,49.465127861],[31.621392982,49.46516917],[31.621183643,49.46521074],[31.62097349,49.465252391],[31.620762634,49.465294223],[31.620550797,49.465336217],[31.620338286,49.465378391],[31.620124794,49.465420736],[31.619910613,49.465463253],[31.619695466,49.46550586],[31.619479492,49.46554872],[31.619262676,49.465591669],[31.619045032,49.46563488],[31.618826423,49.465678263],[31.618716773,49.46569999],[31.618606972,49.465721726],[31.618386569,49.465765452],[31.618165187,49.465809357],[31.617942826,49.465853425],[31.617719651,49.465897673],[31.617496047,49.465942002],[31.617272306,49.465986421],[31.61704844,49.466030749],[31.616829537,49.466074218],[31.616422495,49.46615491],[31.616233362,49.466192396],[31.616054213,49.466227893],[31.61588364,49.466261745],[31.615720541,49.466294043],[31.615564088,49.46632512],[31.615413316,49.466354986],[31.615267935,49.466383822],[31.615127408,49.4664117],[31.614990604,49.466438791],[31.614851042,49.466466497],[31.614704006,49.466495585],[31.614550048,49.466526146],[31.614388063,49.46655827],[31.614042059,49.466626827]]]]},"id":"442"},{"type":"Feature","properties":{"id":"443"},"geometry":{"type":"MultiPolygon","coordinates":[[[[31.513280237,49.461200644],[31.513218728,49.46119976],[31.513082192,49.461197878],[31.513079152,49.461232558],[31.51299181,49.462258194],[31.512535231,49.462119058],[31.512253057,49.462033113],[31.511702149,49.461865293],[31.51143794,49.461784811],[31.511177166,49.461705344],[31.510982473,49.461646037],[31.510919677,49.461626613],[31.510664685,49.461547648],[31.508941291,49.461014149],[31.509036293,49.460872358],[31.50913273,49.460728517],[31.509230435,49.460582608],[31.509308791,49.46046585],[31.509330525,49.460434658],[31.509435208,49.460285125],[31.509542013,49.460132381],[31.509651094,49.45997641],[31.509762863,49.459816868],[31.509877209,49.459653307],[31.509994948,49.459485008],[31.510116657,49.45931116],[31.510241357,49.459132852],[31.510369325,49.458949977],[31.51062141,49.458589782],[31.510636054,49.458568507],[31.510914582,49.458162318],[31.511060662,49.457949301],[31.511211995,49.457728776],[31.511369021,49.457499753],[31.511635595,49.457111088],[31.511688703,49.457008501],[31.511825178,49.456744503],[31.511828763,49.456737616],[31.511943017,49.4564746],[31.512050322,49.456227886],[31.512059144,49.456207017],[31.512171381,49.455941555],[31.512282308,49.455679232],[31.512391923,49.455419957],[31.512500242,49.455163541],[31.51260754,49.454910092],[31.512713526,49.454659233],[31.512818368,49.454411062],[31.513023252,49.453926643],[31.513114776,49.453710105],[31.513145453,49.453672599],[31.513182501,49.453627413],[31.513464593,49.453480931],[31.513771217,49.453321786],[31.514083975,49.453159375],[31.514403556,49.45299351],[31.514730252,49.45282384],[31.515064322,49.452650365],[31.516116713,49.452103933],[31.516492307,49.451908958],[31.516689093,49.451806781],[31.516915078,49.451713581],[31.517984761,49.45127265],[31.518024018,49.451254194],[31.518404528,49.451074813],[31.518631908,49.450931986],[31.5191815,49.450586614],[31.519701825,49.450816534],[31.520467838,49.451155006],[31.520500751,49.451136946],[31.519176949,49.450552043],[31.518377916,49.451054083],[31.517961624,49.451250338],[31.516665116,49.451784728],[31.51315003,49.453609785],[31.513076072,49.453700057],[31.512010459,49.456220625],[31.511789203,49.456729626],[31.511597041,49.457101228],[31.51058371,49.458578672],[31.509270938,49.46045483],[31.508887371,49.461027262],[31.510964877,49.461670432],[31.513029742,49.462299523],[31.513121237,49.46122536],[31.513217769,49.461226725],[31.513285348,49.461227752],[31.513280237,49.461200644]]]]},"id":"443"},{"type":"Feature","properties":{"id":"444"},"geometry":{"type":"MultiPolygon","coordinates":[[[[31.608634697,49.471332601],[31.612831991,49.475876309],[31.613371785,49.47508012],[31.613994492,49.4742084],[31.614054009,49.473508156],[31.613621932,49.472263938],[31.613189373,49.471682392],[31.612532118,49.471266799],[31.612009934,49.471118661],[31.611194614,49.471052425],[31.610820615,49.471088038],[31.609611288,49.470882092],[31.608634697,49.471332601]]]]},"id":"444"},{"type":"Feature","properties":{"id":"445"},"geometry":{"type":"MultiPolygon","coordinates":[[[[31.607854366,49.510213242],[31.607838514,49.511251893],[31.609656015,49.51121239],[31.611048988,49.511244503],[31.61110292,49.510760464],[31.611130681,49.510592086],[31.611138471,49.510391368],[31.610559408,49.510357521],[31.609442289,49.510306036],[31.608461864,49.510194369],[31.607854366,49.510213242]]]]},"id":"445"},{"type":"Feature","properties":{"id":"446"},"geometry":{"type":"MultiPolygon","coordinates":[[[[31.580404904,49.548719446],[31.580663814,49.549098063],[31.580708943,49.549078997],[31.579769262,49.547679762],[31.579800111,49.547427889],[31.578894389,49.546135725],[31.578768379,49.545944201],[31.58060859,49.546163212],[31.580644878,49.546121872],[31.58050121,49.546104727],[31.580092127,49.546056062],[31.57873573,49.545894574],[31.578198359,49.545078109],[31.578178278,49.544962946],[31.578096191,49.544852869],[31.577532006,49.544096336],[31.577078763,49.543488683],[31.57690625,49.543257311],[31.576518726,49.5427409],[31.576307522,49.54245949],[31.576047595,49.542138047],[31.575756482,49.541778042],[31.57576635,49.541672471],[31.575701327,49.541662425],[31.575703637,49.541781395],[31.576245363,49.542480039],[31.576876122,49.543324144],[31.577456098,49.544100298],[31.578110328,49.544975804],[31.578130283,49.545089879],[31.57883062,49.546154102],[31.579735385,49.547444999],[31.579701209,49.547690634],[31.58005358,49.548205943],[31.580404904,49.548719446]]]]},"id":"446"},{"type":"Feature","properties":{"id":"447"},"geometry":{"type":"MultiPolygon","coordinates":[[[[31.583038837,49.532636182],[31.582793731,49.534032182],[31.582524868,49.535563272],[31.582315851,49.53682168],[31.582142073,49.537867816],[31.581963403,49.53894342],[31.581921286,49.539221996],[31.581707684,49.540026378],[31.581601644,49.540576163],[31.581657951,49.540645392],[31.581719005,49.540328932],[31.581776087,49.540033038],[31.581848486,49.539760096],[31.581989852,49.539228026],[31.581996781,49.539182319],[31.582032118,49.538948011],[31.582042254,49.538886594],[31.582091292,49.538591623],[31.582192813,49.537980476],[31.582260849,49.537571555],[31.582315505,49.537242269],[31.582486775,49.536211068],[31.582583635,49.53562749],[31.582593579,49.535568222],[31.58269287,49.535002203],[31.582756255,49.534641522],[31.582819651,49.534280661],[31.582956183,49.533502558],[31.583099525,49.532686022],[31.583618761,49.532740306],[31.583877675,49.531245212],[31.583808178,49.531245739],[31.583558249,49.532688489],[31.583038837,49.532636182]]]]},"id":"447"},{"type":"Feature","properties":{"id":"448"},"geometry":{"type":"MultiPolygon","coordinates":[[[[31.601138162,49.511178231],[31.601207191,49.51117889],[31.601338969,49.510202843],[31.601467097,49.509253763],[31.601507733,49.50895272],[31.601555466,49.508571145],[31.601641298,49.507884951],[31.601730482,49.507171888],[31.60173616,49.50712645],[31.601751043,49.506885779],[31.601768652,49.50660121],[31.601787543,49.50629569],[31.601795811,49.506160976],[31.601889669,49.505220395],[31.601907131,49.505065785],[31.601981305,49.504408372],[31.602024308,49.504027296],[31.602190081,49.502558849],[31.602210865,49.502388627],[31.602292168,49.501725066],[31.602439296,49.500439057],[31.602522612,49.499710848],[31.602582687,49.499185626],[31.602513677,49.49918611],[31.602505325,49.499258982],[31.602500593,49.499300355],[31.60237698,49.50038013],[31.602223218,49.501723023],[31.60206722,49.503070017],[31.601912285,49.504407678],[31.601786797,49.505594915],[31.601726821,49.506162394],[31.601661525,49.507169872],[31.601572299,49.507883393],[31.601398114,49.509254165],[31.601271085,49.510194351],[31.601138162,49.511178231]]]]},"id":"448"},{"type":"Feature","properties":{"id":"449"},"geometry":{"type":"MultiPolygon","coordinates":[[[[31.585524099,49.530955673],[31.585593139,49.530954705],[31.585783077,49.529321894],[31.585939063,49.527980817],[31.585944275,49.527935974],[31.585959503,49.52780506],[31.586135757,49.52608587],[31.586184073,49.525620415],[31.586194389,49.525548838],[31.586239615,49.525086136],[31.586362958,49.52406372],[31.586434206,49.523241756],[31.586438091,49.523196824],[31.586466574,49.522868688],[31.586467269,49.522863499],[31.586567408,49.522105036],[31.586680948,49.521021577],[31.586732169,49.520533308],[31.586779216,49.52008348],[31.586829716,49.519602297],[31.586885808,49.519067036],[31.586943964,49.518512191],[31.586948664,49.518467349],[31.586881555,49.518465349],[31.586761109,49.51959716],[31.586603158,49.521104588],[31.58649835,49.522104584],[31.586365936,49.523234983],[31.586283379,49.524019516],[31.586278692,49.524063999],[31.586115077,49.525618722],[31.585992691,49.526799229],[31.585870966,49.527973341],[31.585726192,49.529218115],[31.585636246,49.529991458],[31.585524099,49.530955673]]]]},"id":"449"},{"type":"Feature","properties":{"id":"450"},"geometry":{"type":"MultiPolygon","coordinates":[[[[31.588253466,49.504178599],[31.588322133,49.504183114],[31.588373074,49.503726574],[31.588431895,49.503208041],[31.588492396,49.502641063],[31.588667372,49.501108548],[31.588748602,49.500441652],[31.588830397,49.499843979],[31.588875367,49.499526546],[31.589072575,49.497812083],[31.589003592,49.497810868],[31.588806708,49.499523173],[31.588800945,49.499573204],[31.588683421,49.50043806],[31.588612292,49.501056845],[31.588607168,49.501101653],[31.588430717,49.502636543],[31.588253466,49.504178599]]]]},"id":"450"},{"type":"Feature","properties":{"id":"451"},"geometry":{"type":"MultiPolygon","coordinates":[[[[31.637457,49.501117],[31.637412,49.501084],[31.636533,49.501058],[31.634857,49.500932],[31.63453,49.500886],[31.634191,49.500718],[31.632996,49.500127],[31.632799,49.499896],[31.632248,49.499759],[31.63214,49.499777],[31.631986,49.499801],[31.631835,49.499915],[31.631772,49.500162],[31.631602,49.501245],[31.631564,49.501485],[31.631441,49.502265],[31.631324,49.503012],[31.631283,49.503279],[31.631129,49.504283],[31.63105,49.5048],[31.63099,49.505283],[31.630867,49.506289],[31.630829,49.506596],[31.630743,49.507298],[31.630619,49.508317],[31.630566,49.508424],[31.6304,49.509615],[31.63036,49.50976],[31.63043,49.509772],[31.630442,49.509723],[31.630469,49.509618],[31.630634,49.508432],[31.630688,49.508319],[31.630812,49.507302],[31.630898,49.5066],[31.630936,49.506292],[31.631059,49.505288],[31.631118,49.504807],[31.631198,49.504288],[31.631352,49.503282],[31.631393,49.503018],[31.63151,49.50227],[31.631632,49.50149],[31.63167,49.501249],[31.631841,49.500168],[31.631901,49.499928],[31.632017,49.499841],[31.632232,49.499803],[31.632742,49.499922],[31.632939,49.500152],[31.634138,49.500747],[31.634482,49.500918],[31.634836,49.500975],[31.636461,49.501098],[31.63653,49.501103],[31.637457,49.501117]]]]},"id":"451"},{"type":"Feature","properties":{"id":"452"},"geometry":{"type":"MultiPolygon","coordinates":[[[[31.600364,49.435071],[31.600307,49.435096],[31.600869,49.435461],[31.600792,49.435694],[31.600856,49.435899],[31.601166,49.436482],[31.601221,49.436584],[31.601447,49.437073],[31.601584,49.437368],[31.601743,49.437661],[31.602071,49.438246],[31.602237,49.438542],[31.602567,49.43913],[31.602898,49.439721],[31.603401,49.440618],[31.603744,49.441229],[31.603898,49.441536],[31.604394,49.442573],[31.604757,49.443327],[31.605327,49.444517],[31.605858,49.445601],[31.606173,49.44624],[31.606496,49.446904],[31.606876,49.447734],[31.606944,49.447725],[31.606847,49.447514],[31.606758,49.447319],[31.60657,49.446909],[31.606563,49.446893],[31.606532,49.446822],[31.606397,49.446548],[31.606239,49.446227],[31.606081,49.445907],[31.605924,49.445588],[31.605606,49.444941],[31.605476,49.444678],[31.605394,49.444507],[31.605076,49.443843],[31.604825,49.443319],[31.604635,49.442923],[31.604461,49.442561],[31.604288,49.4422],[31.604118,49.441845],[31.603966,49.441528],[31.603853,49.441293],[31.60381,49.441216],[31.603638,49.440909],[31.603468,49.440606],[31.603132,49.440007],[31.602966,49.439711],[31.6028,49.439416],[31.602634,49.43912],[31.602469,49.438825],[31.602303,49.438531],[31.602138,49.438236],[31.601973,49.437942],[31.601809,49.437649],[31.601677,49.437414],[31.601651,49.437357],[31.601514,49.437061],[31.601376,49.436764],[31.601287,49.436571],[31.601231,49.436468],[31.601072,49.436176],[31.60093,49.435917],[31.600921,49.435884],[31.600857,49.435679],[31.600934,49.435447],[31.600364,49.435071]]]]},"id":"452"},{"type":"Feature","properties":{"id":"453"},"geometry":{"type":"MultiPolygon","coordinates":[[[[31.612525393,49.460069361],[31.613497723,49.460737617],[31.613814579,49.460847413],[31.614197474,49.460899375],[31.614342428,49.460919373],[31.614996568,49.460880837],[31.616068019,49.460817486],[31.61660906,49.46078551],[31.617423555,49.46073609],[31.618253482,49.460685848],[31.619377745,49.460617891],[31.620523855,49.460550241],[31.621395375,49.460498747],[31.622871659,49.460411325],[31.623778442,49.460357851],[31.624700062,49.460303518],[31.625326877,49.460266418],[31.62562972,49.460248405],[31.626261113,49.460211169],[31.62689936,49.46017323],[31.628194724,49.460093967],[31.628193228,49.460049021],[31.627865853,49.460069011],[31.627540506,49.460088943],[31.627217351,49.460108657],[31.626896168,49.460128322],[31.626740955,49.460137762],[31.626576763,49.46014749],[31.626259274,49.460166233],[31.625744092,49.46019668],[31.625629205,49.460203467],[31.625316708,49.460221949],[31.625005715,49.460240322],[31.624696417,49.460258619],[31.624388622,49.460276789],[31.624082345,49.460294884],[31.623777722,49.460312895],[31.623474478,49.460330833],[31.623172751,49.460348687],[31.62287410769748,49.46036627549551],[31.622872554,49.460366367],[31.622573585,49.460384064],[31.622276243,49.460401614],[31.621980212,49.460419127],[31.621685573,49.46043652],[31.621392299,49.460453839],[31.621100307,49.460471066],[31.620809778,49.460488281],[31.620520406,49.460505342],[31.619660098,49.460556162],[31.619375843,49.460572954],[31.619274484,49.46057893],[31.618811043,49.460607054],[31.618530719,49.460623975],[31.618251623,49.460640912],[31.617973781,49.460657766],[31.61769718,49.460674546],[31.61742182,49.460691144],[31.617147702,49.460707759],[31.616874811,49.460724326],[31.616650012,49.460737941],[31.616603078,49.460740721],[31.61633242,49.460756737],[31.616062851,49.460772661],[31.615526775,49.460804441],[31.615260254,49.460820207],[31.614994849,49.460835891],[31.614730341,49.460851528],[31.614466868,49.460867119],[31.614343331,49.460874424],[31.61419719,49.460854428],[31.613895568,49.460813095],[31.613818089,49.460802517],[31.613532077,49.46069866],[31.613529468,49.460697718],[31.612567563,49.460033787],[31.612525393,49.460069361]]]]},"id":"453"},{"type":"Feature","properties":{"id":"454"},"geometry":{"type":"MultiPolygon","coordinates":[[[[31.63032863,49.510537626],[31.630429855,49.509771587],[31.63016494,49.509725976],[31.629008327,49.509723124],[31.62829124,49.50973292],[31.626669628,49.509755032],[31.626498927,49.509757331],[31.625137027,49.509768915],[31.624081131,49.509777881],[31.623094977,49.509786242],[31.62043756,49.509819297],[31.619799033,49.509827826],[31.61959685,49.509830516],[31.617986435,49.509826106],[31.617135972,49.509829692],[31.616654019,49.509841003],[31.615934752,49.509853215],[31.615303091,49.509857657],[31.614722965,49.509858017],[31.614344099,49.509862248],[31.61410909,49.509875292],[31.614058246,49.509879568],[31.614011917,49.509884154],[31.613969662,49.509888871],[31.613862764,49.509914125],[31.613829014,49.509936681],[31.61367816,49.510072884],[31.613623383,49.510401458],[31.612632211,49.510431448],[31.612089844,49.510456277],[31.612050402,49.511247316],[31.611798149,49.51124034],[31.610984182,49.511286005],[31.609802573,49.51124756],[31.609288359,49.511257666],[31.607747163,49.511285983],[31.607073809,49.511258401],[31.605594258,49.511205936],[31.605407514,49.511199308],[31.604575703,49.51119972],[31.603726699,49.511200122],[31.603439639,49.511200262],[31.602883967,49.511194948],[31.602044337,49.511186914],[31.601207191,49.51117889],[31.601206179,49.511223838],[31.602043311,49.511231862],[31.602882943,49.511239895],[31.603439167,49.511245218],[31.603726753,49.511245078],[31.604575757,49.511244667],[31.60540565,49.511244266],[31.605590502,49.511250823],[31.607069764,49.51130328],[31.60714185,49.511306126],[31.607780018,49.511332275],[31.609290379,49.511302638],[31.6098019,49.511292552],[31.610985416,49.51133105],[31.611799646,49.511285384],[31.611868678,49.511287287],[31.612117147,49.511294159],[31.612156826,49.510498273],[31.612636235,49.510476328],[31.613686793,49.510444544],[31.613734184,49.510099191],[31.613882049,49.509965688],[31.613901198,49.509952902],[31.613987409,49.509932515],[31.614022942,49.509928551],[31.614067849,49.509924119],[31.614116457,49.509920016],[31.614347642,49.509907183],[31.614723581,49.509902999],[31.615303486,49.509902622],[31.615936031,49.509898188],[31.616656156,49.509885957],[31.617137446,49.509874665],[31.617987979,49.509871069],[31.619596614,49.509875481],[31.61980044,49.509872762],[31.620438926,49.509864243],[31.623096084,49.509831188],[31.624082032,49.509822827],[31.625137915,49.509813861],[31.626500092,49.509802286],[31.626671055,49.50979995],[31.628292696,49.509777847],[31.629008929,49.509768079],[31.630155821,49.509770915],[31.630356099,49.509805387],[31.630259841,49.510533765],[31.630151912,49.511350566],[31.630065557,49.512003919],[31.63004169,49.512168898],[31.629923141,49.512988004],[31.629780257,49.513975047],[31.629708454,49.514479003],[31.629643714,49.514933535],[31.629578959,49.515388059],[31.629514202,49.515842555],[31.629449458,49.516297034],[31.629384699,49.516751503],[31.629319953,49.517205954],[31.6293092,49.517281447],[31.629255247,49.517660387],[31.629190553,49.518114802],[31.629158213,49.518342019],[31.629125858,49.518569217],[31.628996078,49.519477967],[31.628866044,49.520386527],[31.628801025,49.520840717],[31.628736176,49.521296822],[31.62880493,49.521297906],[31.628869774,49.520844885],[31.628934792,49.520390695],[31.629064797,49.51948217],[31.629140634,49.518952513],[31.629194604,49.518573394],[31.629226971,49.518346168],[31.629259311,49.518118961],[31.629324004,49.517664537],[31.629377957,49.517285596],[31.62938871,49.517210103],[31.629453456,49.516755652],[31.6295182,49.516301183],[31.629582957,49.515846713],[31.629647699,49.515392208],[31.629712454,49.514937684],[31.629777221,49.514483107],[31.629848996,49.513979232],[31.629991892,49.512992242],[31.630110427,49.512173128],[31.630134334,49.512007951],[31.630220688,49.511354418],[31.63032863,49.510537626]]]]},"id":"454"},{"type":"Feature","properties":{"id":"455"},"geometry":{"type":"MultiPolygon","coordinates":[[[[31.632159162,49.45401902],[31.632221198,49.454013464],[31.633147465,49.453929684],[31.63395297,49.453781631],[31.634166448,49.453742389],[31.634684883,49.453727563],[31.634888426,49.453721806],[31.635468697,49.45381489],[31.635868241,49.453879016],[31.63624884,49.453915047],[31.636594315,49.453947746],[31.636629594,49.453957271],[31.637026335,49.454063997],[31.637118716,49.454088875],[31.637635343,49.45428002],[31.637993578,49.454435278],[31.638589859,49.454693731],[31.639154446,49.45501372],[31.639565703,49.455103004],[31.640777386,49.45538078],[31.640862667,49.455400368],[31.64129201,49.455498794],[31.641470754,49.455539055],[31.641798433,49.455612967],[31.642214611,49.455855591],[31.642510166,49.455904725],[31.642750728,49.455990934],[31.64314937,49.456528076],[31.643252482,49.456650051],[31.643422953,49.456674782],[31.643712445,49.456652826],[31.644112243,49.456490711],[31.644362516,49.456439239],[31.644873985,49.456485922],[31.645032232,49.45719778],[31.645042211,49.457242355],[31.645047971,49.457268387],[31.645116228,49.457261963],[31.644937376,49.45645725],[31.644868253,49.456441117],[31.644359916,49.456394322],[31.644087445,49.456448762],[31.643691506,49.45660999],[31.643423815,49.456629833],[31.643290911,49.456612725],[31.643212766,49.456510384],[31.642803152,49.455961729],[31.642539386,49.455864003],[31.642252211,49.455817907],[31.641823125,49.455571002],[31.641483855,49.455494928],[31.63958547,49.455059938],[31.639194838,49.454977275],[31.638635763,49.454660184],[31.637687215,49.454250395],[31.637142431,49.454046659],[31.636600439,49.453902971],[31.635873041,49.453834171],[31.634884731,49.453676917],[31.634161785,49.45370143],[31.633137484,49.453885206],[31.632153794,49.45398217],[31.632090217,49.453989292],[31.632159162,49.45401902]]]]},"id":"455"},{"type":"Feature","properties":{"id":"456"},"geometry":{"type":"MultiPolygon","coordinates":[[[[31.598725,49.530808],[31.598794,49.530808],[31.598992,49.529372],[31.599003,49.52929],[31.599074,49.528684],[31.599145,49.528086],[31.599215,49.527489],[31.599284,49.526893],[31.599354,49.526298],[31.599457,49.525444],[31.599529,49.524859],[31.599565,49.524561],[31.599601,49.524264],[31.599674,49.52367],[31.599746,49.523076],[31.599818,49.522482],[31.599831,49.522379],[31.599895,49.521888],[31.600049,49.520699],[31.600115,49.520193],[31.600116,49.520181],[31.600155,49.519799],[31.600186,49.519485],[31.600218,49.519174],[31.600254,49.518814],[31.600297,49.518392],[31.600301,49.518347],[31.600232,49.518346],[31.600149,49.519179],[31.59998,49.520703],[31.599826,49.521894],[31.599749,49.522486],[31.599605,49.523672],[31.59946,49.524855],[31.599285,49.526296],[31.599185,49.527153],[31.599076,49.528089],[31.598923,49.529367],[31.598725,49.530808]]]]},"id":"456"},{"type":"Feature","properties":{"id":"457"},"geometry":{"type":"MultiPolygon","coordinates":[[[[31.598725101,49.530808402],[31.598794168,49.530807552],[31.59899213,49.529371556],[31.599003444,49.529289646],[31.599074384,49.528683823],[31.599144634,49.528086182],[31.599214581,49.527489252],[31.599284499,49.52689305],[31.599354335,49.526297523],[31.599457446,49.525444397],[31.599528816,49.524858524],[31.599565024,49.524561298],[31.599601203,49.524264109],[31.599673575,49.523669981],[31.599745946,49.523076034],[31.599818315,49.522482274],[31.59983084,49.522379333],[31.599894688,49.521888449],[31.600049109,49.520699106],[31.600114883,49.520193321],[31.600116087,49.520180832],[31.600154643,49.519799365],[31.600186361,49.51948515],[31.600217713,49.519174135],[31.600254156,49.518813782],[31.600296715,49.518391609],[31.600301264,49.518346685],[31.600232225,49.518346007],[31.600149084,49.519178825],[31.599980324,49.520702932],[31.599826084,49.521893912],[31.599749444,49.522485588],[31.599604603,49.523672082],[31.599460024,49.524854636],[31.599285337,49.526295667],[31.599185075,49.527153115],[31.599075671,49.528088615],[31.598923481,49.529366597],[31.598725101,49.530808402]]]]},"id":"457"},{"type":"Feature","properties":{"id":"458"},"geometry":{"type":"MultiPolygon","coordinates":[[[[31.632027,49.469721],[31.632826,49.468813],[31.632644,49.468654],[31.631826,49.469584],[31.632027,49.469721]]]]},"id":"458"},{"type":"Feature","properties":{"id":"459"},"geometry":{"type":"MultiPolygon","coordinates":[[[[31.61501551,49.464981812],[31.615413329,49.466354986],[31.615564033,49.466325102],[31.615171995,49.464971919],[31.61501551,49.464981812]]]]},"id":"459"},{"type":"Feature","properties":{"id":"460"},"geometry":{"type":"MultiPolygon","coordinates":[[[[31.568561555,49.435084617],[31.569615162,49.434465495],[31.56957218,49.434420195],[31.569429828,49.434270332],[31.568303364,49.434812791],[31.568561555,49.435084617]]]]},"id":"460"},{"type":"Feature","properties":{"id":"461"},"geometry":{"type":"MultiPolygon","coordinates":[[[[31.454958618,49.541876797],[31.45501692,49.541987285],[31.456528781,49.541917331],[31.456532433,49.541803981],[31.454958618,49.541876797]]]]},"id":"461"},{"type":"Feature","properties":{"id":"462"},"geometry":{"type":"MultiPolygon","coordinates":[[[[31.617580437,49.464602531],[31.617942895,49.465853416],[31.618165174,49.465809339],[31.617801167,49.464553143],[31.617580437,49.464602531]]]]},"id":"462"},{"type":"Feature","properties":{"id":"463"},"geometry":{"type":"MultiPolygon","coordinates":[[[[31.585593139,49.530954705],[31.588491759,49.530931465],[31.589330927,49.530918198],[31.589664539,49.528217317],[31.585939105,49.527980772],[31.585593139,49.530954705]]]]},"id":"463"},{"type":"Feature","properties":{"id":"464"},"geometry":{"type":"MultiPolygon","coordinates":[[[[31.482158259,49.50790515],[31.482142075,49.508059652],[31.482139498,49.508084539],[31.483723986,49.508035442],[31.483742742,49.507856052],[31.482158259,49.50790515]]]]},"id":"464"},{"type":"Feature","properties":{"id":"465"},"geometry":{"type":"MultiPolygon","coordinates":[[[[31.614112868,49.465017059],[31.614550048,49.466526146],[31.61470402,49.466495612],[31.61427397,49.465011119],[31.614112868,49.465017059]]]]},"id":"465"},{"type":"Feature","properties":{"id":"466"},"geometry":{"type":"MultiPolygon","coordinates":[[[[31.599851198,49.455143763],[31.599861375,49.45514299],[31.601191584,49.453785842],[31.601051257,49.453715778],[31.599700923,49.455093433],[31.599851198,49.455143763]]]]},"id":"466"},{"type":"Feature","properties":{"id":"467"},"geometry":{"type":"MultiPolygon","coordinates":[[[[31.567444527,49.435470135],[31.568365193,49.43492912],[31.568270008,49.434828887],[31.568011455,49.434953406],[31.567286066,49.435303277],[31.567409609,49.435433372],[31.567444527,49.435470135]]]]},"id":"467"},{"type":"Feature","properties":{"id":"468"},"geometry":{"type":"MultiPolygon","coordinates":[[[[31.476017953,49.510640453],[31.475838907,49.51065775],[31.475699438,49.510671253],[31.475600399,49.511619515],[31.475918919,49.511588707],[31.476017953,49.510640453]]]]},"id":"468"},{"type":"Feature","properties":{"id":"469"},"geometry":{"type":"MultiPolygon","coordinates":[[[[31.434761714,49.618543158],[31.434173705,49.619754464],[31.434461105,49.619801174],[31.435045915,49.618596401],[31.434761714,49.618543158]]]]},"id":"469"},{"type":"Feature","properties":{"id":"470"},"geometry":{"type":"MultiPolygon","coordinates":[[[[31.433402654,49.619693502],[31.433900633,49.619786927],[31.434242387,49.618864499],[31.433699716,49.619138684],[31.433620822,49.619158185],[31.433402654,49.619693502]]]]},"id":"470"},{"type":"Feature","properties":{"id":"471"},"geometry":{"type":"MultiPolygon","coordinates":[[[[31.448863697,49.624049335],[31.449596815,49.624472147],[31.449592214,49.624464835],[31.44955075,49.624169947],[31.44968176,49.623891229],[31.44986409,49.623622818],[31.450030082,49.623412204],[31.450079095,49.623326379],[31.449952009,49.623253119],[31.448863697,49.624049335]]]]},"id":"471"},{"type":"Feature","properties":{"id":"472"},"geometry":{"type":"MultiPolygon","coordinates":[[[[31.485149,49.510444],[31.485138,49.510555],[31.485131,49.510622],[31.486907,49.51048],[31.486926,49.510302],[31.485149,49.510444]]]]},"id":"472"},{"type":"Feature","properties":{"id":"473"},"geometry":{"type":"MultiPolygon","coordinates":[[[[31.47452,49.509886],[31.475032,49.509837],[31.475119,49.509006],[31.474762,49.509041],[31.474607,49.509056],[31.47452,49.509886]]]]},"id":"473"},{"type":"Feature","properties":{"id":"474"},"geometry":{"type":"MultiPolygon","coordinates":[[[[31.492231,49.508806],[31.492217,49.508939],[31.492211,49.508994],[31.493719,49.509006],[31.493738,49.508818],[31.492231,49.508806]]]]},"id":"474"},{"type":"Feature","properties":{"id":"475"},"geometry":{"type":"MultiPolygon","coordinates":[[[[31.619492,49.467591],[31.619022,49.466583],[31.618861,49.466615],[31.618807,49.466626],[31.619267,49.467611],[31.619419,49.467602],[31.619492,49.467591]]]]},"id":"475"},{"type":"Feature","properties":{"id":"476"},"geometry":{"type":"MultiPolygon","coordinates":[[[[31.574457481,49.504037233],[31.574071771,49.504034684],[31.573588,49.50455284],[31.575407392,49.504629816],[31.575491414,49.503951635],[31.574457481,49.504037233]]]]},"id":"476"},{"type":"Feature","properties":{"id":"477"},"geometry":{"type":"MultiPolygon","coordinates":[[[[31.480377672,49.509645132],[31.480350961,49.509900342],[31.481955282,49.509850625],[31.481981972,49.509595414],[31.480377672,49.509645132]]]]},"id":"477"},{"type":"Feature","properties":{"id":"478"},"geometry":{"type":"MultiPolygon","coordinates":[[[[31.618596089,49.466667727],[31.618585582,49.466669716],[31.619031591,49.467625121],[31.619266531,49.467610817],[31.618806816,49.4666259],[31.618596089,49.466667727]]]]},"id":"478"},{"type":"Feature","properties":{"id":"479"},"geometry":{"type":"MultiPolygon","coordinates":[[[[31.488776,49.509054],[31.488769,49.509123],[31.488758,49.509222],[31.490452,49.509237],[31.49047,49.509069],[31.488776,49.509054]]]]},"id":"479"},{"type":"Feature","properties":{"id":"480"},"geometry":{"type":"MultiPolygon","coordinates":[[[[31.490486235,49.509706651],[31.490468001,49.509881915],[31.492107455,49.509989811],[31.492111756,49.509948398],[31.492125683,49.509814457],[31.490486235,49.509706651]]]]},"id":"480"},{"type":"Feature","properties":{"id":"481"},"geometry":{"type":"MultiPolygon","coordinates":[[[[31.492131713,49.509756608],[31.492125683,49.509814457],[31.492111756,49.509948398],[31.493619224,49.509960812],[31.493639313,49.509769022],[31.492131713,49.509756608]]]]},"id":"481"},{"type":"Feature","properties":{"id":"482"},"geometry":{"type":"MultiPolygon","coordinates":[[[[31.480449905,49.508952345],[31.480430928,49.509134881],[31.482035211,49.509085172],[31.482041253,49.509027323],[31.482052131,49.508921858],[31.482054182,49.508902635],[31.480449905,49.508952345]]]]},"id":"482"},{"type":"Feature","properties":{"id":"483"},"geometry":{"type":"MultiPolygon","coordinates":[[[[31.570001957,49.433994756],[31.569429786,49.434270332],[31.569572152,49.434420231],[31.570700447,49.433757141],[31.570635484,49.433688748],[31.570001957,49.433994756]]]]},"id":"483"},{"type":"Feature","properties":{"id":"484"},"geometry":{"type":"MultiPolygon","coordinates":[[[[31.500843,49.509637],[31.501539,49.509563],[31.502187,49.509501],[31.502337,49.508055],[31.501011,49.50821],[31.500843,49.509637]]]]},"id":"484"},{"type":"Feature","properties":{"id":"485"},"geometry":{"type":"MultiPolygon","coordinates":[[[[31.634362432,49.471151437],[31.635191605,49.46998534],[31.634989515,49.469911388],[31.634170017,49.471064921],[31.634362432,49.471151437]]]]},"id":"485"},{"type":"Feature","properties":{"id":"486"},"geometry":{"type":"MultiPolygon","coordinates":[[[[31.477646,49.510483],[31.477547,49.511431],[31.477896,49.511398],[31.477995,49.510449],[31.477779,49.51047],[31.477646,49.510483]]]]},"id":"486"},{"type":"Feature","properties":{"id":"487"},"geometry":{"type":"MultiPolygon","coordinates":[[[[31.48537852,49.508245261],[31.485367497,49.508350906],[31.485361806,49.508406057],[31.487138361,49.508263834],[31.487155069,49.508103037],[31.48537852,49.508245261]]]]},"id":"487"},{"type":"Feature","properties":{"id":"488"},"geometry":{"type":"MultiPolygon","coordinates":[[[[31.483679983,49.509134529],[31.483669136,49.509238277],[31.485288605,49.509108638],[31.48529931,49.509004971],[31.483679983,49.509134529]]]]},"id":"488"},{"type":"Feature","properties":{"id":"489"},"geometry":{"type":"MultiPolygon","coordinates":[[[[31.590982221,49.44865368],[31.591261121,49.448792997],[31.59195308,49.44808711],[31.591912774,49.448067019],[31.591674183,49.447947803],[31.590982221,49.44865368]]]]},"id":"489"},{"type":"Feature","properties":{"id":"490"},"geometry":{"type":"MultiPolygon","coordinates":[[[[31.430674355,49.641393155],[31.43139698,49.641367846],[31.431589608,49.641366612],[31.431630217,49.639957054],[31.430717015,49.639912948],[31.430674355,49.641393155]]]]},"id":"490"},{"type":"Feature","properties":{"id":"491"},"geometry":{"type":"MultiPolygon","coordinates":[[[[31.592557235,49.528355677],[31.594133409,49.528455604],[31.59442317,49.526140546],[31.592847206,49.526039803],[31.592557235,49.528355677]]]]},"id":"491"},{"type":"Feature","properties":{"id":"492"},"geometry":{"type":"MultiPolygon","coordinates":[[[[31.475008831,49.513041921],[31.474862753,49.512392356],[31.474430783,49.512433476],[31.474498923,49.512575786],[31.47469569,49.512986907],[31.474952413,49.51295295],[31.474952965,49.512952869],[31.475008831,49.513041921]]]]},"id":"492"},{"type":"Feature","properties":{"id":"493"},"geometry":{"type":"MultiPolygon","coordinates":[[[[31.625484725,49.46461488],[31.625631023156185,49.464622653483],[31.625712747495186,49.46462697495922],[31.625567732,49.463408826],[31.625449332,49.463414816],[31.625342505,49.463420219],[31.625484725,49.46461488]]]]},"id":"493"},{"type":"Feature","properties":{"id":"494"},"geometry":{"type":"MultiPolygon","coordinates":[[[[31.625712748573374,49.46462697501623],[31.625712805,49.464626978],[31.625936450437727,49.464638826274914],[31.625788698,49.463397653],[31.625651429,49.463404599],[31.625567732,49.463408826],[31.625712748573374,49.46462697501623]]]]},"id":"494"},{"type":"Feature","properties":{"id":"495"},"geometry":{"type":"MultiPolygon","coordinates":[[[[31.625449332,49.463414834],[31.625567663,49.463408799],[31.625651484,49.463404581],[31.625479352,49.461959249],[31.625297515,49.462139055],[31.625449332,49.463414834]]]]},"id":"495"},{"type":"Feature","properties":{"id":"496"},"geometry":{"type":"MultiPolygon","coordinates":[[[[31.625788725,49.463397617],[31.625837608,49.463395199],[31.6257105779319,49.46232811014167],[31.62566100845882,49.4619130708247],[31.625517274,49.461921867],[31.625479352,49.461959249],[31.625651484,49.463404581],[31.625788725,49.463397617]]]]},"id":"496"},{"type":"Feature","properties":{"id":"497"},"geometry":{"type":"MultiPolygon","coordinates":[[[[31.625215994,49.46342664],[31.625342463,49.463420228],[31.625449332,49.463414834],[31.625297515,49.462139055],[31.625118484,49.462315999],[31.625086371,49.462337963],[31.625215994,49.46342664]]]]},"id":"497"},{"type":"Feature","properties":{"id":"498"},"geometry":{"type":"MultiPolygon","coordinates":[[[[31.632234276,49.469861633],[31.632234285719424,49.469861621953534],[31.632234249,49.469861597],[31.632884474595357,49.46912265956725],[31.633012985,49.468976603],[31.632826016,49.468813357],[31.632027321,49.469720985],[31.632234276,49.469861633]]]]},"id":"498"},{"type":"Feature","properties":{"id":"499"},"geometry":{"type":"MultiPolygon","coordinates":[[[[31.630803836,49.468626165],[31.630788720761604,49.46863870369479],[31.630365085047647,49.46899092928841],[31.632180586,49.470496028],[31.63249566237712,49.470105770452655],[31.632495636,49.470105726],[31.632460167601483,49.47004595085635],[31.632438479,49.47000945],[31.632429498,49.469994283],[31.632234276,49.469861633],[31.632027321,49.469720985],[31.632027128377775,49.469720854108864],[31.632027,49.469721],[31.631914351738303,49.46964421984153],[31.631825675,49.469583962],[31.631655806,49.469468501],[31.631652896,49.469422352],[31.631646758,49.469325109],[31.630803836,49.468626165]]]]},"id":"499"},{"type":"Feature","properties":{"id":"500"},"geometry":{"type":"MultiPolygon","coordinates":[[[[31.634359359741136,49.47115346379294],[31.634166240692057,49.471066314613196],[31.633975258578563,49.47097668221592],[31.633974895,49.470977194],[31.633750614554685,49.47087635399363],[31.633750613,49.470876356],[31.633551307,49.470786745],[31.633551310617793,49.47078674033165],[31.633390137378903,49.47071426888942],[31.633350849151537,49.47069680036875],[31.633141636848375,49.47060267837049],[31.632976048667782,49.470529784260435],[31.632460308831398,49.47116869998176],[31.63184352348065,49.47193421945197],[31.632912826,49.47217662],[31.63351777197638,49.472299480290886],[31.634359359741136,49.47115346379294]]]]},"id":"500"},{"type":"Feature","properties":{"id":"501"},"geometry":{"type":"MultiPolygon","coordinates":[[[[31.61404836,49.466631173],[31.614030374,49.466644813],[31.614021381,49.466651637],[31.614053014,49.466668968],[31.61462146,49.467020775],[31.614866965,49.46713607],[31.615331784,49.467333444],[31.615694358,49.467486689],[31.617073101,49.467792789],[31.617714212,49.467743308],[31.618287375,49.46769909],[31.618369626,49.467692658],[31.619039919,49.467651538],[31.619275369,49.467637135],[31.619425312,49.467628547],[31.619501977,49.467617246],[31.619717617,49.467586544],[31.619931437,49.467556139],[31.620362648,49.467494713],[31.620799317,49.46740939],[31.620964595,49.467376436],[31.621244004,49.467280585],[31.621658482,49.467048544],[31.622051643,49.466827935],[31.622027887,49.46680585],[31.621844629,49.46690858],[31.621629739,49.467029144],[31.621430787,49.467140674],[31.621221984,49.467257752],[31.621005432,49.467332084],[31.620948379,49.46735161],[31.620787362,49.467383571],[31.620569436,49.467426866],[31.620376978,49.467465063],[31.62035414,49.467468315],[31.620136818,49.467499254],[31.619921647,49.46752993],[31.619814861,49.467545128],[31.61970831,49.467560263],[31.619492449,49.467591002],[31.619419094,49.467601876],[31.619266531,49.467610817],[31.619031591,49.467625121],[31.618540138,49.467655215],[31.618362705,49.46766606],[31.618282717,49.467672292],[31.618009164,49.467693493],[31.617704671,49.467717063],[31.617355419,49.467744166],[31.617075231,49.467765849],[31.616907174,49.467728426],[31.615709488,49.467461579],[31.615353777,49.467310593],[31.614889082,49.467113273],[31.614648453,49.46700032],[31.614627525,49.466988607],[31.614078653,49.466647795],[31.61404836,49.466631173]]]]},"id":"501"},{"type":"Feature","properties":{"id":"502"},"geometry":{"type":"MultiPolygon","coordinates":[[[[31.615353777,49.467310593],[31.615500263,49.467281504],[31.615109037,49.466443475],[31.614078653,49.466647795],[31.614889082,49.467113273],[31.615353777,49.467310593]]]]},"id":"502"},{"type":"Feature","properties":{"id":"503"},"geometry":{"type":"MultiPolygon","coordinates":[[[[31.615562438964783,49.46632516559726],[31.615723371505677,49.46629378881812],[31.615337133407536,49.46496200033256],[31.61517083644861,49.46497245954548],[31.615562438964783,49.46632516559726]]]]},"id":"503"},{"type":"Feature","properties":{"id":"504"},"geometry":{"type":"MultiPolygon","coordinates":[[[[31.615723371505677,49.46629378881812],[31.61588430404657,49.46626241201889],[31.615503430366456,49.46495154111742],[31.615337133407536,49.46496200033256],[31.615723371505677,49.46629378881812]]]]},"id":"504"},{"type":"Feature","properties":{"id":"505"},"geometry":{"type":"MultiPolygon","coordinates":[[[[31.614848971366822,49.46646810400345],[31.614988446235596,49.46643672731586],[31.614575386047303,49.46500035076899],[31.61442518234247,49.465003837170805],[31.614848971366822,49.46646810400345]]]]},"id":"505"},{"type":"Feature","properties":{"id":"506"},"geometry":{"type":"MultiPolygon","coordinates":[[[[31.589636206626814,49.44897771473615],[31.590274572372362,49.448336002819985],[31.58996880054466,49.44818254872596],[31.589308977127,49.44885913816692],[31.589555740356367,49.44894283930438],[31.589636206626814,49.44897771473615]]]]},"id":"506"},{"type":"Feature","properties":{"id":"507"},"geometry":{"type":"MultiPolygon","coordinates":[[[[31.59969985485071,49.455094481648004],[31.601051688194215,49.453713567914924],[31.600912213325437,49.45364382376501],[31.59954428672784,49.455042175018555],[31.59969985485071,49.455094481648004]]]]},"id":"507"},{"type":"Feature","properties":{"id":"508"},"geometry":{"type":"MultiPolygon","coordinates":[[[[31.591218,49.445447],[31.591361,49.445519],[31.592671,49.444182],[31.592539,49.444117],[31.592517,49.444107],[31.591218,49.445447]]]]},"id":"508"}]}