{"type":"FeatureCollection","name":"ТОВ_ПОНОМАР_паи_10","crs":{"type":"name","properties":{"name":"urn:ogc:def:crs:OGC:1.3:CRS84"}},"features":[{"type":"Feature","properties":{"id":"1"},"geometry":{"type":"MultiPolygon","coordinates":[[[[31.629588882,49.460131978],[31.629772995,49.461678012],[31.629962698,49.461668377],[31.629778453,49.460121804],[31.629588882,49.460131978]]]]},"id":"1"},{"type":"Feature","properties":{"id":"2"},"geometry":{"type":"MultiPolygon","coordinates":[[[[31.544956495,49.529178724],[31.54452335,49.528857663],[31.544507857,49.528879922],[31.544270145,49.529219178],[31.544032292,49.529558523],[31.543794573,49.529897777],[31.543556851,49.53023704],[31.544111933,49.530384143],[31.544956495,49.529178724]]]]},"id":"2"},{"type":"Feature","properties":{"id":"3"},"geometry":{"type":"MultiPolygon","coordinates":[[[[31.550426955,49.531263036],[31.550657393,49.530934138],[31.54936879,49.529082025],[31.549187085,49.529341461],[31.549138352,49.52941093],[31.549368442,49.529741546],[31.549633603,49.530122712],[31.549958836,49.53059024],[31.550426955,49.531263036]]]]},"id":"3"},{"type":"Feature","properties":{"id":"4"},"geometry":{"type":"MultiPolygon","coordinates":[[[[31.540942156,49.526788669],[31.540836724,49.52693921],[31.540610654,49.527261919],[31.54267511,49.527809436],[31.543006734,49.52733627],[31.540942156,49.526788669]]]]},"id":"4"},{"type":"Feature","properties":{"id":"5"},"geometry":{"type":"MultiPolygon","coordinates":[[[[31.631193732,49.45689786],[31.631037457,49.457006921],[31.632039222,49.457619655],[31.632223764,49.457425206],[31.631253652,49.456831859],[31.631193732,49.45689786]]]]},"id":"5"},{"type":"Feature","properties":{"id":"6"},"geometry":{"type":"MultiPolygon","coordinates":[[[[31.633645816,49.455102672],[31.633177116,49.455596572],[31.633671784,49.455899153],[31.633935435,49.455621135],[31.633878412,49.455522971],[31.633645816,49.455102672]]]]},"id":"6"},{"type":"Feature","properties":{"id":"7"},"geometry":{"type":"MultiPolygon","coordinates":[[[[31.625247403,49.45928721],[31.625316708,49.460221949],[31.625629205,49.460203449],[31.625560348,49.459273573],[31.625247403,49.45928721]]]]},"id":"7"},{"type":"Feature","properties":{"id":"8"},"geometry":{"type":"MultiPolygon","coordinates":[[[[31.515104476,49.468390457],[31.515032318,49.468287255],[31.512460068,49.468747683],[31.512502784,49.468812524],[31.512528482,49.468851579],[31.515104476,49.468390457]]]]},"id":"8"},{"type":"Feature","properties":{"id":"9"},"geometry":{"type":"MultiPolygon","coordinates":[[[[31.516033748,49.469841875],[31.515976278,49.469735201],[31.513412542,49.470194111],[31.513459277,49.470265182],[31.513481499,49.470298726],[31.516033748,49.469841875]]]]},"id":"9"},{"type":"Feature","properties":{"id":"10"},"geometry":{"type":"MultiPolygon","coordinates":[[[[31.586230351,49.549168607],[31.586864487,49.549244101],[31.587042624,49.549265294],[31.587394946,49.547131557],[31.586582694,49.547034963],[31.586230351,49.549168607]]]]},"id":"10"},{"type":"Feature","properties":{"id":"11"},"geometry":{"type":"MultiPolygon","coordinates":[[[[31.581720285,49.551746303],[31.582325117,49.551513733],[31.58099978,49.549583297],[31.580398874,49.549814364],[31.581720285,49.551746303]]]]},"id":"11"},{"type":"Feature","properties":{"id":"12"},"geometry":{"type":"MultiPolygon","coordinates":[[[[31.538331,49.549595],[31.539312,49.54909],[31.540713,49.548368],[31.540302,49.548037],[31.539958,49.54776],[31.538519,49.548502],[31.537477,49.549039],[31.538331,49.549595]]]]},"id":"12"},{"type":"Feature","properties":{"id":"13"},"geometry":{"type":"MultiPolygon","coordinates":[[[[31.513413171,49.464757838],[31.513390377,49.464635901],[31.510994003,49.464921027],[31.511012925,49.465022888],[31.511016654,49.465042965],[31.513413171,49.464757838]]]]},"id":"13"},{"type":"Feature","properties":{"id":"14"},"geometry":{"type":"MultiPolygon","coordinates":[[[[31.6181503,49.46330728],[31.617901663,49.462448857],[31.617778334,49.462464016],[31.617572482,49.462489328],[31.617821252,49.463347842],[31.6181503,49.46330728]]]]},"id":"14"},{"type":"Feature","properties":{"id":"15"},"geometry":{"type":"MultiPolygon","coordinates":[[[[31.572311496,49.433441632],[31.572322583,49.433453233],[31.572423159,49.433559151],[31.573749924,49.432779344],[31.573642584,49.432659261],[31.572311496,49.433441632]]]]},"id":"15"},{"type":"Feature","properties":{"id":"16"},"geometry":{"type":"MultiPolygon","coordinates":[[[[31.363049691,49.642265071],[31.363831159,49.642876169],[31.364253634,49.643206618],[31.36511935,49.642739677],[31.363915414,49.641798302],[31.363049691,49.642265071]]]]},"id":"16"},{"type":"Feature","properties":{"id":"17"},"geometry":{"type":"MultiPolygon","coordinates":[[[[31.544983272,49.528201319],[31.545020202,49.528148662],[31.545220961,49.527862053],[31.543107013,49.5273015],[31.542869298,49.527640753],[31.544983272,49.528201319]]]]},"id":"17"},{"type":"Feature","properties":{"id":"18"},"geometry":{"type":"MultiPolygon","coordinates":[[[[31.548245207,49.539083414],[31.548690339,49.538764824],[31.549221339,49.538384635],[31.548274972,49.53839734],[31.547928033,49.538419305],[31.547619001,49.538480958],[31.547564073,49.538499835],[31.548245207,49.539083414]]]]},"id":"18"},{"type":"Feature","properties":{"id":"19"},"geometry":{"type":"MultiPolygon","coordinates":[[[[31.54894565,49.525969783],[31.549091689,49.525761306],[31.547512687,49.524591022],[31.547485556,49.524629821],[31.547366659,49.524799497],[31.54894565,49.525969783]]]]},"id":"19"},{"type":"Feature","properties":{"id":"20"},"geometry":{"type":"MultiPolygon","coordinates":[[[[31.54894565,49.525969783],[31.547366659,49.524799497],[31.54729292,49.524904805],[31.5472767715086,49.524927823290334],[31.54728412628168,49.524929771917435],[31.54724800248253,49.52502356611775],[31.548801748,49.52617513],[31.54894565,49.525969783]]]]},"id":"20"},{"type":"Feature","properties":{"id":"21"},"geometry":{"type":"MultiPolygon","coordinates":[[[[31.547906475,49.524028795],[31.547976943,49.523928227],[31.547752387,49.523812369],[31.546814558,49.523328269],[31.546626857,49.523357116],[31.546176549,49.523131491],[31.546071385,49.523070474],[31.545792648,49.523468291],[31.547906475,49.524028795]]]]},"id":"21"},{"type":"Feature","properties":{"id":"22"},"geometry":{"type":"MultiPolygon","coordinates":[[[[31.442698481,49.623074072],[31.442846011,49.623159209],[31.443815903,49.622449593],[31.443668373,49.622364475],[31.442698481,49.623074072]]]]},"id":"22"},{"type":"Feature","properties":{"id":"23"},"geometry":{"type":"MultiPolygon","coordinates":[[[[31.545696494,49.527183447],[31.545765397,49.527085111],[31.545934186,49.526844189],[31.54382026,49.526283639],[31.543582556,49.526622894],[31.545696494,49.527183447]]]]},"id":"23"},{"type":"Feature","properties":{"id":"24"},"geometry":{"type":"MultiPolygon","coordinates":[[[[31.380729595,49.621988755],[31.38181809,49.622098297],[31.382318416543008,49.62214834618264],[31.382371575082015,49.621946639919685],[31.382460732,49.621570721],[31.379996958,49.621324036],[31.379952592,49.621412704],[31.37999249,49.62168833],[31.379950656,49.621906571],[31.380729595,49.621988755]]]]},"id":"24"},{"type":"Feature","properties":{"id":"25"},"geometry":{"type":"MultiPolygon","coordinates":[[[[31.546409561,49.52616558],[31.546510574,49.526021465],[31.546647244,49.525826311],[31.544533354,49.525265783],[31.544295659,49.525605039],[31.546409561,49.52616558]]]]},"id":"25"},{"type":"Feature","properties":{"id":"26"},"geometry":{"type":"MultiPolygon","coordinates":[[[[31.545526249,49.547170754],[31.545108077,49.547384348],[31.546682278,49.54869327],[31.5470349,49.548424994],[31.545526249,49.547170754]]]]},"id":"26"},{"type":"Feature","properties":{"id":"27"},"geometry":{"type":"MultiPolygon","coordinates":[[[[31.635044146,49.462929241],[31.635246587,49.464627709],[31.635411596,49.464619325],[31.63520915,49.462920948],[31.635062091,49.462928384],[31.635044146,49.462929241]]]]},"id":"27"},{"type":"Feature","properties":{"id":"28"},"geometry":{"type":"MultiPolygon","coordinates":[[[[31.631114568,49.463128252],[31.631317011,49.464826646],[31.631476904,49.46481858],[31.631274593,49.463120105],[31.631124498,49.463127702],[31.631114568,49.463128252]]]]},"id":"28"},{"type":"Feature","properties":{"id":"29"},"geometry":{"type":"MultiPolygon","coordinates":[[[[31.612862238,49.448139739],[31.612723628,49.448079326],[31.612011269,49.448494669],[31.612200051,49.448640703],[31.612923002,49.448219235],[31.612862238,49.448139739]]]]},"id":"29"},{"type":"Feature","properties":{"id":"30"},"geometry":{"type":"MultiPolygon","coordinates":[[[[31.540610654,49.527261919],[31.540460739,49.527475745],[31.540264217,49.527756176],[31.542328828,49.528303699],[31.54267511,49.527809436],[31.540610654,49.527261919]]]]},"id":"30"},{"type":"Feature","properties":{"id":"31"},"geometry":{"type":"MultiPolygon","coordinates":[[[[31.538116591,49.526217699],[31.540836724,49.52693921],[31.540942156,49.526788669],[31.541245812,49.526355466],[31.538521021,49.525632762],[31.538358174,49.525865004],[31.538116591,49.526217699]]]]},"id":"31"},{"type":"Feature","properties":{"id":"32"},"geometry":{"type":"MultiPolygon","coordinates":[[[[31.562065078,49.549134574],[31.562771142,49.548611603],[31.56143335,49.547513429],[31.561413718,49.547527933],[31.560727136,49.548036482],[31.562065078,49.549134574]]]]},"id":"32"},{"type":"Feature","properties":{"id":"33"},"geometry":{"type":"MultiPolygon","coordinates":[[[[31.548479712,49.530350945],[31.548715553,49.530014451],[31.547051867,49.52878143],[31.546816035,49.529117921],[31.548479712,49.530350945]]]]},"id":"33"},{"type":"Feature","properties":{"id":"34"},"geometry":{"type":"MultiPolygon","coordinates":[[[[31.54729292,49.524904805],[31.547366659,49.524799497],[31.547485556,49.524629821],[31.545371569,49.5240693],[31.545179062,49.52434419],[31.54729292,49.524904805]]]]},"id":"34"},{"type":"Feature","properties":{"id":"35"},"geometry":{"type":"MultiPolygon","coordinates":[[[[31.555370644,49.542573043],[31.556674446,49.543643494],[31.556746484,49.543590223],[31.556901383,49.543475501],[31.55559758,49.542405052],[31.555370644,49.542573043]]]]},"id":"35"},{"type":"Feature","properties":{"id":"36"},"geometry":{"type":"MultiPolygon","coordinates":[[[[31.546599259,49.529318979],[31.546847605,49.528964429],[31.545268567,49.527794115],[31.545220961,49.527862053],[31.545020202,49.528148662],[31.546599259,49.529318979]]]]},"id":"36"},{"type":"Feature","properties":{"id":"37"},"geometry":{"type":"MultiPolygon","coordinates":[[[[31.563944896,49.533806435],[31.564135536,49.53353878],[31.563635979,49.533394557],[31.56283251,49.533177831],[31.562060726,49.533017016],[31.561932697,49.533195622],[31.563944896,49.533806435]]]]},"id":"37"},{"type":"Feature","properties":{"id":"38"},"geometry":{"type":"MultiPolygon","coordinates":[[[[31.441240897,49.623287001],[31.44143662753546,49.62331705611083],[31.441748210081098,49.62309685906176],[31.442138569,49.622811263],[31.441762164,49.622594102],[31.440961418,49.623179874],[31.441240897,49.623287001]]]]},"id":"38"},{"type":"Feature","properties":{"id":"39"},"geometry":{"type":"MultiPolygon","coordinates":[[[[31.546102404,49.530028076],[31.546350757,49.529673528],[31.544771846,49.528503117],[31.544745566,49.528540666],[31.54452335,49.528857663],[31.544956495,49.529178724],[31.545463613,49.529554619],[31.546102404,49.530028076]]]]},"id":"39"},{"type":"Feature","properties":{"id":"40"},"geometry":{"type":"MultiPolygon","coordinates":[[[[31.555192212,49.540639877],[31.55529622,49.540562773],[31.555488952,49.540420037],[31.555483615,49.540416668],[31.554212998,49.539394217],[31.553930285,49.539603735],[31.555192212,49.540639877]]]]},"id":"40"},{"type":"Feature","properties":{"id":"41"},"geometry":{"type":"MultiPolygon","coordinates":[[[[31.562138558,49.553022753],[31.561538881,49.552539816],[31.556985072,49.55501523],[31.557558019,49.55548637],[31.557579569,49.555501015],[31.558630982,49.554929553],[31.559272185,49.554580956],[31.560005556,49.554182309],[31.562138558,49.553022753]]]]},"id":"41"},{"type":"Feature","properties":{"id":"42"},"geometry":{"type":"MultiPolygon","coordinates":[[[[31.547344438,49.528255418],[31.547592773,49.527900866],[31.546013752,49.526730563],[31.545934186,49.526844189],[31.545765397,49.527085111],[31.547344438,49.528255418]]]]},"id":"42"},{"type":"Feature","properties":{"id":"43"},"geometry":{"type":"MultiPolygon","coordinates":[[[[31.448450942935498,49.62238734372485],[31.44845008850092,49.62238797412832],[31.44840717315668,49.62237407336816],[31.44840105893129,49.62237047251521],[31.447321897,49.623160066],[31.447567527,49.623301769],[31.448655843,49.622505466],[31.448450942935498,49.62238734372485]]]]},"id":"43"},{"type":"Feature","properties":{"id":"44"},"geometry":{"type":"MultiPolygon","coordinates":[[[[31.596594333,49.546990495],[31.596499814,49.547552709],[31.599594741,49.547532238],[31.599689225,49.54697012],[31.596594333,49.546990495]]]]},"id":"44"},{"type":"Feature","properties":{"id":"45"},"geometry":{"type":"MultiPolygon","coordinates":[[[[31.549214583,49.447169069],[31.54863338,49.445980825],[31.548473188964103,49.446014775401125],[31.548416242754236,49.446027116860016],[31.5490009,49.447222342],[31.549006993,49.447220865],[31.549214583,49.447169069]]]]},"id":"45"},{"type":"Feature","properties":{"id":"46"},"geometry":{"type":"MultiPolygon","coordinates":[[[[31.523849091,49.486527328],[31.521749691,49.486895578],[31.521833725,49.487014435],[31.523929527,49.486646878],[31.523849091,49.486527328]]]]},"id":"46"},{"type":"Feature","properties":{"id":"47"},"geometry":{"type":"MultiPolygon","coordinates":[[[[31.580540705,49.557238543],[31.581134878,49.557010114],[31.579782815,49.555033505],[31.579188645,49.555261918],[31.580540705,49.557238543]]]]},"id":"47"},{"type":"Feature","properties":{"id":"48"},"geometry":{"type":"MultiPolygon","coordinates":[[[[31.578884103,49.538579244],[31.578836231,49.53885535],[31.579431223,49.539241502],[31.581476222,49.540721279],[31.581485827,49.540489282],[31.581576332,49.53994333],[31.578884103,49.538579244]]]]},"id":"48"},{"type":"Feature","properties":{"id":"49"},"geometry":{"type":"MultiPolygon","coordinates":[[[[31.583887,49.509885],[31.587597,49.510087],[31.587645,49.509667],[31.583933,49.509465],[31.583887,49.509885]]]]},"id":"49"},{"type":"Feature","properties":{"id":"50"},"geometry":{"type":"MultiPolygon","coordinates":[[[[31.521145822,49.482871542],[31.520990865,49.482724751],[31.519568784,49.483211981],[31.519723738,49.483358782],[31.521145822,49.482871542]]]]},"id":"50"},{"type":"Feature","properties":{"id":"51"},"geometry":{"type":"MultiPolygon","coordinates":[[[[31.523972346,49.484087818],[31.524330141,49.484028258],[31.523584156,49.483321789],[31.523275254,49.483427705],[31.523972346,49.484087818]]]]},"id":"51"},{"type":"Feature","properties":{"id":"52"},"geometry":{"type":"MultiPolygon","coordinates":[[[[31.537477,49.549039],[31.538519,49.548502],[31.539958,49.54776],[31.539635,49.5475],[31.539233,49.547176],[31.537752,49.547939],[31.536655,49.548504],[31.537477,49.549039]]]]},"id":"52"},{"type":"Feature","properties":{"id":"53"},"geometry":{"type":"MultiPolygon","coordinates":[[[[31.63079464,49.463144376],[31.630996949,49.464842851],[31.63115698,49.464834794],[31.630954542,49.463136319],[31.630928583,49.463137652],[31.63079464,49.463144376]]]]},"id":"53"},{"type":"Feature","properties":{"id":"54"},"geometry":{"type":"MultiPolygon","coordinates":[[[[31.635552398,49.462903553],[31.635748372,49.464546678],[31.635918735,49.464414063],[31.635737415,49.462894147],[31.635729815,49.462894534],[31.635552398,49.462903553]]]]},"id":"54"},{"type":"Feature","properties":{"id":"55"},"geometry":{"type":"MultiPolygon","coordinates":[[[[31.624941773,49.463440486],[31.625112711,49.463431796],[31.625215994,49.46342664],[31.625086371,49.462337963],[31.624831353,49.462512993],[31.624941773,49.463440486]]]]},"id":"55"},{"type":"Feature","properties":{"id":"56"},"geometry":{"type":"MultiPolygon","coordinates":[[[[31.634157156,49.462974212],[31.634234341,49.462970301],[31.634340532,49.462964891],[31.634163839,49.461482766],[31.633980482,49.461492087],[31.634157156,49.462974212]]]]},"id":"56"},{"type":"Feature","properties":{"id":"57"},"geometry":{"type":"MultiPolygon","coordinates":[[[[31.635951561,49.459790277],[31.636138285,49.461355737],[31.636312248,49.461346874],[31.636125393,49.459780965],[31.635951561,49.459790277]]]]},"id":"57"},{"type":"Feature","properties":{"id":"58"},"geometry":{"type":"MultiPolygon","coordinates":[[[[31.61593953,49.458416043],[31.615822089,49.458449851],[31.615911835,49.459665742],[31.61616225,49.459654882],[31.616070718,49.458415606],[31.61593953,49.458416043]]]]},"id":"58"},{"type":"Feature","properties":{"id":"59"},"geometry":{"type":"MultiPolygon","coordinates":[[[[31.631559414,49.467926643],[31.631643091,49.467860732],[31.63113051,49.467886741],[31.630335255,49.467926974],[31.630367087,49.468194348],[31.631293254,49.468147456],[31.631559414,49.467926643]]]]},"id":"59"},{"type":"Feature","properties":{"id":"60"},"geometry":{"type":"MultiPolygon","coordinates":[[[[31.388097145,49.625967249],[31.388271255,49.626120615],[31.388396927,49.626248598],[31.38864941,49.626618391],[31.388676121,49.626728674],[31.388787604,49.626894674],[31.390046972,49.626764036],[31.390354538,49.626755157],[31.390556142,49.62678724],[31.390685938,49.626869469],[31.390694114,49.625976443],[31.388097145,49.625967249]]]]},"id":"60"},{"type":"Feature","properties":{"id":"61"},"geometry":{"type":"MultiPolygon","coordinates":[[[[31.388097145,49.625967249],[31.390694114,49.625976443],[31.390694596,49.625921841],[31.390702799,49.625022819],[31.390424234,49.625145156],[31.389578087,49.625283414],[31.389051639,49.625184566],[31.388537192,49.625454683],[31.387720974,49.625742045],[31.388047888,49.625923864],[31.388097145,49.625967249]]]]},"id":"61"},{"type":"Feature","properties":{"id":"62"},"geometry":{"type":"MultiPolygon","coordinates":[[[[31.628818605,49.467600596],[31.629050182,49.467588848],[31.628895734,49.46629202],[31.628871291,49.466293279],[31.628664163,49.466303768],[31.628818605,49.467600596]]]]},"id":"62"},{"type":"Feature","properties":{"id":"63"},"geometry":{"type":"MultiPolygon","coordinates":[[[[31.628457403,49.459147524],[31.628522754,49.460028912],[31.628854459,49.460008664],[31.628789545,49.459133129],[31.628457403,49.459147524]]]]},"id":"63"},{"type":"Feature","properties":{"id":"64"},"geometry":{"type":"MultiPolygon","coordinates":[[[[31.61938983,49.459514675],[31.619307431,49.458400281],[31.619046206,49.458398832],[31.619129472,49.459526002],[31.61938983,49.459514675]]]]},"id":"64"},{"type":"Feature","properties":{"id":"65"},"geometry":{"type":"MultiPolygon","coordinates":[[[[31.613818089,49.460802517],[31.613895568,49.460813095],[31.613819625,49.459783524],[31.613465655,49.459798886],[31.613532077,49.460698633],[31.613818089,49.460802517]]]]},"id":"65"},{"type":"Feature","properties":{"id":"66"},"geometry":{"type":"MultiPolygon","coordinates":[[[[31.61419719,49.460854428],[31.614117115,49.459770608],[31.613819625,49.459783524],[31.613895568,49.460813095],[31.61419719,49.460854428]]]]},"id":"66"},{"type":"Feature","properties":{"id":"67"},"geometry":{"type":"MultiPolygon","coordinates":[[[[31.544911697,49.542419135],[31.545213582,49.542669071],[31.547209329,49.541682552],[31.546933455,49.541459449],[31.54690298,49.541434745],[31.544911697,49.542419135]]]]},"id":"67"},{"type":"Feature","properties":{"id":"68"},"geometry":{"type":"MultiPolygon","coordinates":[[[[31.55234156,49.540331072],[31.552590178,49.540527956],[31.554121258,49.539394089],[31.55403418,49.539323972],[31.553919857,49.539291827],[31.553769614,49.539273519],[31.55234156,49.540331072]]]]},"id":"68"},{"type":"Feature","properties":{"id":"69"},"geometry":{"type":"MultiPolygon","coordinates":[[[[31.567271403,49.531836795],[31.567175246,49.532396092],[31.57016472,49.532605752],[31.570191877,49.532448804],[31.570261672,49.532046641],[31.567271403,49.531836795]]]]},"id":"69"},{"type":"Feature","properties":{"id":"70"},"geometry":{"type":"MultiPolygon","coordinates":[[[[31.570191877,49.532448804],[31.57016472,49.532605752],[31.570088579,49.533044549],[31.572935165,49.533244172],[31.573038442,49.532648424],[31.570191877,49.532448804]]]]},"id":"70"},{"type":"Feature","properties":{"id":"71"},"geometry":{"type":"MultiPolygon","coordinates":[[[[31.570261672,49.532046641],[31.57029531,49.531853059],[31.570380475,49.531361469],[31.569853018,49.531362974],[31.567761667,49.531386322],[31.567348184,49.531394592],[31.567271403,49.531836795],[31.570261672,49.532046641]]]]},"id":"71"},{"type":"Feature","properties":{"id":"72"},"geometry":{"type":"MultiPolygon","coordinates":[[[[31.573009452,49.552655256],[31.572287213,49.552932869],[31.573608388,49.554864908],[31.573951425,49.554733051],[31.574330648,49.554587279],[31.573009452,49.552655256]]]]},"id":"72"},{"type":"Feature","properties":{"id":"73"},"geometry":{"type":"MultiPolygon","coordinates":[[[[31.592320968,49.532626141],[31.592498805,49.53155676],[31.592580296,49.531132105],[31.591109476,49.531149337],[31.589553976,49.53117369],[31.589538142154634,49.53126519522592],[31.589356343,49.532315829],[31.592320968,49.532626141]]]]},"id":"73"},{"type":"Feature","properties":{"id":"74"},"geometry":{"type":"MultiPolygon","coordinates":[[[[31.576121771,49.551406538],[31.578646931,49.550435746],[31.578394346,49.550066345],[31.575869213,49.551037132],[31.576121771,49.551406538]]]]},"id":"74"},{"type":"Feature","properties":{"id":"75"},"geometry":{"type":"MultiPolygon","coordinates":[[[[31.589182128,49.552105158],[31.59227381,49.55236486],[31.592366137,49.551767479],[31.589281804,49.551508385],[31.589248378,49.551708176],[31.589730723,49.551750817],[31.589682383,49.552054611],[31.589196743,49.552017609],[31.589182128,49.552105158]]]]},"id":"75"},{"type":"Feature","properties":{"id":"76"},"geometry":{"type":"MultiPolygon","coordinates":[[[[31.575471248,49.554148819],[31.575550461,49.554118431],[31.575397498,49.553515774],[31.575390721,49.553296242],[31.575441612,49.552957315],[31.575466774,49.552692995],[31.575521474,49.552621228],[31.57501701,49.551883509],[31.574248718,49.55217884],[31.575471248,49.554148819]]]]},"id":"76"},{"type":"Feature","properties":{"id":"77"},"geometry":{"type":"MultiPolygon","coordinates":[[[[31.586020203,49.54914366],[31.58551348,49.549083362],[31.585176075,49.549043204],[31.584846565,49.551038022],[31.585690865,49.551138381],[31.586020203,49.54914366]]]]},"id":"77"},{"type":"Feature","properties":{"id":"78"},"geometry":{"type":"MultiPolygon","coordinates":[[[[31.596223216,49.549228951],[31.596132909,49.549787151],[31.599219272,49.549766805],[31.599313137,49.549208635],[31.596223216,49.549228951]]]]},"id":"78"},{"type":"Feature","properties":{"id":"79"},"geometry":{"type":"MultiPolygon","coordinates":[[[[31.613580537,49.465036661],[31.613463578,49.465035589],[31.61313836,49.465597043],[31.613554046,49.466285198],[31.613831334,49.466599234],[31.61401939,49.466613803],[31.614113204,49.466192371],[31.61415351,49.465946222],[31.614029854,49.465657463],[31.613580537,49.465036661]]]]},"id":"79"},{"type":"Feature","properties":{"id":"80"},"geometry":{"type":"MultiPolygon","coordinates":[[[[31.59510248,49.452894051],[31.595158413,49.452882981],[31.596546802,49.451466613],[31.596357384,49.451372066],[31.594937071,49.452821096],[31.59510248,49.452894051]]]]},"id":"80"},{"type":"Feature","properties":{"id":"81"},"geometry":{"type":"MultiPolygon","coordinates":[[[[31.595511923,49.450915881],[31.595795086,49.451057377],[31.596487164,49.450351374],[31.596357193,49.45028652],[31.596203865,49.450209969],[31.595511923,49.450915881]]]]},"id":"81"},{"type":"Feature","properties":{"id":"82"},"geometry":{"type":"MultiPolygon","coordinates":[[[[31.621774583,49.465121719],[31.622418377,49.466500581],[31.622546437,49.466437264],[31.621918853,49.465093136],[31.621774583,49.465121719]]]]},"id":"82"},{"type":"Feature","properties":{"id":"83"},"geometry":{"type":"MultiPolygon","coordinates":[[[[31.552268131,49.518170347],[31.552469097,49.518169843],[31.552804617,49.515719475],[31.552164024,49.515724556],[31.551829115,49.518169626],[31.552268131,49.518170347]]]]},"id":"83"},{"type":"Feature","properties":{"id":"84"},"geometry":{"type":"MultiPolygon","coordinates":[[[[31.624141065,49.463047429],[31.624185177,49.462591722],[31.623492403,49.462677016],[31.623633141,49.463162449],[31.624141065,49.463047429]]]]},"id":"84"},{"type":"Feature","properties":{"id":"85"},"geometry":{"type":"MultiPolygon","coordinates":[[[[31.617778334,49.462464016],[31.617901663,49.462448857],[31.618128393,49.462420915],[31.617894421,49.461613673],[31.617544368,49.461656773],[31.617778334,49.462464016]]]]},"id":"85"},{"type":"Feature","properties":{"id":"86"},"geometry":{"type":"MultiPolygon","coordinates":[[[[31.513134394,49.463058671],[31.513113215,49.462938451],[31.510679304,49.463228017],[31.510679553,49.463228916],[31.510701719,49.463348067],[31.513134394,49.463058671]]]]},"id":"86"},{"type":"Feature","properties":{"id":"87"},"geometry":{"type":"MultiPolygon","coordinates":[[[[31.513652057,49.466102311],[31.513631068,49.465979583],[31.511243473,49.466263715],[31.511246084,49.466277759],[31.51126625,49.466386192],[31.513652057,49.466102311]]]]},"id":"87"},{"type":"Feature","properties":{"id":"88"},"geometry":{"type":"MultiPolygon","coordinates":[[[[31.593045937,49.547801797],[31.592957984,49.548372599],[31.596034564,49.548630909],[31.596125232,49.54806031],[31.593045937,49.547801797]]]]},"id":"88"},{"type":"Feature","properties":{"id":"89"},"geometry":{"type":"MultiPolygon","coordinates":[[[[31.572236459,49.548159325],[31.572782301,49.547750193],[31.570917744,49.54600701],[31.570670486,49.546192216],[31.570371768,49.546416223],[31.572236459,49.548159325]]]]},"id":"89"},{"type":"Feature","properties":{"id":"90"},"geometry":{"type":"MultiPolygon","coordinates":[[[[31.60862375,49.545350391],[31.608626835,49.545158095],[31.608596934,49.545039718],[31.607595787,49.545063911],[31.605732716,49.545078652],[31.605685671,49.545369973],[31.60862375,49.545350391]]]]},"id":"90"},{"type":"Feature","properties":{"id":"91"},"geometry":{"type":"MultiPolygon","coordinates":[[[[31.606088506,49.544519267],[31.606047365,49.544842905],[31.606441447,49.544835792],[31.606579129,49.54481771],[31.607134906,49.544816605],[31.608642861,49.544869509],[31.608708813,49.544494984],[31.606088506,49.544519267]]]]},"id":"91"},{"type":"Feature","properties":{"id":"92"},"geometry":{"type":"MultiPolygon","coordinates":[[[[31.568955583,49.536699578],[31.568797557,49.536923632],[31.568571814,49.537243698],[31.571173927,49.538211326],[31.571333398,49.537654703],[31.571347906,49.537589175],[31.568955583,49.536699578]]]]},"id":"92"},{"type":"Feature","properties":{"id":"93"},"geometry":{"type":"MultiPolygon","coordinates":[[[[31.5592863,49.556913069],[31.559891287,49.557416648],[31.559993763,49.557500024],[31.562289334,49.556252134],[31.561879084,49.555922064],[31.561271398,49.556136878],[31.561088374,49.556009246],[31.561065934,49.555946932],[31.5592863,49.556913069]]]]},"id":"93"},{"type":"Feature","properties":{"id":"94"},"geometry":{"type":"MultiPolygon","coordinates":[[[[31.544760713,49.530557739],[31.545577406,49.53077731],[31.546102404,49.530028076],[31.545463613,49.529554619],[31.544760713,49.530557739]]]]},"id":"94"},{"type":"Feature","properties":{"id":"95"},"geometry":{"type":"MultiPolygon","coordinates":[[[[31.545934186,49.526844189],[31.546013752,49.526730563],[31.546171875,49.526504929],[31.544057961,49.525944295],[31.54382026,49.526283639],[31.545934186,49.526844189]]]]},"id":"95"},{"type":"Feature","properties":{"id":"96"},"geometry":{"type":"MultiPolygon","coordinates":[[[[31.553088503,49.542197683],[31.553083878,49.542201156],[31.55274353,49.54245318],[31.552738339,49.542457004],[31.554017865,49.543507599],[31.554368292,49.543248553],[31.553088503,49.542197683]]]]},"id":"96"},{"type":"Feature","properties":{"id":"97"},"geometry":{"type":"MultiPolygon","coordinates":[[[[31.557495023,49.546873404],[31.55712494,49.547147502],[31.557332941,49.547318231],[31.558187386,49.548014206],[31.558553963,49.547742688],[31.557495023,49.546873404]]]]},"id":"97"},{"type":"Feature","properties":{"id":"98"},"geometry":{"type":"MultiPolygon","coordinates":[[[[31.545792648,49.523468291],[31.545581552,49.523769551],[31.547695514,49.524330158],[31.547849939,49.524109703],[31.547906475,49.524028795],[31.545792648,49.523468291]]]]},"id":"98"},{"type":"Feature","properties":{"id":"99"},"geometry":{"type":"MultiPolygon","coordinates":[[[[31.570550708,49.553617461],[31.570034264,49.553135785],[31.569356008,49.55350455],[31.568547323,49.553944274],[31.56775565,49.554374784],[31.567962069,49.554552139],[31.568299181,49.554841771],[31.570550708,49.553617461]]]]},"id":"99"},{"type":"Feature","properties":{"id":"100"},"geometry":{"type":"MultiPolygon","coordinates":[[[[31.6288,49.528473],[31.628195,49.52848],[31.627893,49.530497],[31.628498,49.530492],[31.6288,49.528473]]]]},"id":"100"},{"type":"Feature","properties":{"id":"101"},"geometry":{"type":"MultiPolygon","coordinates":[[[[31.599171,49.50055],[31.599085,49.501307],[31.601892,49.501478],[31.601979,49.500721],[31.599171,49.50055]]]]},"id":"101"},{"type":"Feature","properties":{"id":"102"},"geometry":{"type":"MultiPolygon","coordinates":[[[[31.606953,49.499798],[31.610912,49.500016],[31.610997,49.499343],[31.607038,49.499125],[31.606953,49.499798]]]]},"id":"102"},{"type":"Feature","properties":{"id":"103"},"geometry":{"type":"MultiPolygon","coordinates":[[[[31.624054,49.465214],[31.624078,49.465079],[31.624089,49.464663],[31.62349,49.464781],[31.623814,49.465474],[31.624054,49.465214]]]]},"id":"103"},{"type":"Feature","properties":{"id":"104"},"geometry":{"type":"MultiPolygon","coordinates":[[[[31.613293,49.463016],[31.613542,49.463874],[31.613871,49.463834],[31.613623,49.462976],[31.613578,49.462981],[31.613293,49.463016]]]]},"id":"104"},{"type":"Feature","properties":{"id":"105"},"geometry":{"type":"MultiPolygon","coordinates":[[[[31.543375332,49.523316312],[31.543049698,49.52378099],[31.542893555,49.524003939],[31.5449579,49.524551415],[31.545439653,49.52386378],[31.543375332,49.523316312]]]]},"id":"105"},{"type":"Feature","properties":{"id":"106"},"geometry":{"type":"MultiPolygon","coordinates":[[[[31.541973156,49.525317418],[31.541661843,49.525761792],[31.541632016,49.52580417],[31.54369656,49.526351758],[31.544037683,49.52586491],[31.541973156,49.525317418]]]]},"id":"106"},{"type":"Feature","properties":{"id":"107"},"geometry":{"type":"MultiPolygon","coordinates":[[[[31.550701313,49.527179801],[31.550770772,49.527080652],[31.550837831,49.526984902],[31.549174195,49.525751911],[31.549037673,49.525946799],[31.550701313,49.527179801]]]]},"id":"107"},{"type":"Feature","properties":{"id":"108"},"geometry":{"type":"MultiPolygon","coordinates":[[[[31.539369475,49.524422023],[31.542094211,49.525144707],[31.542292988,49.524861054],[31.54255569,49.524486134],[31.539830846,49.52376346],[31.539369475,49.524422023]]]]},"id":"108"},{"type":"Feature","properties":{"id":"109"},"geometry":{"type":"MultiPolygon","coordinates":[[[[31.549267672,49.546434887],[31.549051274,49.546541722],[31.55045747,49.547682052],[31.550640263,49.547548058],[31.549267672,49.546434887]]]]},"id":"109"},{"type":"Feature","properties":{"id":"110"},"geometry":{"type":"MultiPolygon","coordinates":[[[[31.550172739,49.545987632],[31.549725449,49.546208646],[31.551027289,49.547264227],[31.551129327,49.547346973],[31.55150725,49.547069816],[31.550172739,49.545987632]]]]},"id":"110"},{"type":"Feature","properties":{"id":"111"},"geometry":{"type":"MultiPolygon","coordinates":[[[[31.549903485,49.541641516],[31.549589471,49.541382858],[31.547882146,49.542226853],[31.548118038,49.54241771],[31.548199803,49.542483752],[31.549903485,49.541641516]]]]},"id":"111"},{"type":"Feature","properties":{"id":"112"},"geometry":{"type":"MultiPolygon","coordinates":[[[[31.601273414,49.451638326],[31.601632723,49.451817802],[31.602150882,49.451289171],[31.601849335,49.451050618],[31.601273414,49.451638326]]]]},"id":"112"},{"type":"Feature","properties":{"id":"113"},"geometry":{"type":"MultiPolygon","coordinates":[[[[31.545463613,49.529554619],[31.544956495,49.529178724],[31.544111933,49.530384143],[31.54436933,49.53045245],[31.544760713,49.530557739],[31.545463613,49.529554619]]]]},"id":"113"},{"type":"Feature","properties":{"id":"114"},"geometry":{"type":"MultiPolygon","coordinates":[[[[31.613107977,49.440690238],[31.612407342,49.440829538],[31.612990726,49.442076821],[31.613166482,49.442041935],[31.613671047,49.441941502],[31.613691391,49.441937517],[31.613107977,49.440690238]]]]},"id":"114"},{"type":"Feature","properties":{"id":"115"},"geometry":{"type":"MultiPolygon","coordinates":[[[[31.551144219,49.545506479],[31.550644319,49.545754404],[31.551905755,49.546777445],[31.552328805,49.546467115],[31.551144219,49.545506479]]]]},"id":"115"},{"type":"Feature","properties":{"id":"116"},"geometry":{"type":"MultiPolygon","coordinates":[[[[31.547592773,49.527900866],[31.547841257,49.527546314],[31.546262227,49.526376014],[31.546171875,49.526504929],[31.546013752,49.526730563],[31.547592773,49.527900866]]]]},"id":"116"},{"type":"Feature","properties":{"id":"117"},"geometry":{"type":"MultiPolygon","coordinates":[[[[31.619517543,49.5215222],[31.61933691,49.52271263],[31.620491057,49.522903489],[31.620639095,49.522927989],[31.620696307,49.522941281],[31.620763705,49.52295699],[31.621070845,49.523028474],[31.621610597,49.523299074],[31.62199501,49.52339029],[31.622392198,49.52336975],[31.623010181,49.523244424],[31.622995885,49.522924128],[31.620863284,49.522764979],[31.619479036,49.522458897],[31.619488793,49.522223129],[31.620366758,49.521817465],[31.620243533,49.521534829],[31.619517543,49.5215222]]]]},"id":"117"},{"type":"Feature","properties":{"id":"118"},"geometry":{"type":"MultiPolygon","coordinates":[[[[31.616991955,49.525073416],[31.616948682,49.525213075],[31.616844275,49.525549909],[31.617962805,49.525466012],[31.618174309,49.525303264],[31.618220246,49.525267917],[31.618225017,49.525264262],[31.618521869,49.524794125],[31.618538366,49.524767908],[31.618687643,49.524531494],[31.618475753,49.524531854],[31.618269402,49.524532173],[31.617709021,49.524533022],[31.617356947,49.524762672],[31.616991955,49.525073416]]]]},"id":"118"},{"type":"Feature","properties":{"id":"119"},"geometry":{"type":"MultiPolygon","coordinates":[[[[31.62880396,49.487433687],[31.630441401,49.489797621],[31.631565486,49.489796989],[31.631565062,49.489602411],[31.632037801,49.489602098],[31.632039159,49.490493604],[31.635377105,49.490491463],[31.635547493,49.48880181],[31.633856287,49.488105623],[31.633329812,49.487538721],[31.631517755,49.487070253],[31.631465058,49.487404966],[31.631812335,49.487559527],[31.632018472,49.487774084],[31.631811821,49.488619703],[31.631930739,49.488779387],[31.631601646,49.488883286],[31.631419371,49.488638427],[31.631189644,49.488438983],[31.631157278,49.487646775],[31.631371495,49.487419638],[31.631380781,49.486901804],[31.630728294,49.486851939],[31.62880396,49.487433687]]]]},"id":"119"},{"type":"Feature","properties":{"id":"120"},"geometry":{"type":"MultiPolygon","coordinates":[[[[31.614792,49.436068],[31.614682,49.436058],[31.614587,49.437254],[31.614828,49.437255],[31.614922,49.436073],[31.614792,49.436068]]]]},"id":"120"},{"type":"Feature","properties":{"id":"121"},"geometry":{"type":"MultiPolygon","coordinates":[[[[31.616517167,49.442415378],[31.616339409,49.442501235],[31.618085414,49.443278036],[31.618241155,49.44318247],[31.616517167,49.442415378]]]]},"id":"121"},{"type":"Feature","properties":{"id":"122"},"geometry":{"type":"MultiPolygon","coordinates":[[[[31.616163854,49.442586028],[31.615988312,49.44267083],[31.617739522,49.443450014],[31.617925596,49.443369874],[31.616163854,49.442586028]]]]},"id":"122"},{"type":"Feature","properties":{"id":"123"},"geometry":{"type":"MultiPolygon","coordinates":[[[[31.617960337,49.443354859],[31.618085414,49.443278036],[31.616339409,49.442501235],[31.616163854,49.442586028],[31.617925596,49.443369874],[31.617960337,49.443354859]]]]},"id":"123"},{"type":"Feature","properties":{"id":"124"},"geometry":{"type":"MultiPolygon","coordinates":[[[[31.651398558,49.453530972],[31.651216713,49.453518658],[31.651107013,49.453465528],[31.649876745,49.45345648],[31.649930234,49.453561978],[31.649960542,49.453668126],[31.651333677,49.453678218],[31.651398558,49.453530972]]]]},"id":"124"},{"type":"Feature","properties":{"id":"125"},"geometry":{"type":"MultiPolygon","coordinates":[[[[31.598812,49.446684],[31.598923,49.446906],[31.598988,49.447037],[31.601445,49.446518],[31.60127,49.446165],[31.598812,49.446684]]]]},"id":"125"},{"type":"Feature","properties":{"id":"126"},"geometry":{"type":"MultiPolygon","coordinates":[[[[31.526120657,49.489671213],[31.528347271,49.489274109],[31.528278925,49.489156736],[31.526042613,49.489555558],[31.526120657,49.489671213]]]]},"id":"126"},{"type":"Feature","properties":{"id":"127"},"geometry":{"type":"MultiPolygon","coordinates":[[[[31.588414273,49.537758318],[31.591394242,49.538070215],[31.591489378,49.537521229],[31.588509304,49.537209344],[31.588414273,49.537758318]]]]},"id":"127"},{"type":"Feature","properties":{"id":"128"},"geometry":{"type":"MultiPolygon","coordinates":[[[[31.525887467,49.489325867],[31.528143035,49.488923518],[31.528075615,49.488807772],[31.525810364,49.48921174],[31.525887467,49.489325867]]]]},"id":"128"},{"type":"Feature","properties":{"id":"129"},"geometry":{"type":"MultiPolygon","coordinates":[[[[31.524499681,49.487494462],[31.522420891,49.487859123],[31.522497395,49.487981875],[31.524581875,49.487616178],[31.524499681,49.487494462]]]]},"id":"129"},{"type":"Feature","properties":{"id":"130"},"geometry":{"type":"MultiPolygon","coordinates":[[[[31.523615387,49.489911812],[31.521466938,49.490053774],[31.521537483,49.490184836],[31.523689126,49.490042628],[31.523615387,49.489911812]]]]},"id":"130"},{"type":"Feature","properties":{"id":"131"},"geometry":{"type":"MultiPolygon","coordinates":[[[[31.524669621,49.493299346],[31.523266148,49.493392153],[31.523379572,49.493602606],[31.524671924,49.49351714],[31.524669621,49.493299346]]]]},"id":"131"},{"type":"Feature","properties":{"id":"132"},"geometry":{"type":"MultiPolygon","coordinates":[[[[31.515601,49.454554],[31.515714,49.454418],[31.514519,49.45389],[31.514464,49.453923],[31.514229,49.454062],[31.515601,49.454554]]]]},"id":"132"},{"type":"Feature","properties":{"id":"133"},"geometry":{"type":"MultiPolygon","coordinates":[[[[31.602106,49.452088],[31.601824,49.451947],[31.601121,49.452665],[31.601277,49.452743],[31.601402,49.452806],[31.602106,49.452088]]]]},"id":"133"},{"type":"Feature","properties":{"id":"134"},"geometry":{"type":"MultiPolygon","coordinates":[[[[31.589972584,49.448183395],[31.589688226,49.448041337],[31.588993715,49.448749703],[31.58930942,49.448859819],[31.589972584,49.448183395]]]]},"id":"134"},{"type":"Feature","properties":{"id":"135"},"geometry":{"type":"MultiPolygon","coordinates":[[[[31.618260902,49.45510646],[31.618282772,49.455448754],[31.619091546766203,49.455322909233594],[31.619101457602383,49.45529713942701],[31.619114708476072,49.45521222057507],[31.619038581848084,49.455014278126704],[31.619038581848084,49.45498638121897],[31.61903812785648,49.45498549587296],[31.618260902,49.45510646]]]]},"id":"135"},{"type":"Feature","properties":{"id":"136"},"geometry":{"type":"MultiPolygon","coordinates":[[[[31.62935453,49.463217257],[31.629556775,49.464915735],[31.629716945,49.464907589],[31.629514694,49.463209201],[31.629392916,49.463215388],[31.62935453,49.463217257]]]]},"id":"136"},{"type":"Feature","properties":{"id":"137"},"geometry":{"type":"MultiPolygon","coordinates":[[[[31.558753631,49.541308755],[31.558678029,49.541554593],[31.559324249,49.542109307],[31.560365589,49.543106555],[31.561163584,49.543488154],[31.561236325,49.543448734],[31.561317885,49.543367933],[31.561319833,49.543323444],[31.561077771,49.543048685],[31.560763108,49.542711466],[31.560467684,49.54243061],[31.560336017,49.5423149],[31.560293207,49.54227733],[31.56026196,49.542249824],[31.560148543,49.542176164],[31.559856745,49.54200925],[31.558753631,49.541308755]]]]},"id":"137"},{"type":"Feature","properties":{"id":"138"},"geometry":{"type":"MultiPolygon","coordinates":[[[[31.62011,49.465452],[31.620501,49.46629],[31.620517,49.466287],[31.620747,49.466241],[31.620766,49.466237],[31.620375,49.465399],[31.62011,49.465452]]]]},"id":"138"},{"type":"Feature","properties":{"id":"139"},"geometry":{"type":"MultiPolygon","coordinates":[[[[31.615128,49.463707],[31.615467,49.464877],[31.615711,49.464861],[31.615368,49.463677],[31.615128,49.463707]]]]},"id":"139"},{"type":"Feature","properties":{"id":"140"},"geometry":{"type":"MultiPolygon","coordinates":[[[[31.513771217,49.453321786],[31.513464593,49.453480931],[31.514464261,49.453922582],[31.514519393,49.453889964],[31.514748869,49.453753816],[31.513771217,49.453321786]]]]},"id":"140"},{"type":"Feature","properties":{"id":"141"},"geometry":{"type":"MultiPolygon","coordinates":[[[[31.554569589,49.550136404],[31.554747438,49.550280458],[31.554905951,49.550409073],[31.556543892,49.549207629],[31.55620753,49.548934956],[31.554569589,49.550136404]]]]},"id":"141"},{"type":"Feature","properties":{"id":"142"},"geometry":{"type":"MultiPolygon","coordinates":[[[[31.558150724,49.542550224],[31.558353961,49.542399745],[31.558593076,49.542222589],[31.558053847,49.541924982],[31.557674067,49.541742606],[31.55747846,49.541682651],[31.557267254,49.541586253],[31.556976575,49.541383735],[31.556846918,49.541479788],[31.558150724,49.542550224]]]]},"id":"142"},{"type":"Feature","properties":{"id":"143"},"geometry":{"type":"MultiPolygon","coordinates":[[[[31.54468425,49.539639823],[31.544575574,49.539551886],[31.544407583,49.539415986],[31.542452476,49.540382393],[31.54272523,49.540608259],[31.54468425,49.539639823]]]]},"id":"143"},{"type":"Feature","properties":{"id":"144"},"geometry":{"type":"MultiPolygon","coordinates":[[[[31.584861343,49.557922963],[31.586148699,49.559804505],[31.586867549,49.559457811],[31.585618253,49.557631967],[31.584861343,49.557922963]]]]},"id":"144"},{"type":"Feature","properties":{"id":"145"},"geometry":{"type":"MultiPolygon","coordinates":[[[[31.566557852,49.531410332],[31.56641082,49.531413275],[31.56511204,49.53143353],[31.563804405,49.531453883],[31.563758471,49.531718573],[31.567180672,49.531958705],[31.567278398,49.531396008],[31.566557852,49.531410332]]]]},"id":"145"},{"type":"Feature","properties":{"id":"146"},"geometry":{"type":"MultiPolygon","coordinates":[[[[31.522245913,49.491499185],[31.524307911,49.491362855],[31.524266063,49.491225118],[31.522172698,49.491363423],[31.522245913,49.491499185]]]]},"id":"146"},{"type":"Feature","properties":{"id":"147"},"geometry":{"type":"MultiPolygon","coordinates":[[[[31.565924127,49.549276847],[31.565487892,49.54885442],[31.563178359,49.55011025],[31.563667228,49.550503984],[31.565924127,49.549276847]]]]},"id":"147"},{"type":"Feature","properties":{"id":"148"},"geometry":{"type":"MultiPolygon","coordinates":[[[[31.614035623,49.451023683],[31.613751197,49.451033097],[31.613384353,49.450940469],[31.613083947,49.45070501],[31.612930576,49.450567431],[31.612874066,49.450504062],[31.612730649,49.450587748],[31.613100906,49.451033509],[31.613762682,49.45122273],[31.614219706,49.45095622],[31.614035623,49.451023683]]]]},"id":"148"},{"type":"Feature","properties":{"id":"149"},"geometry":{"type":"MultiPolygon","coordinates":[[[[31.572833323,49.534232311],[31.576255192,49.534472166],[31.576281536,49.534319973],[31.576337797,49.53399566],[31.572915962,49.533755808],[31.572833323,49.534232311]]]]},"id":"149"},{"type":"Feature","properties":{"id":"150"},"geometry":{"type":"MultiPolygon","coordinates":[[[[31.547841257,49.527546314],[31.548089585,49.527191852],[31.546510574,49.526021465],[31.546409561,49.52616558],[31.546262227,49.526376014],[31.547841257,49.527546314]]]]},"id":"150"},{"type":"Feature","properties":{"id":"151"},"geometry":{"type":"MultiPolygon","coordinates":[[[[31.549187085,49.529341461],[31.54936879,49.529082025],[31.549422778,49.529004966],[31.547759109,49.527771955],[31.547523411,49.528108447],[31.549187085,49.529341461]]]]},"id":"151"},{"type":"Feature","properties":{"id":"152"},"geometry":{"type":"MultiPolygon","coordinates":[[[[31.379125044,49.61840577],[31.379246439,49.618807068],[31.380697714,49.618621554],[31.381630991,49.618502286],[31.381509536,49.618100999],[31.379125044,49.61840577]]]]},"id":"152"},{"type":"Feature","properties":{"id":"153"},"geometry":{"type":"MultiPolygon","coordinates":[[[[31.527619992,49.49253944],[31.527315339,49.49255414],[31.526953225,49.493511287],[31.527234591,49.493558165],[31.527619992,49.49253944]]]]},"id":"153"},{"type":"Feature","properties":{"id":"154"},"geometry":{"type":"MultiPolygon","coordinates":[[[[31.527462674,49.493702061],[31.524738143,49.493247866],[31.524739176,49.49335532],[31.527424508,49.493802978],[31.527462674,49.493702061]]]]},"id":"154"},{"type":"Feature","properties":{"id":"155"},"geometry":{"type":"MultiPolygon","coordinates":[[[[31.573141703,49.532052676],[31.573263398,49.531351522],[31.572715333,49.531354771],[31.570380475,49.531361469],[31.57029531,49.531853059],[31.573141703,49.532052676]]]]},"id":"155"},{"type":"Feature","properties":{"id":"156"},"geometry":{"type":"MultiPolygon","coordinates":[[[[31.571025,49.43595],[31.571098,49.436027],[31.571182,49.436115],[31.57231,49.435452],[31.572154,49.435287],[31.571025,49.43595]]]]},"id":"156"},{"type":"Feature","properties":{"id":"157"},"geometry":{"type":"MultiPolygon","coordinates":[[[[31.596132909,49.549787151],[31.596100152,49.54998947],[31.596039938,49.550347655],[31.599125079,49.550327402],[31.599219272,49.549766805],[31.596132909,49.549787151]]]]},"id":"157"},{"type":"Feature","properties":{"id":"158"},"geometry":{"type":"MultiPolygon","coordinates":[[[[31.545568922,49.552850854],[31.545944242,49.553157771],[31.548134639,49.551491476],[31.547759317,49.551184475],[31.545568922,49.552850854]]]]},"id":"158"},{"type":"Feature","properties":{"id":"159"},"geometry":{"type":"MultiPolygon","coordinates":[[[[31.563481649,49.545996385],[31.563771234,49.54578186],[31.562717905,49.544855401],[31.562638668,49.544785708],[31.562306483,49.545031804],[31.563481649,49.545996385]]]]},"id":"159"},{"type":"Feature","properties":{"id":"160"},"geometry":{"type":"MultiPolygon","coordinates":[[[[31.548089585,49.527191852],[31.548337909,49.526837299],[31.546758904,49.525666915],[31.546647244,49.525826311],[31.546510574,49.526021465],[31.548089585,49.527191852]]]]},"id":"160"},{"type":"Feature","properties":{"id":"161"},"geometry":{"type":"MultiPolygon","coordinates":[[[[31.548173184,49.447428625],[31.548367195,49.447380225],[31.547771958,49.446163355],[31.547558711,49.446208623],[31.548157398,49.447432534],[31.548173184,49.447428625]]]]},"id":"161"},{"type":"Feature","properties":{"id":"162"},"geometry":{"type":"MultiPolygon","coordinates":[[[[31.61048,49.437162],[31.610524,49.437277],[31.611071,49.437188],[31.611361,49.437141],[31.611663,49.437092],[31.61198,49.43704],[31.612315,49.436986],[31.612844,49.4369],[31.612854,49.436777],[31.61048,49.437162]]]]},"id":"162"},{"type":"Feature","properties":{"id":"163"},"geometry":{"type":"MultiPolygon","coordinates":[[[[31.513113215,49.462938451],[31.513092036,49.462818231],[31.510657028,49.463107968],[31.510679304,49.463228017],[31.513113215,49.462938451]]]]},"id":"163"},{"type":"Feature","properties":{"id":"164"},"geometry":{"type":"MultiPolygon","coordinates":[[[[31.554208,49.445723],[31.554507,49.445623],[31.554114,49.444819],[31.553798,49.444886],[31.554208,49.445723]]]]},"id":"164"},{"type":"Feature","properties":{"id":"165"},"geometry":{"type":"MultiPolygon","coordinates":[[[[31.588024456,49.559086784],[31.587838689,49.559101418],[31.58783569940554,49.55910184123308],[31.587630644671734,49.55913087057073],[31.587547523,49.559142638],[31.587623945,49.559313807],[31.587759859,49.559408381],[31.587980595,49.559802061],[31.589287549,49.559239882],[31.58812255,49.558702186],[31.588024456,49.559086784]]]]},"id":"165"},{"type":"Feature","properties":{"id":"166"},"geometry":{"type":"MultiPolygon","coordinates":[[[[31.604191486,49.5357029],[31.604167081,49.535888832],[31.604116056,49.536277305],[31.607106651,49.536249632],[31.607182184,49.535675216],[31.604191486,49.5357029]]]]},"id":"166"},{"type":"Feature","properties":{"id":"167"},"geometry":{"type":"MultiPolygon","coordinates":[[[[31.584824476,49.549001401],[31.585176075,49.549043204],[31.58551348,49.549083362],[31.585865867,49.546949639],[31.585176879,49.54686767],[31.584824476,49.549001401]]]]},"id":"167"},{"type":"Feature","properties":{"id":"168"},"geometry":{"type":"MultiPolygon","coordinates":[[[[31.601419252,49.533572032],[31.601343153,49.534151201],[31.604399115,49.53412302],[31.604419331,49.533969423],[31.604475191,49.533543848],[31.601419252,49.533572032]]]]},"id":"168"},{"type":"Feature","properties":{"id":"169"},"geometry":{"type":"MultiPolygon","coordinates":[[[[31.545439653,49.52386378],[31.546017435,49.523039188],[31.545226505,49.52258066],[31.544267821,49.52204251],[31.543607339,49.522985188],[31.543375332,49.523316312],[31.545439653,49.52386378]]]]},"id":"169"},{"type":"Feature","properties":{"id":"170"},"geometry":{"type":"MultiPolygon","coordinates":[[[[31.595527877,49.532835134],[31.598202219,49.533075762],[31.598296185,49.532398998],[31.595638833,49.532159941],[31.595527877,49.532835134]]]]},"id":"170"},{"type":"Feature","properties":{"id":"171"},"geometry":{"type":"MultiPolygon","coordinates":[[[[31.631085932,49.467512898],[31.630290684,49.46755314],[31.630335255,49.467926974],[31.63113051,49.467886741],[31.631085932,49.467512898]]]]},"id":"171"},{"type":"Feature","properties":{"id":"172"},"geometry":{"type":"MultiPolygon","coordinates":[[[[31.524765986,49.487665393],[31.527155833,49.487239199],[31.527090492,49.487130393],[31.524693447,49.487557963],[31.524765986,49.487665393]]]]},"id":"172"},{"type":"Feature","properties":{"id":"173"},"geometry":{"type":"MultiPolygon","coordinates":[[[[31.54545866,49.527522795],[31.545517053,49.527439568],[31.545696494,49.527183447],[31.543582556,49.526622894],[31.543344862,49.526962148],[31.54545866,49.527522795]]]]},"id":"173"},{"type":"Feature","properties":{"id":"174"},"geometry":{"type":"MultiPolygon","coordinates":[[[[31.51462407,49.4676612],[31.514564095,49.467556027],[31.51197996,49.468018595],[31.511998177,49.468046268],[31.51204811,49.468122221],[31.51462407,49.4676612]]]]},"id":"174"},{"type":"Feature","properties":{"id":"175"},"geometry":{"type":"MultiPolygon","coordinates":[[[[31.641863337,49.466421551],[31.640986939,49.466639643],[31.640467659,49.466946615],[31.640031959,49.466845272],[31.639633123,49.46692359],[31.639024821,49.467255704],[31.637986339,49.467455391],[31.637502034,49.46756067],[31.63784258,49.467636215],[31.638959826,49.467611369],[31.640229783,49.46735072],[31.641270364,49.467213157],[31.641863337,49.466421551]]]]},"id":"175"},{"type":"Feature","properties":{"id":"176"},"geometry":{"type":"MultiPolygon","coordinates":[[[[31.61769718,49.460674546],[31.61761915,49.459618617],[31.617343468,49.45963063],[31.61742182,49.460691144],[31.61769718,49.460674546]]]]},"id":"176"},{"type":"Feature","properties":{"id":"177"},"geometry":{"type":"MultiPolygon","coordinates":[[[[31.525206315,49.488317388],[31.527546867,49.487899954],[31.527481992,49.487788631],[31.525132158,49.488207702],[31.525206315,49.488317388]]]]},"id":"177"},{"type":"Feature","properties":{"id":"178"},"geometry":{"type":"MultiPolygon","coordinates":[[[[31.611996,49.437962],[31.612297,49.437868],[31.61198,49.43704],[31.611663,49.437092],[31.611996,49.437962]]]]},"id":"178"},{"type":"Feature","properties":{"id":"179"},"geometry":{"type":"MultiPolygon","coordinates":[[[[31.524620596,49.501237643],[31.523348264,49.50102554],[31.52355265061209,49.50114772613315],[31.524453646,49.501686358],[31.524457898139726,49.5016749294353],[31.524620596,49.501237643]]]]},"id":"179"},{"type":"Feature","properties":{"id":"180"},"geometry":{"type":"MultiPolygon","coordinates":[[[[31.520396785,49.485069727],[31.518835039,49.485172911],[31.518931699,49.485350509],[31.520516802,49.485245809],[31.520396785,49.485069727]]]]},"id":"180"},{"type":"Feature","properties":{"id":"181"},"geometry":{"type":"MultiPolygon","coordinates":[[[[31.570144419,49.520262173],[31.572009928,49.520248201],[31.572103501,49.519157674],[31.571092678,49.519128069],[31.570244419,49.519097403],[31.570144419,49.520262173]]]]},"id":"181"},{"type":"Feature","properties":{"id":"182"},"geometry":{"type":"MultiPolygon","coordinates":[[[[31.526261407,49.490104712],[31.524019071,49.490498048],[31.52408386,49.49061306],[31.526337421,49.490217742],[31.526261407,49.490104712]]]]},"id":"182"},{"type":"Feature","properties":{"id":"183"},"geometry":{"type":"MultiPolygon","coordinates":[[[[31.525132158,49.488207702],[31.527481992,49.487788631],[31.527417394,49.487677667],[31.525058414,49.488098456],[31.525132158,49.488207702]]]]},"id":"183"},{"type":"Feature","properties":{"id":"184"},"geometry":{"type":"MultiPolygon","coordinates":[[[[31.570091406,49.434966924],[31.569037795,49.43558605],[31.569205418,49.435762738],[31.57025903,49.43514352],[31.570242268,49.435125934],[31.570091406,49.434966924]]]]},"id":"184"},{"type":"Feature","properties":{"id":"185"},"geometry":{"type":"MultiPolygon","coordinates":[[[[31.543226789,49.446872541],[31.543555828,49.446830123],[31.543290253,49.445991352],[31.54296953,49.446060092],[31.543226789,49.446872541]]]]},"id":"185"},{"type":"Feature","properties":{"id":"186"},"geometry":{"type":"MultiPolygon","coordinates":[[[[31.523168119,49.484221554],[31.523587407,49.484151815],[31.522943019,49.483541519],[31.522581032,49.483665596],[31.523168119,49.484221554]]]]},"id":"186"},{"type":"Feature","properties":{"id":"187"},"geometry":{"type":"MultiPolygon","coordinates":[[[[31.618893386,49.458397937],[31.618787841,49.458398926],[31.618871873,49.459537173],[31.619129472,49.459526002],[31.619046206,49.458398832],[31.618893386,49.458397937]]]]},"id":"187"},{"type":"Feature","properties":{"id":"188"},"geometry":{"type":"MultiPolygon","coordinates":[[[[31.518949,49.480567],[31.518838,49.480473],[31.51671,49.481183],[31.516771,49.481293],[31.518949,49.480567]]]]},"id":"188"},{"type":"Feature","properties":{"id":"189"},"geometry":{"type":"MultiPolygon","coordinates":[[[[31.620739,49.459456],[31.620662,49.458408],[31.620523,49.458407],[31.620601,49.459462],[31.620739,49.459456]]]]},"id":"189"},{"type":"Feature","properties":{"id":"190"},"geometry":{"type":"MultiPolygon","coordinates":[[[[31.61158,49.448161],[31.611808,49.448337],[31.612453,49.447961],[31.612149,49.447829],[31.61158,49.448161]]]]},"id":"190"},{"type":"Feature","properties":{"id":"191"},"geometry":{"type":"MultiPolygon","coordinates":[[[[31.630155,49.463177],[31.630357,49.464875],[31.630517,49.464867],[31.630315,49.463169],[31.630155,49.463177]]]]},"id":"191"},{"type":"Feature","properties":{"id":"192"},"geometry":{"type":"MultiPolygon","coordinates":[[[[31.637439,49.462808],[31.637634,49.462798],[31.637457,49.461316],[31.637262,49.461326],[31.637439,49.462808]]]]},"id":"192"},{"type":"Feature","properties":{"id":"193"},"geometry":{"type":"MultiPolygon","coordinates":[[[[31.592949,49.449636],[31.59323,49.449776],[31.593922,49.44907],[31.593861,49.44904],[31.593640944411113,49.448930056713515],[31.593641,49.44893],[31.592949,49.449636]]]]},"id":"193"},{"type":"Feature","properties":{"id":"194"},"geometry":{"type":"MultiPolygon","coordinates":[[[[31.520059914,49.481843152],[31.519904025,49.481695363],[31.518481963,49.482182579],[31.518637988,49.482330379],[31.520059914,49.481843152]]]]},"id":"194"},{"type":"Feature","properties":{"id":"195"},"geometry":{"type":"MultiPolygon","coordinates":[[[[31.520835909,49.482578042],[31.520681078,49.482431431],[31.519259155,49.482918666],[31.519413969,49.483065279],[31.520835909,49.482578042]]]]},"id":"195"},{"type":"Feature","properties":{"id":"196"},"geometry":{"type":"MultiPolygon","coordinates":[[[[31.513161853,49.474710827],[31.513212309,49.474802344],[31.515944388,49.474038351],[31.51592121,49.474003181],[31.515885594,49.473949103],[31.513161853,49.474710827]]]]},"id":"196"},{"type":"Feature","properties":{"id":"197"},"geometry":{"type":"MultiPolygon","coordinates":[[[[31.598741866,49.448570395],[31.598324319,49.448996488],[31.598332257,49.449000329],[31.598587946,49.449128112],[31.598720236,49.449194059],[31.59907073,49.44883641],[31.598741866,49.448570395]]]]},"id":"197"},{"type":"Feature","properties":{"id":"198"},"geometry":{"type":"MultiPolygon","coordinates":[[[[31.613152298,49.449522246],[31.613300946,49.449286376],[31.613299829,49.449256068],[31.612307457,49.449834697],[31.612313887,49.450035799],[31.613099014,49.449578125],[31.613152298,49.449522246]]]]},"id":"198"},{"type":"Feature","properties":{"id":"199"},"geometry":{"type":"MultiPolygon","coordinates":[[[[31.6320416,49.455671582],[31.631958721,49.45581123],[31.633095426,49.456506612],[31.633251283,49.456342252],[31.632063145,49.455615371],[31.6320416,49.455671582]]]]},"id":"199"},{"type":"Feature","properties":{"id":"200"},"geometry":{"type":"MultiPolygon","coordinates":[[[[31.625005742,49.460240277],[31.624936099,49.459300682],[31.624626464,49.459314169],[31.624696417,49.460258619],[31.625005742,49.460240277]]]]},"id":"200"},{"type":"Feature","properties":{"id":"201"},"geometry":{"type":"MultiPolygon","coordinates":[[[[31.601179516,49.511385478],[31.603439314,49.51140706],[31.603884371,49.511406824],[31.605405665,49.511406099],[31.606794052,49.511455395],[31.606863044,49.511457912],[31.607138349,49.511467674],[31.60714185,49.511306126],[31.607072857,49.511303349],[31.607070309,49.511420219],[31.605407599,49.511361159],[31.603439855,49.511362112],[31.60118532,49.511340571],[31.601179516,49.511385478]]]]},"id":"201"},{"type":"Feature","properties":{"id":"202"},"geometry":{"type":"MultiPolygon","coordinates":[[[[31.62798691,49.469447731],[31.627111371,49.468840498],[31.626974595,49.46866441],[31.627112765,49.468124612],[31.627367365,49.467593164],[31.627777908,49.466179293],[31.6285986,49.465308731],[31.628851283,49.464883802],[31.62485508,49.464629667],[31.624630231,49.464171291],[31.624405058,49.46308081],[31.624600903,49.462579399],[31.625037645,49.462292817],[31.6254174,49.461937386],[31.624600167,49.461977775],[31.624664609,49.461643149],[31.624700999,49.461567179],[31.628821875,49.46135759],[31.628888592,49.460253755],[31.625514421,49.460445268],[31.624883899,49.461126634],[31.624327683,49.462212102],[31.624297651,49.463217206],[31.624414789,49.465114302],[31.625743926,49.465188368],[31.626440956,49.465534143],[31.626794709,49.465928752],[31.626657405,49.466225335],[31.626223711,49.466984168],[31.625733375549263,49.46796804022988],[31.625733375549263,49.46801250945521],[31.62569046020502,49.46809617788629],[31.625669906766,49.4680953921748],[31.625618398,49.468198746],[31.62555933676224,49.46840287002861],[31.62556171417231,49.46840296091105],[31.625518798828068,49.46857029629664],[31.625518798828068,49.46867353985805],[31.625578826,49.46908959],[31.625795773,49.46934227],[31.625698316,49.469570098],[31.626007969,49.470638284],[31.626562797,49.471700492],[31.628737053,49.470311078],[31.62798691,49.469447731]]],[[[31.625510967282022,49.46857004182416],[31.625518798828068,49.46857029629664],[31.625510980133267,49.46856999740843],[31.625510967282022,49.46857004182416]]]]},"id":"202"},{"type":"Feature","properties":{"id":"203"},"geometry":{"type":"MultiPolygon","coordinates":[[[[31.549493517,49.548841838],[31.549786929,49.549082612],[31.551615723,49.547741371],[31.55132035,49.547501932],[31.549493517,49.548841838]]]]},"id":"203"},{"type":"Feature","properties":{"id":"204"},"geometry":{"type":"MultiPolygon","coordinates":[[[[31.553104729,49.531411331],[31.553313275,49.531113628],[31.551641998,49.529637034],[31.551433449,49.529934734],[31.553104729,49.531411331]]]]},"id":"204"},{"type":"Feature","properties":{"id":"205"},"geometry":{"type":"MultiPolygon","coordinates":[[[[31.544745566,49.528540666],[31.544771846,49.528503117],[31.544983272,49.528201319],[31.542869298,49.527640753],[31.542631581,49.527980095],[31.544745566,49.528540666]]]]},"id":"205"},{"type":"Feature","properties":{"id":"206"},"geometry":{"type":"MultiPolygon","coordinates":[[[[31.556967905,49.540016617],[31.557240503,49.539636355],[31.555185152,49.539012391],[31.555020885,49.539241492],[31.55543999,49.539368284],[31.556137061,49.539574386],[31.556967905,49.540016617]]]]},"id":"206"},{"type":"Feature","properties":{"id":"207"},"geometry":{"type":"MultiPolygon","coordinates":[[[[31.549368442,49.529741546],[31.549138352,49.52941093],[31.548951252,49.529677957],[31.548715553,49.530014451],[31.548479712,49.530350945],[31.548244021,49.530687439],[31.547768337,49.531366423],[31.548156709,49.531470858],[31.549368442,49.529741546]]]]},"id":"207"},{"type":"Feature","properties":{"id":"208"},"geometry":{"type":"MultiPolygon","coordinates":[[[[31.576638776,49.546601296],[31.577359299,49.547274741],[31.57867625,49.546287563],[31.578132591,49.545481559],[31.576638776,49.546601296]]]]},"id":"208"},{"type":"Feature","properties":{"id":"209"},"geometry":{"type":"MultiPolygon","coordinates":[[[[31.569151938,49.536421257],[31.568955583,49.536699578],[31.571347906,49.537589175],[31.571494594,49.536927695],[31.571498438,49.536892304],[31.569376266,49.53610315],[31.569151938,49.536421257]]]]},"id":"209"},{"type":"Feature","properties":{"id":"210"},"geometry":{"type":"MultiPolygon","coordinates":[[[[31.570077516,49.549777236],[31.57059845,49.549386885],[31.568733632,49.547643758],[31.568531346,49.547795333],[31.568212854,49.548034011],[31.570077516,49.549777236]]]]},"id":"210"},{"type":"Feature","properties":{"id":"211"},"geometry":{"type":"MultiPolygon","coordinates":[[[[31.560109808,49.551188773],[31.560019192,49.551244502],[31.560442726,49.551585568],[31.563169506,49.55010308],[31.562685681,49.549713522],[31.562412404,49.549493449],[31.560109808,49.551188773]]]]},"id":"211"},{"type":"Feature","properties":{"id":"212"},"geometry":{"type":"MultiPolygon","coordinates":[[[[31.567770743,49.552229311],[31.56696205,49.552669023],[31.568547323,49.553944274],[31.569356008,49.55350455],[31.567770743,49.552229311]]]]},"id":"212"},{"type":"Feature","properties":{"id":"213"},"geometry":{"type":"MultiPolygon","coordinates":[[[[31.56696205,49.552669023],[31.566256558,49.553052657],[31.566303817,49.553089359],[31.566523219,49.553135915],[31.566770773,49.55329391],[31.566885956,49.553501458],[31.566825524,49.553575597],[31.567539436,49.554188991],[31.56775565,49.554374784],[31.568547323,49.553944274],[31.56696205,49.552669023]]]]},"id":"213"},{"type":"Feature","properties":{"id":"214"},"geometry":{"type":"MultiPolygon","coordinates":[[[[31.55870193,49.541101265],[31.558905878,49.540834889],[31.559143207,49.540513128],[31.559526085,49.539993666],[31.558286777,49.539617457],[31.5576885,49.540452189],[31.55870193,49.541101265]]]]},"id":"214"},{"type":"Feature","properties":{"id":"215"},"geometry":{"type":"MultiPolygon","coordinates":[[[[31.538521021,49.525632762],[31.541245812,49.526355466],[31.541281613,49.52630433],[31.541632016,49.52580417],[31.541661843,49.525761792],[31.538937079,49.525039098],[31.538521021,49.525632762]]]]},"id":"215"},{"type":"Feature","properties":{"id":"216"},"geometry":{"type":"MultiPolygon","coordinates":[[[[31.617837709,49.534826481],[31.617816836,49.534573752],[31.617748268,49.534491229],[31.617680799,49.53446338],[31.616941489,49.534413678],[31.61695655,49.534444008],[31.61621629,49.534500389],[31.616295877,49.534943817],[31.616443768,49.534932636],[31.617416457,49.534858602],[31.617837709,49.534826481]]]]},"id":"216"},{"type":"Feature","properties":{"id":"217"},"geometry":{"type":"MultiPolygon","coordinates":[[[[31.613645363,49.536719466],[31.614589029,49.53664766],[31.614310101,49.535094963],[31.613439921,49.535161219],[31.613366465,49.535166767],[31.613645363,49.536719466]]]]},"id":"217"},{"type":"Feature","properties":{"id":"218"},"geometry":{"type":"MultiPolygon","coordinates":[[[[31.616045797,49.533551488],[31.61617277247861,49.534258186566085],[31.61621629,49.534500389],[31.61695655,49.534444008],[31.616941489,49.534413678],[31.616777579,49.534048999],[31.616538455,49.533557954],[31.616504663,49.533516511],[31.616045797,49.533551488]]]]},"id":"218"},{"type":"Feature","properties":{"id":"219"},"geometry":{"type":"MultiPolygon","coordinates":[[[[31.554837199,49.553659419],[31.554246992,49.553183715],[31.552201202,49.554740189],[31.552787072,49.555219188],[31.554837199,49.553659419]]]]},"id":"219"},{"type":"Feature","properties":{"id":"220"},"geometry":{"type":"MultiPolygon","coordinates":[[[[31.55148514,49.554154646],[31.552201202,49.554740189],[31.554246992,49.553183715],[31.554239509,49.553177721],[31.553532337,49.552597212],[31.55148514,49.554154646]]]]},"id":"220"},{"type":"Feature","properties":{"id":"221"},"geometry":{"type":"MultiPolygon","coordinates":[[[[31.515677996,49.46921124],[31.515606774,49.469109117],[31.513004715,49.469574884],[31.513072469,49.46967761],[31.515677996,49.46921124]]]]},"id":"221"},{"type":"Feature","properties":{"id":"222"},"geometry":{"type":"MultiPolygon","coordinates":[[[[31.513464593,49.453480931],[31.513182501,49.453627413],[31.513145453,49.453672599],[31.514220702,49.454058704],[31.514229474,49.454061841],[31.514464261,49.453922582],[31.513464593,49.453480931]]]]},"id":"222"},{"type":"Feature","properties":{"id":"223"},"geometry":{"type":"MultiPolygon","coordinates":[[[[31.524142358,49.497174791],[31.524155031,49.497120949],[31.522414314,49.497235987],[31.522350876,49.497405834],[31.524100172,49.497290247],[31.524142358,49.497174791]]]]},"id":"223"},{"type":"Feature","properties":{"id":"224"},"geometry":{"type":"MultiPolygon","coordinates":[[[[31.526513001,49.492565636],[31.525870178,49.491611622],[31.525608528,49.491657517],[31.526229617,49.49257925],[31.526513001,49.492565636]]]]},"id":"224"},{"type":"Feature","properties":{"id":"225"},"geometry":{"type":"MultiPolygon","coordinates":[[[[31.529199744,49.491752845],[31.527700119,49.492020321],[31.52782094,49.492199632],[31.529260727,49.491942805],[31.529199744,49.491752845]]]]},"id":"225"},{"type":"Feature","properties":{"id":"226"},"geometry":{"type":"MultiPolygon","coordinates":[[[[31.528855119,49.497567592],[31.52637334,49.497001021],[31.526332082,49.497111443],[31.528798473,49.497674655],[31.528855119,49.497567592]]]]},"id":"226"},{"type":"Feature","properties":{"id":"227"},"geometry":{"type":"MultiPolygon","coordinates":[[[[31.527227676,49.49471629],[31.52945168,49.495224132],[31.529479447,49.495097133],[31.527273589,49.494593495],[31.527227676,49.49471629]]]]},"id":"227"},{"type":"Feature","properties":{"id":"228"},"geometry":{"type":"MultiPolygon","coordinates":[[[[31.528571884,49.4981029],[31.526044037,49.497525769],[31.526003509,49.49763459],[31.528516243,49.498208264],[31.528571884,49.4981029]]]]},"id":"228"},{"type":"Feature","properties":{"id":"229"},"geometry":{"type":"MultiPolygon","coordinates":[[[[31.522522734,49.5004036],[31.524790259,49.500781609],[31.524837368,49.500655047],[31.522593513,49.500281018],[31.522522734,49.5004036]]]]},"id":"229"},{"type":"Feature","properties":{"id":"230"},"geometry":{"type":"MultiPolygon","coordinates":[[[[31.564324081,49.533605228],[31.564920665,49.533782957],[31.565783044,49.534091948],[31.566954244,49.534507094],[31.567091918,49.534554236],[31.567153133,49.534575141],[31.568592696,49.535067969],[31.568595308,49.535068794],[31.569693396,49.535487911],[31.569788129,49.535519332],[31.57106923,49.535944737],[31.571674535,49.536164918],[31.571260951,49.535863672],[31.569913539,49.535273169],[31.568253301,49.534658549],[31.566851898,49.534126539],[31.564478178,49.533326659],[31.564324081,49.533605228]]]]},"id":"230"},{"type":"Feature","properties":{"id":"231"},"geometry":{"type":"MultiPolygon","coordinates":[[[[31.604116056,49.536277305],[31.60409229,49.536458211],[31.604040611,49.536851809],[31.607031255,49.536824138],[31.607106651,49.536249632],[31.604116056,49.536277305]]]]},"id":"231"},{"type":"Feature","properties":{"id":"232"},"geometry":{"type":"MultiPolygon","coordinates":[[[[31.573640358,49.552412781],[31.573009452,49.552655256],[31.574330648,49.554587279],[31.574961573,49.554344796],[31.573640358,49.552412781]]]]},"id":"232"},{"type":"Feature","properties":{"id":"233"},"geometry":{"type":"MultiPolygon","coordinates":[[[[31.636286994,49.457729979],[31.635669674,49.457764331],[31.635910249,49.459600798],[31.636527508,49.459565789],[31.636286994,49.457729979]]]]},"id":"233"},{"type":"Feature","properties":{"id":"234"},"geometry":{"type":"MultiPolygon","coordinates":[[[[31.588487715,49.545124768],[31.588829679,49.543053072],[31.587954748,49.54297173],[31.587616505,49.545020251],[31.587873641,49.545050968],[31.588487715,49.545124768]]]]},"id":"234"},{"type":"Feature","properties":{"id":"235"},"geometry":{"type":"MultiPolygon","coordinates":[[[[31.549768635,49.540372355],[31.549850354,49.540311882],[31.55001143,49.540192545],[31.548473219,49.538974966],[31.548230286,49.539154675],[31.549768635,49.540372355]]]]},"id":"235"},{"type":"Feature","properties":{"id":"236"},"geometry":{"type":"MultiPolygon","coordinates":[[[[31.546028877,49.556634887],[31.545992154,49.556604377],[31.545607093,49.556285244],[31.543659739,49.557719905],[31.543895944,49.557918682],[31.544079574,49.558070985],[31.546028877,49.556634887]]]]},"id":"236"},{"type":"Feature","properties":{"id":"237"},"geometry":{"type":"MultiPolygon","coordinates":[[[[31.543394245,49.541238525],[31.54312978,49.541019374],[31.541112764,49.542016341],[31.541376106,49.542236027],[31.543394245,49.541238525]]]]},"id":"237"},{"type":"Feature","properties":{"id":"238"},"geometry":{"type":"MultiPolygon","coordinates":[[[[31.406415927,49.606313208],[31.407355827,49.60726958],[31.407856687,49.607011461],[31.408552066,49.606531811],[31.409194294,49.606132226],[31.409202346,49.606124616],[31.407739861,49.605432629],[31.407514559,49.605527565],[31.407551268,49.605845815],[31.406933256,49.606296265],[31.406415927,49.606313208]]]]},"id":"238"},{"type":"Feature","properties":{"id":"239"},"geometry":{"type":"MultiPolygon","coordinates":[[[[31.614274396,49.461032865],[31.613996929,49.460998558],[31.614295496,49.462029195],[31.614579608,49.461994235],[31.614300768,49.461031544],[31.614274396,49.461032865]]]]},"id":"239"},{"type":"Feature","properties":{"id":"240"},"geometry":{"type":"MultiPolygon","coordinates":[[[[31.622777796,49.459367509],[31.622761086,49.458441083],[31.622402578,49.45841795],[31.622473815,49.45938076],[31.622777796,49.459367509]]]]},"id":"240"},{"type":"Feature","properties":{"id":"241"},"geometry":{"type":"MultiPolygon","coordinates":[[[[31.446983704,49.577675554],[31.44565205,49.577636901],[31.445619538,49.577839662],[31.446914775,49.57796856],[31.446983704,49.577675554]]]]},"id":"241"},{"type":"Feature","properties":{"id":"242"},"geometry":{"type":"MultiPolygon","coordinates":[[[[31.642484645,49.465460305],[31.641850073,49.465103033],[31.641654371,49.464522535],[31.641956475,49.464183913],[31.641999985,49.46380147],[31.641441852,49.463594292],[31.64119356,49.463956062],[31.641171343,49.464169983],[31.641286516,49.464731815],[31.641519547,49.465212339],[31.642189454,49.465972694],[31.642484645,49.465460305]]]]},"id":"242"},{"type":"Feature","properties":{"id":"243"},"geometry":{"type":"MultiPolygon","coordinates":[[[[31.542362959,49.548779762],[31.54189318,49.5490163],[31.543364815,49.550239896],[31.543758717,49.549940236],[31.542362959,49.548779762]]]]},"id":"243"},{"type":"Feature","properties":{"id":"244"},"geometry":{"type":"MultiPolygon","coordinates":[[[[31.574961435,49.554344796],[31.575471248,49.554148819],[31.574248718,49.55217884],[31.573640358,49.552412781],[31.574961435,49.554344796]]]]},"id":"244"},{"type":"Feature","properties":{"id":"245"},"geometry":{"type":"MultiPolygon","coordinates":[[[[31.57300031,49.533269243],[31.572915962,49.533755808],[31.576337797,49.53399566],[31.57637252,49.533795252],[31.576422112,49.533509093],[31.57300031,49.533269243]]]]},"id":"245"},{"type":"Feature","properties":{"id":"246"},"geometry":{"type":"MultiPolygon","coordinates":[[[[31.586867549,49.559457811],[31.586892518,49.55944578],[31.587443988,49.559276872],[31.586961669,49.558508799],[31.586273525,49.557380081],[31.585618253,49.557631967],[31.586867549,49.559457811]]]]},"id":"246"},{"type":"Feature","properties":{"id":"247"},"geometry":{"type":"MultiPolygon","coordinates":[[[[31.562306483,49.545031804],[31.561995457,49.545262062],[31.563170623,49.546226746],[31.563198937,49.546205844],[31.563473242,49.546002612],[31.563481649,49.545996385],[31.562306483,49.545031804]]]]},"id":"247"},{"type":"Feature","properties":{"id":"248"},"geometry":{"type":"MultiPolygon","coordinates":[[[[31.544960379,49.539863291],[31.5448079,49.539739838],[31.54468425,49.539639823],[31.54272523,49.540608259],[31.542997309,49.540833683],[31.544960379,49.539863291]]]]},"id":"248"},{"type":"Feature","properties":{"id":"249"},"geometry":{"type":"MultiPolygon","coordinates":[[[[31.554050894,49.543550309],[31.553707311,49.543804828],[31.555011096,49.544875307],[31.555038999,49.544854668],[31.555354818,49.544620785],[31.554050894,49.543550309]]]]},"id":"249"},{"type":"Feature","properties":{"id":"250"},"geometry":{"type":"MultiPolygon","coordinates":[[[[31.537113208,49.52759815],[31.536874641,49.52799961],[31.539589094,49.528719569],[31.539863771,49.528327667],[31.537113208,49.52759815]]]]},"id":"250"},{"type":"Feature","properties":{"id":"251"},"geometry":{"type":"MultiPolygon","coordinates":[[[[31.540264217,49.527756176],[31.5401413,49.527931654],[31.539902141,49.528272781],[31.54196677,49.5288204],[31.542328828,49.528303699],[31.540264217,49.527756176]]]]},"id":"251"},{"type":"Feature","properties":{"id":"252"},"geometry":{"type":"MultiPolygon","coordinates":[[[[31.548686663,49.551866105],[31.549068537,49.552178368],[31.551118807,49.550618396],[31.550743736,49.550311494],[31.550737208,49.550306138],[31.548686663,49.551866105]]]]},"id":"252"},{"type":"Feature","properties":{"id":"253"},"geometry":{"type":"MultiPolygon","coordinates":[[[[31.556746484,49.543590223],[31.556674446,49.543643494],[31.556448902,49.543810516],[31.556250278,49.543957608],[31.557456046,49.544947502],[31.557952267,49.544580201],[31.556746484,49.543590223]]]]},"id":"253"},{"type":"Feature","properties":{"id":"254"},"geometry":{"type":"MultiPolygon","coordinates":[[[[31.592610461,49.550626245],[31.592525336,49.55117836],[31.595595871,49.551436183],[31.595633765,49.551202346],[31.595682757,49.550884164],[31.592610461,49.550626245]]]]},"id":"254"},{"type":"Feature","properties":{"id":"255"},"geometry":{"type":"MultiPolygon","coordinates":[[[[31.59631337,49.548671569],[31.596223216,49.549228951],[31.599313137,49.549208635],[31.599406848,49.548651185],[31.59631337,49.548671569]]]]},"id":"255"},{"type":"Feature","properties":{"id":"256"},"geometry":{"type":"MultiPolygon","coordinates":[[[[31.596499814,49.547552709],[31.596405594,49.548113655],[31.599500557,49.548093285],[31.599594741,49.547532238],[31.596499814,49.547552709]]]]},"id":"256"},{"type":"Feature","properties":{"id":"257"},"geometry":{"type":"MultiPolygon","coordinates":[[[[31.596405594,49.548113655],[31.596354221,49.548419046],[31.59631337,49.548671569],[31.599406848,49.548651185],[31.599500557,49.548093285],[31.596405594,49.548113655]]]]},"id":"257"},{"type":"Feature","properties":{"id":"258"},"geometry":{"type":"MultiPolygon","coordinates":[[[[31.597482278,49.539923058],[31.597436279,49.540199728],[31.597398371,49.540487693],[31.600444506,49.540459633],[31.600518693,49.539895194],[31.597482278,49.539923058]]]]},"id":"258"},{"type":"Feature","properties":{"id":"259"},"geometry":{"type":"MultiPolygon","coordinates":[[[[31.58412678,49.548918372],[31.584339539,49.548943707],[31.584824476,49.549001401],[31.585176879,49.54686767],[31.584479213,49.546784643],[31.58412678,49.548918372]]]]},"id":"259"},{"type":"Feature","properties":{"id":"260"},"geometry":{"type":"MultiPolygon","coordinates":[[[[31.593284646,49.545803548],[31.593381696,49.545173748],[31.590435448,49.544926289],[31.590325259,49.545554991],[31.593284646,49.545803548]]]]},"id":"260"},{"type":"Feature","properties":{"id":"261"},"geometry":{"type":"MultiPolygon","coordinates":[[[[31.549707929,49.540417355],[31.549768635,49.540372355],[31.548230286,49.539154675],[31.548169594,49.539199674],[31.549707929,49.540417355]]]]},"id":"261"},{"type":"Feature","properties":{"id":"262"},"geometry":{"type":"MultiPolygon","coordinates":[[[[31.548338,49.526837],[31.548514,49.526586],[31.546935,49.525416],[31.546883,49.52549],[31.546759,49.525667],[31.548338,49.526837]]]]},"id":"262"},{"type":"Feature","properties":{"id":"263"},"geometry":{"type":"MultiPolygon","coordinates":[[[[31.619743,49.520733],[31.6198,49.520241],[31.617554,49.520302],[31.617518,49.520596],[31.617494,49.520794],[31.619743,49.520733]]]]},"id":"263"},{"type":"Feature","properties":{"id":"264"},"geometry":{"type":"MultiPolygon","coordinates":[[[[31.633759,49.462994],[31.633961,49.464693],[31.634117,49.464685],[31.633915,49.462986],[31.633819,49.462991],[31.633759,49.462994]]]]},"id":"264"},{"type":"Feature","properties":{"id":"265"},"geometry":{"type":"MultiPolygon","coordinates":[[[[31.591823,49.449074],[31.592105,49.449215],[31.592797,49.448509],[31.592743,49.448481],[31.592515,49.448368],[31.591823,49.449074]]]]},"id":"265"},{"type":"Feature","properties":{"id":"266"},"geometry":{"type":"MultiPolygon","coordinates":[[[[31.598329,49.450168],[31.598584,49.450295],[31.599353,49.44951],[31.599298,49.449483],[31.599099,49.449383],[31.598329,49.450168]]]]},"id":"266"},{"type":"Feature","properties":{"id":"267"},"geometry":{"type":"MultiPolygon","coordinates":[[[[31.593517,49.446596],[31.594741,49.445347],[31.594658,49.445281],[31.593418,49.446546],[31.593497,49.446586],[31.593517,49.446596]]]]},"id":"267"},{"type":"Feature","properties":{"id":"268"},"geometry":{"type":"MultiPolygon","coordinates":[[[[31.570242,49.435126],[31.570259,49.435144],[31.570399,49.435291],[31.571527,49.434628],[31.571371,49.434463],[31.570242,49.435126]]]]},"id":"268"},{"type":"Feature","properties":{"id":"269"},"geometry":{"type":"MultiPolygon","coordinates":[[[[31.571339,49.43628],[31.571433,49.43638],[31.571495,49.436445],[31.572624,49.435782],[31.572467,49.435617],[31.571339,49.43628]]]]},"id":"269"},{"type":"Feature","properties":{"id":"270"},"geometry":{"type":"MultiPolygon","coordinates":[[[[31.571571,49.434623],[31.572766,49.43392],[31.572691,49.433841],[31.572618,49.433765],[31.571423,49.434467],[31.571571,49.434623]]]]},"id":"270"},{"type":"Feature","properties":{"id":"271"},"geometry":{"type":"MultiPolygon","coordinates":[[[[31.573368,49.434554],[31.573505,49.434698],[31.574795,49.433939],[31.574662,49.433793],[31.573368,49.434554]]]]},"id":"271"},{"type":"Feature","properties":{"id":"272"},"geometry":{"type":"MultiPolygon","coordinates":[[[[31.572825,49.433982],[31.572914,49.434076],[31.57296,49.434124],[31.574266,49.433357],[31.574136,49.433212],[31.572825,49.433982]]]]},"id":"272"},{"type":"Feature","properties":{"id":"273"},"geometry":{"type":"MultiPolygon","coordinates":[[[[31.613213,49.463915],[31.612964,49.463056],[31.612885,49.463066],[31.612878,49.463067],[31.612761,49.463081],[31.612644,49.463096],[31.612512,49.463112],[31.612809,49.463668],[31.612984,49.463769],[31.613015,49.463939],[31.613213,49.463915]]]]},"id":"273"},{"type":"Feature","properties":{"id":"274"},"geometry":{"type":"MultiPolygon","coordinates":[[[[31.622191,49.463571],[31.622585,49.464933],[31.62276,49.464898],[31.622364,49.463532],[31.622191,49.463571]]]]},"id":"274"},{"type":"Feature","properties":{"id":"275"},"geometry":{"type":"MultiPolygon","coordinates":[[[[31.62174,49.463591],[31.621544,49.462917],[31.621137,49.462967],[31.621343,49.46368],[31.62174,49.463591]]]]},"id":"275"},{"type":"Feature","properties":{"id":"276"},"geometry":{"type":"MultiPolygon","coordinates":[[[[31.514745,49.467872],[31.514684,49.467767],[31.512117,49.468226],[31.512145,49.46827],[31.512185,49.468331],[31.514745,49.467872]]]]},"id":"276"},{"type":"Feature","properties":{"id":"277"},"geometry":{"type":"MultiPolygon","coordinates":[[[[31.517699,49.477814],[31.518193,49.478236],[31.518629,49.478114],[31.518567,49.47802],[31.518342,49.477678],[31.518317,49.477641],[31.517699,49.477814]]]]},"id":"277"},{"type":"Feature","properties":{"id":"278"},"geometry":{"type":"MultiPolygon","coordinates":[[[[31.620562,49.460685],[31.620411,49.460694],[31.620574,49.461256],[31.621091,49.461193],[31.620938,49.460662],[31.620562,49.460685]]]]},"id":"278"},{"type":"Feature","properties":{"id":"279"},"geometry":{"type":"MultiPolygon","coordinates":[[[[31.513821,49.475896],[31.513872,49.475987],[31.516706,49.475194],[31.516673,49.475145],[31.516647,49.475105],[31.513821,49.475896]]]]},"id":"279"},{"type":"Feature","properties":{"id":"280"},"geometry":{"type":"MultiPolygon","coordinates":[[[[31.513177,49.463299],[31.513156,49.463179],[31.510724,49.463468],[31.510731,49.463504],[31.510746,49.463588],[31.513177,49.463299]]]]},"id":"280"},{"type":"Feature","properties":{"id":"281"},"geometry":{"type":"MultiPolygon","coordinates":[[[[31.552405,49.445153],[31.552663,49.445098],[31.552173,49.444095],[31.551915,49.44415],[31.552405,49.445153]]]]},"id":"281"},{"type":"Feature","properties":{"id":"282"},"geometry":{"type":"MultiPolygon","coordinates":[[[[31.511688,49.472048],[31.511697,49.472066],[31.511743,49.472147],[31.514239,49.471449],[31.514188,49.471371],[31.514175,49.471353],[31.511688,49.472048]]]]},"id":"282"},{"type":"Feature","properties":{"id":"283"},"geometry":{"type":"MultiPolygon","coordinates":[[[[31.645541,49.458138],[31.645223,49.458153],[31.645321,49.459085],[31.645638,49.459067],[31.645541,49.458138]]]]},"id":"283"},{"type":"Feature","properties":{"id":"284"},"geometry":{"type":"MultiPolygon","coordinates":[[[[31.527121,49.50023],[31.525201,49.499792],[31.525147,49.499937],[31.527008,49.500362],[31.527121,49.50023]]]]},"id":"284"},{"type":"Feature","properties":{"id":"285"},"geometry":{"type":"MultiPolygon","coordinates":[[[[31.525356,49.499377],[31.527402,49.499844],[31.527489,49.499719],[31.525405,49.499244],[31.525356,49.499377]]]]},"id":"285"},{"type":"Feature","properties":{"id":"286"},"geometry":{"type":"MultiPolygon","coordinates":[[[[31.647658,49.458013],[31.64805,49.457995],[31.647972,49.457254],[31.647913,49.457257],[31.64758,49.457273],[31.647658,49.458013]]]]},"id":"286"},{"type":"Feature","properties":{"id":"287"},"geometry":{"type":"MultiPolygon","coordinates":[[[[31.545220961,49.527862053],[31.545268567,49.527794115],[31.54545866,49.527522795],[31.543344862,49.526962148],[31.543107013,49.5273015],[31.545220961,49.527862053]]]]},"id":"287"},{"type":"Feature","properties":{"id":"288"},"geometry":{"type":"MultiPolygon","coordinates":[[[[31.517181142,49.45306612],[31.517562445,49.452819091],[31.516853449,49.452505821],[31.516451951,49.452743922],[31.517181142,49.45306612]]]]},"id":"288"},{"type":"Feature","properties":{"id":"289"},"geometry":{"type":"MultiPolygon","coordinates":[[[[31.640345353,49.468473706],[31.639296443,49.468306125],[31.639252827,49.468299146],[31.637717621,49.468412688],[31.63750461,49.468428451],[31.636595691,49.468396671],[31.636060078,49.468476649],[31.635383523,49.468577685],[31.635037282,49.468519259],[31.635005647,49.468513991],[31.634497501,49.468428275],[31.634280665,49.468489056],[31.634437554,49.468589135],[31.634785595,49.46881131],[31.635498643,49.469155078],[31.635538181,49.469174075],[31.636078876,49.469527437],[31.636843001,49.469626655],[31.637140171,49.46960352],[31.637863149,49.469547141],[31.639584027,49.469508442],[31.640345353,49.468473706]]]]},"id":"289"},{"type":"Feature","properties":{"id":"290"},"geometry":{"type":"MultiPolygon","coordinates":[[[[31.546832903,49.550349908],[31.54717502,49.550629664],[31.549230339,49.54906599],[31.548889326,49.54878544],[31.546832903,49.550349908]]]]},"id":"290"},{"type":"Feature","properties":{"id":"291"},"geometry":{"type":"MultiPolygon","coordinates":[[[[31.546847605,49.528964429],[31.547096085,49.528609968],[31.545517053,49.527439568],[31.54545866,49.527522795],[31.545268567,49.527794115],[31.546847605,49.528964429]]]]},"id":"291"},{"type":"Feature","properties":{"id":"292"},"geometry":{"type":"MultiPolygon","coordinates":[[[[31.520080428,49.476626192],[31.519997212,49.476461037],[31.517799314,49.476854452],[31.517849679,49.476930942],[31.517905387,49.477015577],[31.520080428,49.476626192]]]]},"id":"292"},{"type":"Feature","properties":{"id":"293"},"geometry":{"type":"MultiPolygon","coordinates":[[[[31.526198825,49.489787327],[31.528415894,49.489391931],[31.528347271,49.489274109],[31.526120657,49.489671213],[31.526134732,49.489692016],[31.526135133,49.489692555],[31.526198825,49.489787327]]]]},"id":"293"},{"type":"Feature","properties":{"id":"294"},"geometry":{"type":"MultiPolygon","coordinates":[[[[31.573045775,49.537317234],[31.573530017,49.537310149],[31.573998665,49.537323797],[31.574248598,49.537374797],[31.57437604,49.537488391],[31.574699336,49.537539442],[31.574772757,49.537550993],[31.575224261,49.537726524],[31.57521883,49.538014829],[31.575579855,49.5385197],[31.57597238,49.538885465],[31.576416503,49.539101743],[31.577144454,49.539360387],[31.577454305,49.53944414],[31.577519462,49.539461746],[31.5782281,49.53965334],[31.578317092,49.53968902],[31.579110593,49.539096909],[31.578382252,49.538624279],[31.577242013,49.537884343],[31.576825547,49.537608491],[31.575585663,49.536995182],[31.575469131,49.537059401],[31.577781153,49.538489789],[31.577745891,49.538706113],[31.577457071,49.538858023],[31.577037748,49.538802395],[31.576575514,49.538525359],[31.576250563,49.538214803],[31.575364259,49.537629274],[31.574859915,49.537375187],[31.573907607,49.536865099],[31.573421043,49.536711164],[31.57319816331398,49.53707112192689],[31.57317693784942,49.53710540174106],[31.573045775,49.537317234]]]]},"id":"294"},{"type":"Feature","properties":{"id":"295"},"geometry":{"type":"MultiPolygon","coordinates":[[[[31.64549404,49.49851625],[31.648175901,49.498566557],[31.648204783,49.498214576],[31.645522954,49.49816427],[31.645521033,49.498186732],[31.64549404,49.49851625]]]]},"id":"295"},{"type":"Feature","properties":{"id":"296"},"geometry":{"type":"MultiPolygon","coordinates":[[[[31.548514064,49.526585913],[31.548657844,49.526380567],[31.547078833,49.525210187],[31.546935063,49.525415622],[31.548514064,49.526585913]]]]},"id":"296"},{"type":"Feature","properties":{"id":"297"},"geometry":{"type":"MultiPolygon","coordinates":[[[[31.636311526,49.462865079],[31.63641591,49.462859831],[31.636506211,49.462855202],[31.636329453,49.461373081],[31.636134774,49.461382958],[31.636311526,49.462865079]]]]},"id":"297"},{"type":"Feature","properties":{"id":"298"},"geometry":{"type":"MultiPolygon","coordinates":[[[[31.599860044,49.450966634],[31.599583842,49.450828801],[31.598880433,49.451546504],[31.599014497,49.451613465],[31.5991565,49.451684339],[31.599860044,49.450966634]]]]},"id":"298"},{"type":"Feature","properties":{"id":"299"},"geometry":{"type":"MultiPolygon","coordinates":[[[[31.588487715,49.545124768],[31.587873641,49.545050968],[31.587535193,49.547102545],[31.588659486008986,49.54723623404642],[31.588810034730514,49.54633268330276],[31.588999527,49.545184816],[31.588487715,49.545124768]]]]},"id":"299"},{"type":"Feature","properties":{"id":"300"},"geometry":{"type":"MultiPolygon","coordinates":[[[[31.559729368,49.546872268],[31.560023171,49.54665472],[31.558964228,49.545785459],[31.558874932,49.545851445],[31.558670425,49.546002995],[31.559729368,49.546872268]]]]},"id":"300"},{"type":"Feature","properties":{"id":"301"},"geometry":{"type":"MultiPolygon","coordinates":[[[[31.554905951,49.550409073],[31.555112503,49.550576471],[31.555243132,49.550682469],[31.55688106,49.549481011],[31.556543892,49.549207629],[31.554905951,49.550409073]]]]},"id":"301"},{"type":"Feature","properties":{"id":"302"},"geometry":{"type":"MultiPolygon","coordinates":[[[[31.550564793,49.52737469],[31.55062744,49.52728529],[31.550701313,49.527179801],[31.549037673,49.525946799],[31.548901151,49.526141686],[31.550564793,49.52737469]]]]},"id":"302"},{"type":"Feature","properties":{"id":"303"},"geometry":{"type":"MultiPolygon","coordinates":[[[[31.579121359,49.537209684],[31.579063853,49.537542001],[31.581942628,49.537735724],[31.581997765,49.5374033],[31.579121359,49.537209684]]]]},"id":"303"},{"type":"Feature","properties":{"id":"304"},"geometry":{"type":"MultiPolygon","coordinates":[[[[31.591489378,49.537521229],[31.591540595,49.537225641],[31.59157252,49.537038689],[31.588592737,49.536726896],[31.588509304,49.537209344],[31.591489378,49.537521229]]]]},"id":"304"},{"type":"Feature","properties":{"id":"305"},"geometry":{"type":"MultiPolygon","coordinates":[[[[31.546350757,49.529673528],[31.546599259,49.529318979],[31.545020202,49.528148662],[31.544983272,49.528201319],[31.544771846,49.528503117],[31.546350757,49.529673528]]]]},"id":"305"},{"type":"Feature","properties":{"id":"306"},"geometry":{"type":"MultiPolygon","coordinates":[[[[31.546177158,49.546173227],[31.546456154,49.546400852],[31.54844254,49.545419001],[31.548166054,49.545190048],[31.546177158,49.546173227]]]]},"id":"306"},{"type":"Feature","properties":{"id":"307"},"geometry":{"type":"MultiPolygon","coordinates":[[[[31.446211507,49.629263018],[31.446369741,49.629466837],[31.446405195,49.629512465],[31.447482836,49.629159542],[31.447289282,49.628910097],[31.446211507,49.629263018]]]]},"id":"307"},{"type":"Feature","properties":{"id":"308"},"geometry":{"type":"MultiPolygon","coordinates":[[[[31.382148506,49.623182539],[31.381274299,49.623299408],[31.381832497,49.625061547],[31.382706845,49.624944584],[31.382148506,49.623182539]]]]},"id":"308"},{"type":"Feature","properties":{"id":"309"},"geometry":{"type":"MultiPolygon","coordinates":[[[[31.522810138,49.499905206],[31.524981605,49.500267208],[31.525030754,49.500134999],[31.522883922,49.499777076],[31.522810138,49.499905206]]]]},"id":"309"},{"type":"Feature","properties":{"id":"310"},"geometry":{"type":"MultiPolygon","coordinates":[[[[31.635302,49.47135],[31.635454,49.471375],[31.636308,49.470172],[31.636096,49.470174],[31.636063,49.470167],[31.635231,49.471338],[31.635302,49.47135]]]]},"id":"310"},{"type":"Feature","properties":{"id":"311"},"geometry":{"type":"MultiPolygon","coordinates":[[[[31.543619483,49.546451599],[31.541910342,49.547324898],[31.542274203,49.547621573],[31.543983471,49.546748269],[31.543948375,49.546719744],[31.543619483,49.546451599]]]]},"id":"311"},{"type":"Feature","properties":{"id":"312"},"geometry":{"type":"MultiPolygon","coordinates":[[[[31.569964885711613,49.53375967040944],[31.569927341751043,49.53399288753345],[31.570707555,49.534432302],[31.570900970817306,49.53453567188661],[31.571831703185975,49.53503040384229],[31.572207296253108,49.53520451315996],[31.572244732,49.53522159],[31.572564743,49.535379976],[31.57269422437443,49.53463315270766],[31.569964885711613,49.53375967040944]]]]},"id":"312"},{"type":"Feature","properties":{"id":"313"},"geometry":{"type":"MultiPolygon","coordinates":[[[[31.58207774162285,49.53690685115278],[31.582136750221178,49.53655524035158],[31.579266786575243,49.536363768059346],[31.579259696256145,49.53640575535276],[31.579260773495015,49.536405817957736],[31.579219495008527,49.53664381820377],[31.579181256038332,49.53687026088413],[31.58205092376225,49.53706348391274],[31.58207774162285,49.53690685115278]]]]},"id":"313"},{"type":"Feature","properties":{"id":"314"},"geometry":{"type":"MultiPolygon","coordinates":[[[[31.591765880584635,49.555639522356635],[31.591851711273115,49.555096647457965],[31.58872961997978,49.55483564776258],[31.588643789291307,49.55537504559569],[31.591765880584635,49.555639522356635]]]]},"id":"314"},{"type":"Feature","properties":{"id":"315"},"geometry":{"type":"MultiPolygon","coordinates":[[[[31.572732925414982,49.561482005480855],[31.574749946594178,49.56038594071161],[31.574347615241944,49.560041458131444],[31.574288606643616,49.5599823043126],[31.5722501277923,49.56108881682207],[31.572732925414982,49.561482005480855]]]]},"id":"315"},{"type":"Feature","properties":{"id":"316"},"geometry":{"type":"MultiPolygon","coordinates":[[[[31.536655,49.548504],[31.537752,49.547939],[31.539233,49.547176],[31.538971,49.546965],[31.538894,49.546903],[31.5382,49.547265],[31.537798,49.546941],[31.53771,49.54687],[31.535703,49.547904],[31.536208,49.548212],[31.536655,49.548504]]]]},"id":"316"},{"type":"Feature","properties":{"id":"317"},"geometry":{"type":"MultiPolygon","coordinates":[[[[31.590585864,49.44848971],[31.590271024,49.448332482],[31.589640746,49.448975273],[31.589990442,49.449097167],[31.590585864,49.44848971]]]]},"id":"317"},{"type":"Feature","properties":{"id":"318"},"geometry":{"type":"MultiPolygon","coordinates":[[[[31.608634697,49.471332601],[31.612831991,49.475876309],[31.613371785,49.47508012],[31.613994492,49.4742084],[31.614054009,49.473508156],[31.613621932,49.472263938],[31.613189373,49.471682392],[31.612532118,49.471266799],[31.612009934,49.471118661],[31.611194614,49.471052425],[31.610820615,49.471088038],[31.609611288,49.470882092],[31.608634697,49.471332601]]]]},"id":"318"},{"type":"Feature","properties":{"id":"319"},"geometry":{"type":"MultiPolygon","coordinates":[[[[31.607854366,49.510213242],[31.607838514,49.511251893],[31.609656015,49.51121239],[31.611048988,49.511244503],[31.61110292,49.510760464],[31.611130681,49.510592086],[31.611138471,49.510391368],[31.610559408,49.510357521],[31.609442289,49.510306036],[31.608461864,49.510194369],[31.607854366,49.510213242]]]]},"id":"319"},{"type":"Feature","properties":{"id":"320"},"geometry":{"type":"MultiPolygon","coordinates":[[[[31.631419646,49.456648959],[31.631169814,49.456799315],[31.630689264,49.457095204],[31.630419165,49.457198198],[31.63020952,49.457181602],[31.62948834,49.45782437],[31.63036041,49.457720882],[31.630490822,49.457537538],[31.630633836,49.457336575],[31.630701721,49.457241146],[31.630813307,49.457163308],[31.631037457,49.457006921],[31.631193732,49.45689786],[31.631253652,49.456831859],[31.631419646,49.456648959]]]]},"id":"320"},{"type":"Feature","properties":{"id":"321"},"geometry":{"type":"MultiPolygon","coordinates":[[[[31.661661984,49.445288941],[31.661629041,49.445474199],[31.661682236,49.445791626],[31.661765683421017,49.44579595703691],[31.662828294,49.445851108],[31.662879344,49.445079645],[31.662058053,49.445037],[31.661661984,49.445288941]]]]},"id":"321"},{"type":"Feature","properties":{"id":"322"},"geometry":{"type":"MultiPolygon","coordinates":[[[[31.553918925,49.549608865],[31.554036755,49.549704323],[31.554240576,49.549869629],[31.555878516,49.548668195],[31.555556864,49.548407426],[31.553918925,49.549608865]]]]},"id":"322"},{"type":"Feature","properties":{"id":"323"},"geometry":{"type":"MultiPolygon","coordinates":[[[[31.605466927,49.54629367],[31.605565221,49.545685537],[31.602720267,49.545704409],[31.60271653,49.545727574],[31.602621938,49.54631263],[31.605466927,49.54629367]]]]},"id":"323"},{"type":"Feature","properties":{"id":"324"},"geometry":{"type":"MultiPolygon","coordinates":[[[[31.58868808,49.536176663],[31.591666297,49.536488347],[31.591763023,49.535921126],[31.588786209,49.535609632],[31.58868808,49.536176663]]]]},"id":"324"},{"type":"Feature","properties":{"id":"325"},"geometry":{"type":"MultiPolygon","coordinates":[[[[31.583549553,49.556081677],[31.583002446,49.556292057],[31.582800168,49.55636984],[31.584042483,49.558185686],[31.584791874,49.557897506],[31.583549553,49.556081677]]]]},"id":"325"},{"type":"Feature","properties":{"id":"326"},"geometry":{"type":"MultiPolygon","coordinates":[[[[31.567974352,49.552060023],[31.568546888,49.551748684],[31.5668657,49.55018062],[31.566134254,49.55057833],[31.567974352,49.552060023]]]]},"id":"326"},{"type":"Feature","properties":{"id":"327"},"geometry":{"type":"MultiPolygon","coordinates":[[[[31.545184761,49.555935052],[31.54517089617814,49.555923584317725],[31.545171026,49.555923692],[31.544761757,49.555584219],[31.54282087,49.557014071],[31.54324064,49.557367304],[31.545184761,49.555935052]]]]},"id":"327"},{"type":"Feature","properties":{"id":"328"},"geometry":{"type":"MultiPolygon","coordinates":[[[[31.449222533,49.624908676],[31.448578613,49.624537205],[31.44807439,49.624906114],[31.448564056,49.625188508],[31.449222533,49.624908676]]]]},"id":"328"},{"type":"Feature","properties":{"id":"329"},"geometry":{"type":"MultiPolygon","coordinates":[[[[31.429153724,49.607864758],[31.428506604,49.61022209],[31.429554666,49.610226781],[31.43017072,49.607982594],[31.429153724,49.607864758]]]]},"id":"329"},{"type":"Feature","properties":{"id":"330"},"geometry":{"type":"MultiPolygon","coordinates":[[[[31.442019966,49.627729725],[31.44211314,49.627849622],[31.442203178,49.627965633],[31.443430745,49.627563615],[31.44324768,49.62732761],[31.442019966,49.627729725]]]]},"id":"330"},{"type":"Feature","properties":{"id":"331"},"geometry":{"type":"MultiPolygon","coordinates":[[[[31.580691202,49.549030035],[31.580799185,49.548349528],[31.580680481,49.547759837],[31.580697133,49.547634273],[31.580736662,49.547335892],[31.581065224,49.54686673],[31.581316176,49.546547243],[31.581842021,49.545877824],[31.582609803,49.545496209],[31.582696644,49.544918232],[31.582580717,49.544509541],[31.582316035,49.544152106],[31.582126648,49.54372846],[31.582048575,49.543345079],[31.581381513,49.543261202],[31.58142112,49.543640322],[31.581557813,49.544021739],[31.581640924,49.544253742],[31.581935756,49.544646942],[31.581983158,49.544816445],[31.581865262,49.545105567],[31.581421438,49.545334111],[31.581025569,49.545686571],[31.580644878,49.546121872],[31.58060859,49.546163212],[31.580503947,49.546282867],[31.580309231,49.546762176],[31.580032811,49.547162607],[31.579881568,49.547409114],[31.579800111,49.547427889],[31.579769262,49.547679762],[31.580708943,49.549078997],[31.580691202,49.549030035]]]]},"id":"331"},{"type":"Feature","properties":{"id":"332"},"geometry":{"type":"MultiPolygon","coordinates":[[[[31.566673029,49.553665812],[31.566674925572084,49.55366349043577],[31.566810147,49.553497968],[31.56671073,49.553318957],[31.566486111,49.553175624],[31.566263266,49.553128332],[31.565360627,49.552427265],[31.565246501,49.552353242],[31.565175929,49.552358244],[31.563671144,49.553475751],[31.563591323,49.553500996],[31.563313368,49.553531295],[31.563192951,49.553584355],[31.563049908,49.553678507],[31.56296785,49.553705264],[31.562939475,49.553714747],[31.561189686,49.555013201],[31.561167367,49.555081176],[31.561719489,49.555587733],[31.561257962,49.555813717],[31.561123504,49.555906945],[31.561151812,49.555987194],[31.561158731415606,49.555984362330825],[31.565771929,49.554096479],[31.566673029,49.553665812]]]]},"id":"332"},{"type":"Feature","properties":{"id":"333"},"geometry":{"type":"MultiPolygon","coordinates":[[[[31.617428973,49.541574141],[31.618201996,49.541515309],[31.617949538,49.539704505],[31.61710467,49.539768802],[31.617428973,49.541574141]]]]},"id":"333"},{"type":"Feature","properties":{"id":"334"},"geometry":{"type":"MultiPolygon","coordinates":[[[[31.572078939,49.551232109],[31.572024963,49.551272585],[31.571430842,49.551717833],[31.570880182,49.552130432],[31.57036582,49.552515889],[31.569927536923696,49.5528443216429],[31.569872682679918,49.55288542732376],[31.569854529,49.552899031],[31.570031606,49.55306455],[31.572644941,49.552059984],[31.572078939,49.551232109]]]]},"id":"334"},{"type":"Feature","properties":{"id":"335"},"geometry":{"type":"MultiPolygon","coordinates":[[[[31.576058495,49.535606287],[31.576099108,49.535371852],[31.57617383,49.534940865],[31.572752067,49.534701008],[31.57270463,49.534974324],[31.576058495,49.535606287]]]]},"id":"335"},{"type":"Feature","properties":{"id":"336"},"geometry":{"type":"MultiPolygon","coordinates":[[[[31.562750949,49.535486329],[31.562998403,49.535138121],[31.560979859,49.534525353],[31.560730736,49.534873],[31.562750949,49.535486329]]]]},"id":"336"},{"type":"Feature","properties":{"id":"337"},"geometry":{"type":"MultiPolygon","coordinates":[[[[31.61742565478853,49.53968466278038],[31.61792114989113,49.53964699397957],[31.617921232738166,49.53964785416302],[31.617938876151978,49.53964654371394],[31.61771357059473,49.53803825488107],[31.617633104324284,49.53804521728446],[31.616758704185425,49.5381113600672],[31.617048382759037,49.53971268432933],[31.61742565478853,49.53968466278038]]]]},"id":"337"},{"type":"Feature","properties":{"id":"338"},"geometry":{"type":"MultiPolygon","coordinates":[[[[31.621792106596484,49.53283039148797],[31.621698744384975,49.53226596021119],[31.62169396877281,49.53223822829473],[31.619693040847697,49.532394900722636],[31.619811058044355,49.53298328824528],[31.621792106596484,49.53283039148797]]]]},"id":"338"},{"type":"Feature","properties":{"id":"339"},"geometry":{"type":"MultiPolygon","coordinates":[[[[31.616646051406804,49.53114498893134],[31.616635322570737,49.530939568615175],[31.61625444889063,49.53094653202986],[31.61596603436048,49.53096029612827],[31.61590576171869,49.530963855403414],[31.61590576171869,49.53096317253874],[31.615889668464604,49.53096394056222],[31.615889668464604,49.53162546019819],[31.61666214466089,49.53162546019819],[31.616646051406804,49.53114498893134]]]]},"id":"339"},{"type":"Feature","properties":{"id":"340"},"geometry":{"type":"MultiPolygon","coordinates":[[[[31.610847115516602,49.553523668167145],[31.61112070083612,49.55179750870184],[31.611002683639466,49.55183927134447],[31.61068618297571,49.551947158006],[31.610418370652543,49.55366720796171],[31.610801544017335,49.553539189210795],[31.610847115516602,49.553523668167145]]]]},"id":"340"},{"type":"Feature","properties":{"id":"341"},"geometry":{"type":"MultiPolygon","coordinates":[[[[31.615428328514042,49.5503253527358],[31.615696538381037,49.548599151260454],[31.615384069081856,49.54870604604153],[31.61482214927667,49.548898397989916],[31.614553928375184,49.55062465990606],[31.615428328514042,49.5503253527358]]]]},"id":"341"},{"type":"Feature","properties":{"id":"342"},"geometry":{"type":"MultiPolygon","coordinates":[[[[31.623061895370405,49.54771155753556],[31.62359297275535,49.54753405105929],[31.624311804771345,49.547286933126216],[31.624225974082865,49.546824018704534],[31.624059677123945,49.54573806690724],[31.623335480689924,49.54598519267493],[31.623061895370405,49.54771155753556]]]]},"id":"342"},{"type":"Feature","properties":{"id":"343"},"geometry":{"type":"MultiPolygon","coordinates":[[[[31.61985279547292,49.54531114920617],[31.619914678,49.54528997],[31.619918979712473,49.54528849800431],[31.620218753814623,49.54337464607328],[31.620138287544176,49.54337812689495],[31.62004709243767,49.54395593985472],[31.62001857271112,49.54412960551708],[31.62001413493228,49.54415785271241],[31.619977355003293,49.54438059321574],[31.619869394799135,49.5450785013913],[31.619869394798165,49.54507850139748],[31.619832515716475,49.54531690602831],[31.61985279547292,49.54531114920617]]]]},"id":"343"},{"type":"Feature","properties":{"id":"344"},"geometry":{"type":"MultiPolygon","coordinates":[[[[31.62004709243767,49.54395593985472],[31.620138287544176,49.54337812689495],[31.619580388069092,49.543409454278816],[31.61838412284845,49.5434686281713],[31.618330478668152,49.54350691712236],[31.617853045463498,49.5438271508109],[31.617853045463086,49.54382715081116],[31.617450714112096,49.54409517087101],[31.61745071411127,49.54409517087157],[31.62004709243767,49.54395593985472]]]]},"id":"344"},{"type":"Feature","properties":{"id":"345"},"geometry":{"type":"MultiPolygon","coordinates":[[[[31.633254289626997,49.54398378608983],[31.63549661636345,49.54395245907421],[31.635625362396162,49.543030043500636],[31.633130908012316,49.543061371107676],[31.633200645446696,49.54355564847123],[31.633254289626997,49.54398378608983]]]]},"id":"345"},{"type":"Feature","properties":{"id":"346"},"geometry":{"type":"MultiPolygon","coordinates":[[[[31.63452029228203,49.53958736519271],[31.635088920593184,49.53958040300903],[31.635056734085005,49.538595244017884],[31.634493470191877,49.53860220634192],[31.63452029228203,49.53958736519271]]]]},"id":"346"},{"type":"Feature","properties":{"id":"347"},"geometry":{"type":"MultiPolygon","coordinates":[[[[31.63516938686363,49.537648358708026],[31.63544297218315,49.537644877478186],[31.63567364215843,49.537644877478186],[31.635646820068278,49.53669101115879],[31.63514256477348,49.536694492456576],[31.63516938686363,49.537648358708026]]]]},"id":"347"},{"type":"Feature","properties":{"id":"348"},"geometry":{"type":"MultiPolygon","coordinates":[[[[31.636462211608805,49.53435152296801],[31.636859178543016,49.53434804150332],[31.636821627616804,49.53313299518285],[31.63668215274803,49.53313299518285],[31.63643002510063,49.53313995828506],[31.636462211608805,49.53435152296801]]]]},"id":"348"},{"type":"Feature","properties":{"id":"349"},"geometry":{"type":"MultiPolygon","coordinates":[[[[31.63494944572441,49.53857087587594],[31.6354697942733,49.53856043238281],[31.63544297218315,49.537644877478186],[31.63516938686363,49.537648358708026],[31.634922623634257,49.53765183993762],[31.63494944572441,49.53857087587594]]]]},"id":"349"},{"type":"Feature","properties":{"id":"350"},"geometry":{"type":"MultiPolygon","coordinates":[[[[31.632851958274763,49.538595244017884],[31.633377671241682,49.53858828169285],[31.633366942405623,49.53828541959402],[31.633350849151537,49.537672727309975],[31.63315773010246,49.53767620853783],[31.632825136184618,49.53767968976544],[31.632851958274763,49.538595244017884]]]]},"id":"350"},{"type":"Feature","properties":{"id":"351"},"geometry":{"type":"MultiPolygon","coordinates":[[[[31.633377671241682,49.53858828169285],[31.633898019790575,49.53858131936683],[31.633887290954508,49.5382749760399],[31.633366942405623,49.53828541959402],[31.633377671241682,49.53858828169285]]]]},"id":"351"},{"type":"Feature","properties":{"id":"352"},"geometry":{"type":"MultiPolygon","coordinates":[[[[31.634745597839277,49.533160847585755],[31.634847521781843,49.533157366036264],[31.635131835937422,49.53315388448652],[31.635094285011217,49.531917918657044],[31.63470804691307,49.53192488193236],[31.634745597839277,49.533160847585755]]]]},"id":"352"},{"type":"Feature","properties":{"id":"353"},"geometry":{"type":"MultiPolygon","coordinates":[[[[31.634198427200243,49.5395943273754],[31.63452029228203,49.53958736519271],[31.634493470191877,49.53860220634192],[31.633999943733137,49.53860916866497],[31.634032130241316,49.5395943273754],[31.634198427200243,49.5395943273754]]]]},"id":"353"},{"type":"Feature","properties":{"id":"354"},"geometry":{"type":"MultiPolygon","coordinates":[[[[31.63442373275749,49.53857435703981],[31.63494944572441,49.53857087587594],[31.634922623634257,49.53765183993762],[31.63466513156883,49.537655321166966],[31.634396910667345,49.53766228362492],[31.63442373275749,49.53857435703981]]]]},"id":"354"},{"type":"Feature","properties":{"id":"355"},"geometry":{"type":"MultiPolygon","coordinates":[[[[31.62267029285423,49.536022597388595],[31.62491798400871,49.53587289930171],[31.62489116191856,49.53572668212301],[31.624869704246446,49.53559787138888],[31.62262737750999,49.53574757031818],[31.62267029285423,49.536022597388595]]]]},"id":"355"},{"type":"Feature","properties":{"id":"356"},"geometry":{"type":"MultiPolygon","coordinates":[[[[31.627471446990892,49.53778412647843],[31.629402637481615,49.537655321166966],[31.629386544227522,49.53757525282928],[31.629359722137373,49.53739422827788],[31.627428531646647,49.537526515516014],[31.627471446990892,49.53778412647843]]]]},"id":"356"},{"type":"Feature","properties":{"id":"357"},"geometry":{"type":"MultiPolygon","coordinates":[[[[31.624563932418745,49.53369352173704],[31.62673652172081,49.533543816516314],[31.626693606376573,49.533310553979476],[31.624531745910566,49.533456778386494],[31.62455856800071,49.53366566963767],[31.624563932418745,49.53369352173704]]]]},"id":"357"},{"type":"Feature","properties":{"id":"358"},"geometry":{"type":"MultiPolygon","coordinates":[[[[31.62262737750999,49.53574757031818],[31.624869704246446,49.53559787138888],[31.624858975410383,49.535507355534776],[31.624826788902205,49.53532284192839],[31.622579097747725,49.53547602308468],[31.62262737750999,49.53574757031818]]]]},"id":"358"},{"type":"Feature","properties":{"id":"359"},"geometry":{"type":"MultiPolygon","coordinates":[[[[31.624306440353312,49.53205022071836],[31.62646830081932,49.531903992103445],[31.62643611431114,49.53166724008516],[31.62426888942711,49.53181346940833],[31.624279618263163,49.53186221241884],[31.624306440353312,49.53205022071836]]]]},"id":"359"},{"type":"Feature","properties":{"id":"360"},"geometry":{"type":"MultiPolygon","coordinates":[[[[31.624998450279158,49.5363916186212],[31.627160310745165,49.5362454029944],[31.627128124236986,49.536022597388595],[31.624960899352953,49.536168813681975],[31.624993085861124,49.5363568054164],[31.624998450279158,49.5363916186212]]]]},"id":"360"},{"type":"Feature","properties":{"id":"361"},"geometry":{"type":"MultiPolygon","coordinates":[[[[31.625213027000353,49.53773538937347],[31.627374887466353,49.537589177766996],[31.627267599105753,49.53691033243519],[31.625105738639753,49.53705306480066],[31.62519693374626,49.537648358708026],[31.625213027000353,49.53773538937347]]]]},"id":"361"},{"type":"Feature","properties":{"id":"362"},"geometry":{"type":"MultiPolygon","coordinates":[[[[31.627519726753153,49.53809395408042],[31.629445552825853,49.537961668378294],[31.62942945957176,49.53783286353477],[31.629402637481615,49.537655321166966],[31.627471446990892,49.53778412647843],[31.627519726753153,49.53809395408042]]]]},"id":"362"},{"type":"Feature","properties":{"id":"363"},"geometry":{"type":"MultiPolygon","coordinates":[[[[31.624960899352953,49.536168813681975],[31.627128124236986,49.536022597388595],[31.6270959377288,49.53579979076704],[31.624923348426744,49.535946007727006],[31.62495553493492,49.536140962993144],[31.624960899352953,49.536168813681975]]]]},"id":"363"},{"type":"Feature","properties":{"id":"364"},"geometry":{"type":"MultiPolygon","coordinates":[[[[31.508353597,49.462241213],[31.50838063,49.462378481],[31.510475161,49.462129302],[31.510449654,49.461991782],[31.508353597,49.462241213]]]]},"id":"364"},{"type":"Feature","properties":{"id":"365"},"geometry":{"type":"MultiPolygon","coordinates":[[[[31.508434816618383,49.46265326495237],[31.50914885620131,49.46256832106609],[31.510526295674843,49.46240443372706],[31.510511233,49.462323384],[31.510511260390484,49.46232338074107],[31.510500682,49.462266821],[31.508407648,49.46251583],[31.508434816618383,49.46265326495237]]]]},"id":"365"},{"type":"Feature","properties":{"id":"366"},"geometry":{"type":"MultiPolygon","coordinates":[[[[31.54775,49.44614],[31.548009,49.446085],[31.54752,49.445085],[31.547261,49.44514],[31.54775,49.44614]]]]},"id":"366"},{"type":"Feature","properties":{"id":"367"},"geometry":{"type":"MultiPolygon","coordinates":[[[[31.629236022,49.464931926],[31.629396467,49.46492388],[31.629396463724007,49.46492385250766],[31.629396454,49.464923853],[31.62936590169083,49.46466737400323],[31.629194076,49.463225402],[31.629033636,49.463233538],[31.629236022,49.464931926]]]]},"id":"367"},{"type":"Feature","properties":{"id":"368"},"geometry":{"type":"MultiPolygon","coordinates":[[[[31.628873196,49.463241683],[31.629075424,49.464940072],[31.629236022,49.464931926],[31.629033636,49.463233538],[31.629012519,49.46323455],[31.628873196,49.463241683]]]]},"id":"368"},{"type":"Feature","properties":{"id":"369"},"geometry":{"type":"MultiPolygon","coordinates":[[[[31.628708604,49.463249976],[31.628894405,49.464809234],[31.62899361,49.464815822],[31.628910013,49.464948447],[31.629075424,49.464940072],[31.628873196,49.463241683],[31.628821693,49.463244266],[31.628708604,49.463249976]]]]},"id":"369"},{"type":"Feature","properties":{"id":"370"},"geometry":{"type":"MultiPolygon","coordinates":[[[[31.63304314012167,49.46628561326908],[31.633669194058836,49.46625392283775],[31.633799064716953,49.46614712773807],[31.6339271365016,49.46603940844633],[31.633753180503764,49.46604626018932],[31.633527874946516,49.466060205497435],[31.633394264185704,49.4660645471679],[31.633313,49.466069],[31.633312938518326,49.46606848449979],[31.633094690837993,49.46607953864067],[31.633094691,49.46607954],[31.632940992232104,49.46608729777292],[31.632873415946882,49.46609158242616],[31.632658839225687,49.46610204139794],[31.63243889808647,49.46611598669017],[31.632374641436215,49.46611598669017],[31.632342553889895,49.46611761000394],[31.632369160652082,49.4663181929814],[31.63304314012167,49.46628561326908]]]]},"id":"370"},{"type":"Feature","properties":{"id":"371"},"geometry":{"type":"MultiPolygon","coordinates":[[[[31.544102355,49.539169079],[31.544130242,49.53919161],[31.544344605,49.53936512],[31.546431889,49.538333246],[31.546097568,49.538182759],[31.544102355,49.539169079]]]]},"id":"371"},{"type":"Feature","properties":{"id":"372"},"geometry":{"type":"MultiPolygon","coordinates":[[[[31.586820307,49.55783163],[31.58702123,49.558175606],[31.587547523,49.559142638],[31.587630644671734,49.55913087057073],[31.58783569940554,49.55910184123308],[31.587838689,49.559101418],[31.587841595,49.558863709],[31.587955902,49.558246633],[31.588000413,49.557972028],[31.587986090339683,49.55797032402353],[31.587980902750502,49.557969706852575],[31.586911573523004,49.55784286624015],[31.586820307,49.55783163]]]]},"id":"372"}]}