{"type":"FeatureCollection","name":"ТОВ_ПОНОМАР_дороги_9","crs":{"type":"name","properties":{"name":"urn:ogc:def:crs:OGC:1.3:CRS84"}},"features":[{"type":"Feature","properties":{"id":"1"},"geometry":{"type":"MultiPolygon","coordinates":[[[[31.643026432,49.497763087],[31.642957432,49.49776159],[31.642930991,49.498082564],[31.642877723,49.498729908],[31.642851267,49.499050981],[31.642773796,49.49999315],[31.642609057,49.501996201],[31.6425724,49.502442624],[31.642640004,49.502460748],[31.642706441,49.501653093],[31.642749218,49.501132629],[31.642780408,49.50075361],[31.642811089,49.500379879],[31.642841907,49.500006157],[31.642872601,49.499632435],[31.642903418,49.499258704],[31.642934096,49.498884892],[31.642964788,49.49851117],[31.642995604,49.498137448],[31.643026432,49.497763087]]]]},"id":"1"},{"type":"Feature","properties":{"id":"2"},"geometry":{"type":"MultiPolygon","coordinates":[[[[31.648302801,49.49786391],[31.648233664,49.497862686],[31.648204783,49.498214576],[31.648175901,49.498566557],[31.648147019,49.498918537],[31.648118136,49.499270428],[31.64808924,49.499622408],[31.648060219,49.499974388],[31.648031335,49.500326279],[31.648002451,49.500678259],[31.647973566,49.50103023],[31.647942577,49.50140773],[31.64789671,49.501965856],[31.647815136,49.502958977],[31.647883808,49.502963799],[31.647988117,49.501695166],[31.648048003,49.500965237],[31.648074066,49.500648299],[31.648100142,49.50033137],[31.648126575,49.500009405],[31.648155643,49.499654638],[31.648186976,49.499273181],[31.648215995,49.498920751],[31.648244889,49.498568321],[31.648273782,49.498215891],[31.648302801,49.49786391]]]]},"id":"2"},{"type":"Feature","properties":{"id":"3"},"geometry":{"type":"MultiPolygon","coordinates":[[[[31.645042211,49.457242355],[31.645032232,49.45719778],[31.64322823,49.457298335],[31.642365855,49.457346332],[31.641712508,49.457382756],[31.641126818,49.457415354],[31.640562104,49.457446853],[31.639991336,49.457478663],[31.639403713,49.457511336],[31.638830998,49.457543214],[31.638262833,49.457574859],[31.63770268,49.457606016],[31.63656181,49.457669522],[31.635994056,49.457701156],[31.63543943,49.457731989],[31.6340594,49.457808788],[31.634003241,49.4578571],[31.634438161,49.457832841],[31.635051484,49.457798771],[31.635669619,49.457764367],[31.636286939,49.457729962],[31.636905776,49.45769556],[31.637524198,49.457661065],[31.638143019,49.457626657],[31.6387689,49.45759185],[31.639418515,49.457555681],[31.640083326,49.457518644],[31.640731008,49.457482551],[31.641354527,49.457447805],[31.641980541,49.45741298],[31.643245255,49.457342515],[31.643954509,49.457303],[31.645042211,49.457242355]]]]},"id":"3"},{"type":"Feature","properties":{"id":"4"},"geometry":{"type":"MultiPolygon","coordinates":[[[[31.621024343,49.509977057],[31.62088531,49.511223644],[31.620745148,49.512479933],[31.620696952,49.512911425],[31.620597495,49.51373096],[31.620445691,49.514981712],[31.620293935,49.516232464],[31.620142088,49.51748309],[31.620079706,49.51799683],[31.619962191,49.518934455],[31.619874826,49.519630985],[31.619827287,49.520009518],[31.619800215,49.520240925],[31.619742552,49.52073291],[31.619675999,49.521300782],[31.619745437,49.521299244],[31.619896142,49.520013097],[31.62000567,49.519139822],[31.620148545,49.51800041],[31.620335589,49.51645953],[31.620532299,49.514838842],[31.620623204,49.514089781],[31.620765797,49.512914824],[31.620885343,49.511843479],[31.62100687,49.51075441],[31.621093672,49.509976598],[31.621024343,49.509977057]]]]},"id":"4"},{"type":"Feature","properties":{"id":"5"},"geometry":{"type":"MultiPolygon","coordinates":[[[[31.563666,49.524132],[31.563628,49.524017],[31.563621,49.523972],[31.563608,49.523894],[31.563678,49.522845],[31.563737,49.521954],[31.563829,49.520585],[31.563849,49.520354],[31.563852,49.520309],[31.563965,49.519003],[31.564031,49.518231],[31.564776,49.518209],[31.565407,49.51819],[31.565515,49.518189],[31.56625,49.518179],[31.566985,49.518169],[31.567735,49.518167],[31.568511,49.518168],[31.569318,49.518169],[31.569392,49.518124],[31.568512,49.518123],[31.56699,49.518124],[31.566249,49.518134],[31.565513,49.518144],[31.564765,49.518164],[31.564031,49.518186],[31.563962,49.518184],[31.563962,49.51823],[31.563935,49.518541],[31.563861,49.519408],[31.563783,49.520307],[31.563752,49.520698],[31.563713,49.521287],[31.563668,49.521955],[31.563637,49.522424],[31.563584,49.523218],[31.563539,49.523896],[31.563559,49.524018],[31.563597,49.524134],[31.563666,49.524132]]]]},"id":"5"},{"type":"Feature","properties":{"id":"6"},"geometry":{"type":"MultiPolygon","coordinates":[[[[31.552477269,49.52426303],[31.552478864,49.524307976],[31.553881739,49.524286997],[31.554506666,49.524277643],[31.554809879,49.52427554],[31.555764846,49.524268954],[31.556585824,49.524263252],[31.556661954,49.524262074],[31.557325277,49.524252029],[31.558022231,49.524241433],[31.558809845,49.524229475],[31.55955217,49.52421819],[31.559719528,49.524216558],[31.561009467,49.524203966],[31.562311257,49.524191245],[31.563562882,49.524178995],[31.563667602,49.52417741],[31.565013537,49.524157046],[31.565811603,49.524144953],[31.566295173,49.524144633],[31.56757612,49.524143823],[31.567670042,49.524143777],[31.568863261,49.524137564],[31.570152473,49.524130949],[31.570151926,49.524085975],[31.568862715,49.524092645],[31.567669745,49.524098822],[31.567576114,49.524098876],[31.566295127,49.524099695],[31.565810756,49.524099997],[31.565011931,49.5241121],[31.563665983,49.524132473],[31.563596952,49.524133517],[31.563561553,49.524134049],[31.562310192,49.524146299],[31.561008431,49.52415902],[31.559718492,49.524171612],[31.559550845,49.524173244],[31.558808231,49.524184529],[31.558020617,49.524196505],[31.557323678,49.524207083],[31.556660328,49.524217154],[31.55658464,49.524218306],[31.555764174,49.52422398],[31.554809179,49.524230593],[31.554505498,49.524232696],[31.553880157,49.524242051],[31.552477269,49.52426303]]]]},"id":"6"},{"type":"Feature","properties":{"id":"7"},"geometry":{"type":"MultiPolygon","coordinates":[[[[31.652394082,49.458725833],[31.652463085,49.458723917],[31.65245861,49.458343268],[31.652454063,49.457966314],[31.652449648,49.457582887],[31.652445141,49.457196123],[31.652440473,49.456802356],[31.652435866,49.456405792],[31.652431244,49.456017689],[31.652426813,49.455642264],[31.65242244,49.455263421],[31.652418056,49.454894191],[31.652413515,49.454500872],[31.652408973,49.454116366],[31.652404578,49.453739043],[31.652400114,49.453366135],[31.652395874,49.453003566],[31.652387409,49.45227816],[31.652382689,49.451880157],[31.652379268,49.451590516],[31.652312343,49.451752681],[31.652329348,49.453206201],[31.652355742,49.455460292],[31.652360813,49.455886707],[31.652365486,49.456287128],[31.652370083,49.45668522],[31.652374792,49.457083573],[31.652385896,49.458024083],[31.652394082,49.458725833]]]]},"id":"7"},{"type":"Feature","properties":{"id":"8"},"geometry":{"type":"MultiPolygon","coordinates":[[[[31.557664692,49.505651975],[31.557658862,49.505696978],[31.56116327,49.505666514],[31.561169096,49.505621429],[31.559682388,49.505634421],[31.557664692,49.505651975]]]]},"id":"8"},{"type":"Feature","properties":{"id":"9"},"geometry":{"type":"MultiPolygon","coordinates":[[[[31.579054198,49.512734894],[31.579128279,49.512054651],[31.579204032,49.511359237],[31.579257917,49.510864774],[31.579306642,49.510416494],[31.579360865,49.509918713],[31.579420747,49.509369013],[31.579479295,49.508831973],[31.57953369,49.508331854],[31.579580058,49.507906754],[31.57951121,49.50790369],[31.579444323,49.508517538],[31.579287673,49.509955717],[31.579221122,49.510566597],[31.579130197,49.511400908],[31.578989873,49.512689335],[31.579054198,49.512734894]]]]},"id":"9"},{"type":"Feature","properties":{"id":"10"},"geometry":{"type":"MultiPolygon","coordinates":[[[[31.636225909,49.521206777],[31.636295391,49.521206039],[31.636373919,49.520653025],[31.636452421,49.520100999],[31.63653062,49.519549963],[31.636609604,49.518994169],[31.636726568,49.518170978],[31.636794684,49.517691262],[31.636842604,49.517353631],[31.636890537,49.517016],[31.636938456,49.516678378],[31.636986375,49.516341107],[31.637034294,49.516004015],[31.637082062,49.515667292],[31.637129967,49.51533074],[31.637225336,49.514658445],[31.637274835,49.514309861],[31.637346707,49.513803823],[31.63744711,49.513096861],[31.63754812,49.512385942],[31.63764883,49.51167709],[31.637748599,49.510973725],[31.637848342,49.510271609],[31.63813168,49.508275566],[31.638062204,49.508276934],[31.637782653,49.510245676],[31.6376818,49.510955687],[31.637580944,49.511665977],[31.637480072,49.512376357],[31.637379211,49.513086727],[31.637278333,49.513797107],[31.637179809,49.514491137],[31.637104156,49.515023577],[31.637038742,49.515484526],[31.636978514,49.515908828],[31.63697831089019,49.515910257211964],[31.636859677,49.516745042],[31.636801342,49.517156143],[31.636743492,49.517562838],[31.636680578,49.518006637],[31.636618946,49.518440013],[31.636562354,49.518838354],[31.636506371,49.519233016],[31.63645025,49.519627678],[31.636394142,49.520022341],[31.636338157,49.520417003],[31.636282033,49.520811665],[31.636225909,49.521206777]]]]},"id":"10"},{"type":"Feature","properties":{"id":"11"},"geometry":{"type":"MultiPolygon","coordinates":[[[[31.654104531,49.503907289],[31.65397014,49.5038939],[31.65250431,49.503669673],[31.651927215,49.503581364],[31.650832458,49.503384492],[31.64935825,49.503119353],[31.648876391,49.503032722],[31.647883808,49.502963799],[31.647815136,49.502958977],[31.646628541,49.502876569],[31.646449758,49.502868775],[31.645140949,49.502811619],[31.644833727,49.502798192],[31.644034621,49.502679066],[31.642726994,49.502484054],[31.642640004,49.502460748],[31.6425724,49.502442624],[31.642268836,49.502361339],[31.642248211,49.502404432],[31.642706092,49.502527058],[31.644823697,49.502842801],[31.646622517,49.502921398],[31.648863479,49.503077039],[31.651910174,49.503624939],[31.653956955,49.503938037],[31.654100158,49.503952394],[31.654104531,49.503907289]]]]},"id":"11"},{"type":"Feature","properties":{"id":"12"},"geometry":{"type":"MultiPolygon","coordinates":[[[[31.653458056,49.500923431],[31.652830016,49.500589005],[31.652292806,49.50030282],[31.651839469,49.500061488],[31.651826874,49.500055462],[31.65136418,49.49983572],[31.650843714,49.499588672],[31.650698025,49.49951945],[31.650555413,49.499639155],[31.650696097,49.499710318],[31.651116522,49.499922916],[31.651884708,49.500311241],[31.652562311,49.500653762],[31.652854915,49.500817933],[31.653251035,49.501040051],[31.654215519,49.501544087],[31.654215684,49.501486543],[31.653295118,49.501005493],[31.652605979,49.500618926],[31.650652189,49.499631234],[31.65071144,49.499581498],[31.651797294,49.50009705],[31.653451186,49.500977864],[31.653458056,49.500923431]]]]},"id":"12"},{"type":"Feature","properties":{"id":"13"},"geometry":{"type":"MultiPolygon","coordinates":[[[[31.635241406,49.497627304],[31.637748168,49.497692704],[31.6381744,49.497703795],[31.638730245,49.497715755],[31.639725887,49.497737109],[31.63972957,49.497692274],[31.638176979,49.497658854],[31.63524276,49.497582355],[31.635241406,49.497627304]]]]},"id":"13"},{"type":"Feature","properties":{"id":"14"},"geometry":{"type":"MultiPolygon","coordinates":[[[[31.575844382,49.528327348],[31.575913599,49.528327006],[31.57604382,49.527140922],[31.576135214,49.526307883],[31.576216419,49.52556827],[31.576296954,49.524834591],[31.576377662,49.524098484],[31.576308465,49.524098835],[31.576176067,49.525305133],[31.576030327,49.526633163],[31.576025327,49.526678167],[31.575875072,49.528047873],[31.57584923,49.528282344],[31.575844382,49.528327348]]]]},"id":"14"},{"type":"Feature","properties":{"id":"15"},"geometry":{"type":"MultiPolygon","coordinates":[[[[31.548604855,49.520743343],[31.550016917,49.521749317],[31.550908181,49.522399163],[31.551415043,49.522964567],[31.552367242,49.524158342],[31.5524438,49.524156806],[31.551475543,49.522942853],[31.551131332,49.522558794],[31.550964352,49.522372561],[31.550569242,49.522084557],[31.550508648,49.522040365],[31.550068195,49.521719165],[31.549578567,49.521370418],[31.548655856,49.520713012],[31.548604855,49.520743343]]]]},"id":"15"},{"type":"Feature","properties":{"id":"16"},"geometry":{"type":"MultiPolygon","coordinates":[[[[31.650363416,49.457915611],[31.650325917,49.45789034],[31.648832942,49.457959189],[31.648441307,49.457977252],[31.648049671,49.457995313],[31.647658021,49.458013372],[31.647265144,49.458031513],[31.646872804,49.458049661],[31.64648103,49.458067717],[31.646029069,49.458088563],[31.644958778,49.45813792],[31.644924351,49.458166529],[31.64522309,49.458152731],[31.645541012,49.45813809],[31.645857003,49.458123522],[31.646175063,49.458108888],[31.646495743,49.458094079],[31.646819195,49.458079113],[31.647145129,49.458064079],[31.647464843,49.458049359],[31.647783867,49.458034629],[31.648103167,49.458019899],[31.648422618,49.458005167],[31.648742193,49.457990443],[31.649061907,49.457975718],[31.649381757,49.457960902],[31.649701759,49.457946175],[31.650021885,49.457931357],[31.650342149,49.457916627],[31.650363416,49.457915611]]]]},"id":"16"},{"type":"Feature","properties":{"id":"17"},"geometry":{"type":"MultiPolygon","coordinates":[[[[31.651015128,49.436287169],[31.650502127,49.436525001],[31.649988006,49.436763452],[31.649476372,49.437000747],[31.648967666,49.437236624],[31.647953983,49.437706604],[31.646935132,49.438178974],[31.646424171,49.438415904],[31.645875532,49.438670268],[31.645363597,49.438907544],[31.644859147,49.439141456],[31.643739319,49.439660607],[31.643756279,49.439707853],[31.644218343,49.439493681],[31.644687482,49.439276226],[31.645156615,49.439058687],[31.645636457,49.438836188],[31.646281702,49.438537044],[31.64743108,49.438004146],[31.648005698,49.437737738],[31.64858002,49.437471507],[31.649154625,49.437205003],[31.649729349,49.436938587],[31.650303941,49.436672077],[31.650878528,49.436405655],[31.651438639,49.436145965],[31.65175915364903,49.43599730701869],[31.651740074157654,49.43598489968193],[31.65170037546106,49.43596941009737],[31.651015128,49.436287169]]]]},"id":"17"},{"type":"Feature","properties":{"id":"18"},"geometry":{"type":"MultiPolygon","coordinates":[[[[31.611895051,49.540165177],[31.612635125,49.540108913],[31.613345042,49.540054832],[31.61482061,49.539942601],[31.615590848,49.539884023],[31.616349728,49.53982626],[31.617104463,49.539768811],[31.61794383815043,49.539704938730175],[31.617922782897892,49.539663949147716],[31.61792114989113,49.53964699397957],[31.617046054,49.539713521],[31.616118785,49.539784125],[31.614264114,49.539925204],[31.613336851,49.539995787],[31.612409447,49.540066352],[31.61141978,49.540141565],[31.609816071,49.540263567],[31.609806549,49.540324006],[31.610339913,49.540283417],[31.61109853,49.54022577],[31.611895051,49.540165177]]]]},"id":"18"},{"type":"Feature","properties":{"id":"19"},"geometry":{"type":"MultiPolygon","coordinates":[[[[31.592451239,49.551216892],[31.592525336,49.55117836],[31.592610461,49.550626245],[31.592695583,49.550074121],[31.592780703,49.549522006],[31.592957984,49.548372599],[31.593045937,49.547801797],[31.593130873,49.54725112],[31.59318033,49.54693069],[31.593017712,49.546921955],[31.593094943,49.54658647],[31.593231545,49.546597878],[31.593249578,49.546481581],[31.593277709,49.546298382],[31.593305965,49.546115182],[31.593390746,49.545565935],[31.593475864,49.545013279],[31.593526571,49.544684594],[31.593490217,49.544684938],[31.593459831,49.544669767],[31.593381696,49.545173748],[31.593284646,49.545803548],[31.593169875,49.546547406],[31.593036604,49.546536202],[31.59303119,49.546559889],[31.592938334,49.546962785],[31.593104544,49.546971733],[31.593058377,49.547270779],[31.592966042,49.547869682],[31.592880815,49.548436012],[31.592794001,49.548997192],[31.592707802,49.549555781],[31.592621914,49.550111664],[31.592536489,49.550665137],[31.592451239,49.551216892]]]]},"id":"19"},{"type":"Feature","properties":{"id":"20"},"geometry":{"type":"MultiPolygon","coordinates":[[[[31.572146591,49.535231676],[31.572187582,49.535195533],[31.571831095,49.535032771],[31.570707555,49.534432302],[31.569924317,49.533991184],[31.569696191,49.533862658],[31.569426973,49.533766443],[31.568808184,49.533636394],[31.568184266,49.533391114],[31.567660146,49.533223609],[31.567057431,49.53307012],[31.567085478,49.532910475],[31.567175246,49.532396092],[31.567271403,49.531836795],[31.567348184,49.531394592],[31.567278398,49.531396008],[31.567180672,49.531958705],[31.56710944,49.53236939],[31.566990891,49.533053129],[31.566917483,49.533034461],[31.564660386,49.532522964],[31.563659443,49.532288991],[31.563645956,49.532285824],[31.56330628,49.53216952],[31.563007396,49.532159001],[31.562580459,49.532054386],[31.561448151,49.531776992],[31.560828282,49.531562006],[31.56083238,49.531614369],[31.561419594,49.531818025],[31.562993003,49.532203479],[31.563287467,49.532213875],[31.563618091,49.532327055],[31.564637344,49.532565298],[31.566893462,49.533076616],[31.567632284,49.533264742],[31.568151056,49.533430857],[31.568779356,49.533677608],[31.569399513,49.533807944],[31.569656527,49.533899743],[31.570662968,49.534466648],[31.571789247,49.535068582],[31.572146591,49.535231676]]]]},"id":"20"},{"type":"Feature","properties":{"id":"21"},"geometry":{"type":"MultiPolygon","coordinates":[[[[31.556804564,49.545498934],[31.556894415,49.54543241],[31.557152064,49.545241644],[31.557409711,49.545050887],[31.557667342,49.54486012],[31.557924985,49.544669263],[31.558182627,49.544478495],[31.558440128,49.544287735],[31.558697751,49.544096966],[31.558955386,49.543906196],[31.559199987,49.543725035],[31.559224657,49.543706708],[31.559527278,49.543482593],[31.559829897,49.543258468],[31.559940488,49.543176564],[31.559894146,49.543143096],[31.559560273,49.543390156],[31.559257376,49.54361446],[31.558979712,49.543819896],[31.558721663,49.544010846],[31.558463612,49.544201786],[31.558205559,49.544392726],[31.557952267,49.544580201],[31.557456046,49.544947502],[31.557209347,49.545129901],[31.556960673,49.545313991],[31.55677186,49.545453617],[31.556616251,49.545569238],[31.556244903,49.545844763],[31.555873689,49.546120188],[31.555917216,49.54615606],[31.556288416,49.545881255],[31.556624145,49.545632604],[31.556804564,49.545498934]]]]},"id":"21"},{"type":"Feature","properties":{"id":"22"},"geometry":{"type":"MultiPolygon","coordinates":[[[[31.545104772,49.545659866],[31.544248907,49.544962113],[31.543241448,49.544140745],[31.542278229,49.543340185],[31.541132362,49.542387705],[31.540188471,49.54160307],[31.540134041,49.541630854],[31.540489447,49.541926207],[31.540846336,49.542222827],[31.541205151,49.54252117],[31.541578226,49.542831313],[31.541972946,49.543159358],[31.542401782,49.543515729],[31.54283812,49.543878371],[31.543187294,49.54416862],[31.543276924,49.544241748],[31.54372061,49.544603449],[31.544164165,49.544965067],[31.544607727,49.545326765],[31.545024357,49.545666488],[31.545405107,49.545975518],[31.545785461,49.546284278],[31.546182138,49.546606202],[31.546238755,49.546580321],[31.545432713,49.545927279],[31.545104772,49.545659866]]]]},"id":"22"},{"type":"Feature","properties":{"id":"23"},"geometry":{"type":"MultiPolygon","coordinates":[[[[31.55311304,49.538659068],[31.553318202,49.538372939],[31.553755792,49.537762408],[31.554018609,49.537395735],[31.554281545,49.537029151],[31.55454434,49.536662476],[31.554807145,49.536295792],[31.55507007,49.535929116],[31.555332866,49.53556244],[31.555595645,49.535195763],[31.55585842,49.534829085],[31.556121343,49.534462407],[31.55638411,49.534095728],[31.556646874,49.533729138],[31.556909647,49.533362458],[31.557172402,49.532995768],[31.557602932,49.532395422],[31.557762916,49.532172389],[31.557901025,49.531979846],[31.55803858,49.531787115],[31.557985744,49.531754584],[31.557705114,49.532146298],[31.557552798,49.532358691],[31.557390978,49.532584405],[31.557138447,49.532936785],[31.556609084,49.533675416],[31.55659009993382,49.53370190454513],[31.55659675598139,49.53370396627021],[31.556339263915955,49.53406604204037],[31.556330893719,49.53406357283409],[31.556079154,49.534414765],[31.555814534,49.534783953],[31.555550186,49.535152771],[31.555285849,49.535521597],[31.555021066,49.535890954],[31.554755865,49.53626103],[31.554490094,49.536631635],[31.55422403,49.53700287],[31.553719148,49.537707085],[31.553473944,49.538049266],[31.55325543,49.538354167],[31.55305224,49.538637616],[31.55311304,49.538659068]]]]},"id":"23"},{"type":"Feature","properties":{"id":"24"},"geometry":{"type":"MultiPolygon","coordinates":[[[[31.55099523,49.538147898],[31.551080008,49.538164512],[31.55208354,49.538347352],[31.552595493,49.538479408],[31.552806719,49.538602429],[31.553186707,49.538736008],[31.555411147,49.539409135],[31.556100257,49.539612931],[31.557162241,49.540178164],[31.558669484,49.541143612],[31.55870193,49.541101265],[31.5576885,49.540452189],[31.557208487,49.540144641],[31.557023025,49.540046027],[31.556967905,49.540016617],[31.556137061,49.539574386],[31.55543999,49.539368284],[31.555020885,49.539241492],[31.55321775,49.538695803],[31.55311304,49.538659068],[31.55305224,49.538637616],[31.552846677,49.538565358],[31.55263245,49.538440595],[31.552105628,49.538304733],[31.551099222,49.538121328],[31.551026135,49.538106974],[31.55099523,49.538147898]]]]},"id":"24"},{"type":"Feature","properties":{"id":"25"},"geometry":{"type":"MultiPolygon","coordinates":[[[[31.527890387,49.492526428],[31.52787269,49.492500205],[31.527631033,49.492511843],[31.527611281,49.492512837],[31.527384131,49.492523788],[31.527132259,49.492535877],[31.527066075,49.492539093],[31.526880788,49.492547965],[31.526789883,49.49255232],[31.52663002,49.492560053],[31.526513001,49.492565636],[31.52637732,49.492572221],[31.526229617,49.49257925],[31.526118119,49.492584607],[31.525935744,49.492593405],[31.525848552,49.492597614],[31.525614499,49.492608859],[31.525553298,49.492611849],[31.525261494,49.492625849],[31.525239244,49.492626914],[31.524692379,49.492653232],[31.524695857,49.492680052],[31.525399811,49.492646256],[31.525874819,49.492623377],[31.525891272,49.492622618],[31.526268459,49.492604488],[31.52628545,49.492603639],[31.52662686,49.49258718],[31.526642609,49.492586511],[31.526976276,49.492570439],[31.526989554,49.492569735],[31.527306078,49.492554601],[31.527315339,49.49255414],[31.527615161,49.492539666],[31.527619992,49.49253944],[31.527890387,49.492526428]]]]},"id":"25"},{"type":"Feature","properties":{"id":"26"},"geometry":{"type":"MultiPolygon","coordinates":[[[[31.570152473,49.524130949],[31.571455359,49.524124157],[31.572858959,49.524116902],[31.574555067,49.524108012],[31.57630841,49.524098835],[31.576377662,49.524098484],[31.576512355,49.524097765],[31.578094783,49.524093853],[31.579333198,49.524090765],[31.57971884,49.524089791],[31.580165393,49.524089753],[31.581056968,49.524089737],[31.582003003,49.524089693],[31.58322768,49.524089612],[31.58491466,49.524075704],[31.586045095,49.52406633],[31.58611443,49.524065802],[31.586278692,49.524063999],[31.586283379,49.524019516],[31.584864321,49.524031207],[31.583227231,49.524044666],[31.582002997,49.524044737],[31.58105699,49.52404479],[31.580165348,49.524044824],[31.579718712,49.524044835],[31.579332946,49.524045801],[31.577489503,49.52405039],[31.57651194,49.52405281],[31.576377137,49.524053519],[31.576307857,49.524053879],[31.574554501,49.524063056],[31.57285834,49.52407191],[31.571454782,49.524079211],[31.570151926,49.524085975],[31.570152473,49.524130949]]]]},"id":"26"},{"type":"Feature","properties":{"id":"27"},"geometry":{"type":"MultiPolygon","coordinates":[[[[31.548337909,49.526837299],[31.548089585,49.527191852],[31.547841257,49.527546314],[31.547592773,49.527900866],[31.547344438,49.528255418],[31.547096085,49.528609968],[31.546847605,49.528964429],[31.546599259,49.529318979],[31.546350757,49.529673528],[31.546102404,49.530028076],[31.545577406,49.53077731],[31.545641297,49.530794468],[31.546580324,49.529454411],[31.546816035,49.529117921],[31.547051867,49.52878143],[31.547287571,49.528444939],[31.547523411,49.528108447],[31.547759109,49.527771955],[31.54799479,49.527435462],[31.548465177,49.526764085],[31.548628117,49.526531559],[31.548764641,49.526336672],[31.548901151,49.526141686],[31.549037673,49.525946799],[31.549174195,49.525751911],[31.549319377,49.525544774],[31.54948046,49.525314666],[31.549658176,49.525060949],[31.549608194,49.525023945],[31.549428781,49.525279982],[31.549259036,49.525522429],[31.549091689,49.525761306],[31.54894565,49.525969783],[31.548801748,49.52617513],[31.548753762,49.526243627],[31.548657844,49.526380567],[31.548514064,49.526585913],[31.548337909,49.526837299]]]]},"id":"27"},{"type":"Feature","properties":{"id":"28"},"geometry":{"type":"MultiPolygon","coordinates":[[[[31.647258415,49.459199013],[31.647295517,49.459151897],[31.645856705,49.459228848],[31.643671315,49.459371366],[31.643610035,49.459420543],[31.645457643,49.459300075],[31.645862962,49.459273581],[31.646509261,49.459239066],[31.647177514,49.45920327],[31.647258415,49.459199013]]]]},"id":"28"},{"type":"Feature","properties":{"id":"29"},"geometry":{"type":"MultiPolygon","coordinates":[[[[31.630103229,49.509891681],[31.629937916,49.511107513],[31.629818015,49.511989568],[31.629766089,49.512348294],[31.629584158,49.51360473],[31.629532827,49.513959859],[31.629429998,49.514681005],[31.629328388,49.515394426],[31.629226002,49.516113053],[31.629122827,49.516837157],[31.629061755,49.517266582],[31.629018999,49.517566657],[31.628914382,49.518301722],[31.628824422,49.518934038],[31.628773333,49.519290793],[31.628737705,49.519539673],[31.628701912,49.519789272],[31.628539959,49.520921145],[31.628485406,49.521301704],[31.628554887,49.521300872],[31.628893127,49.518938241],[31.629130456,49.517270695],[31.629601525,49.513964062],[31.629886709,49.511993681],[31.630172532,49.509892116],[31.630103229,49.509891681]]]]},"id":"29"},{"type":"Feature","properties":{"id":"30"},"geometry":{"type":"MultiPolygon","coordinates":[[[[31.600296715,49.518391609],[31.601693437,49.518417924],[31.603866371,49.518464183],[31.606480805,49.518519742],[31.607524882,49.518550635],[31.607593897,49.518552693],[31.607689415699404,49.51855552625636],[31.609015355,49.518594856],[31.610967217,49.518624519],[31.610972446,49.518579603],[31.609017686,49.518549916],[31.606483567,49.518474802],[31.601695512,49.518372984],[31.600301264,49.518346685],[31.600296715,49.518391609]]]]},"id":"30"},{"type":"Feature","properties":{"id":"31"},"geometry":{"type":"MultiPolygon","coordinates":[[[[31.56821723,49.441394529],[31.567994393,49.441526346],[31.567461247,49.44180555],[31.566767251,49.442169137],[31.566755828,49.442174978],[31.566101498,49.442511097],[31.565489903,49.442825357],[31.564366678,49.443402427],[31.563845584,49.443670107],[31.563755475,49.443716399],[31.563304578,49.443867762],[31.56221609,49.444233065],[31.561678566,49.444413393],[31.561152838,49.444589847],[31.560642792,49.444761039],[31.560149255,49.444926601],[31.559677232,49.445085055],[31.559223388,49.445237366],[31.559004797,49.445310667],[31.558785727,49.445387105],[31.557619969,49.445793916],[31.556646349,49.446133663],[31.555679937,49.446470863],[31.554726691,49.446803491],[31.553798563,49.447127314],[31.553596418,49.447197863],[31.55291583,49.447434961],[31.552114048,49.447714224],[31.551958259,49.447768521],[31.550500847,49.448140486],[31.549668591,49.44835285],[31.548837307,49.448565046],[31.548006719,49.448776966],[31.547187609,49.448986007],[31.546000391,49.449288932],[31.545500197,49.44935169],[31.545518386,49.449395183],[31.546019683,49.449332334],[31.551987124,49.4478094],[31.553628896,49.447237509],[31.559036851,49.445350491],[31.563792948,49.443754375],[31.566810155,49.442204277],[31.568039102,49.441560514],[31.568242568,49.441440235],[31.56821723,49.441394529]]]]},"id":"31"},{"type":"Feature","properties":{"id":"32"},"geometry":{"type":"MultiPolygon","coordinates":[[[[31.5441973,49.552054489],[31.54463784,49.552411494],[31.545061514,49.552754864],[31.5454841,49.553097334],[31.545905601,49.553438885],[31.546060435,49.553564331],[31.546327436,49.553778367],[31.546748612,49.55411587],[31.547168301,49.554452194],[31.547586363,49.55478715],[31.548004845,49.555122374],[31.548624165,49.555627752],[31.549077498,49.555997699],[31.549303568,49.556178487],[31.549797211,49.556573212],[31.55021546,49.556907619],[31.550624724,49.557234944],[31.551033731,49.557561898],[31.551080135,49.557527748],[31.550117454,49.556758013],[31.549131399,49.555969543],[31.548180948,49.555192244],[31.548053518,49.555090436],[31.547111276,49.554335116],[31.546114197,49.553536096],[31.545313782,49.552887484],[31.544201814,49.55198637],[31.5441973,49.552054489]]]]},"id":"32"},{"type":"Feature","properties":{"id":"33"},"geometry":{"type":"MultiPolygon","coordinates":[[[[31.54700949,49.550571288],[31.547384125,49.550877653],[31.547759317,49.551184475],[31.548134639,49.551491476],[31.548510118,49.551798475],[31.548885449,49.552105464],[31.549636277,49.552719457],[31.550013933,49.553028357],[31.551004512,49.553838432],[31.552008984,49.554659849],[31.552737716,49.555255741],[31.553377603,49.555778967],[31.553426281,49.555741874],[31.552787072,49.555219188],[31.552201202,49.554740189],[31.55148514,49.554154646],[31.550682175,49.55349798],[31.549884391,49.552845667],[31.549450403,49.552490721],[31.549068537,49.552178368],[31.548686663,49.551866105],[31.548303852,49.551552932],[31.547918999,49.551238213],[31.547536323,49.550925217],[31.54717502,49.550629664],[31.546832903,49.550349908],[31.546518394,49.55009268],[31.546243207,49.549867598],[31.545976998,49.549649884],[31.54571093,49.54943225],[31.544813252,49.548697951],[31.54393745,49.547981502],[31.543879396,49.548010961],[31.543929991672428,49.54805234812912],[31.54504333,49.548963056],[31.545328712,49.5491964],[31.545624304,49.549438192],[31.545931584,49.549689607],[31.546262683,49.54996037],[31.54700949,49.550571288]]]]},"id":"33"},{"type":"Feature","properties":{"id":"34"},"geometry":{"type":"MultiPolygon","coordinates":[[[[31.558609546,49.54776966],[31.558930144,49.547532294],[31.559230968,49.547309502],[31.55954202,49.547079071],[31.560238555,49.546563322],[31.560606794,49.546290555],[31.560988199,49.546008087],[31.56135447,49.54573691],[31.561995457,49.545262062],[31.562306483,49.545031804],[31.562638668,49.544785708],[31.562596643,49.544748714],[31.562270656,49.544990149],[31.561925573,49.545245763],[31.561580473,49.545501376],[31.561236087,49.545756448],[31.56091369,49.545995161],[31.560610783,49.54621955],[31.560316971,49.54643709],[31.560023171,49.54665472],[31.559729368,49.546872268],[31.55943541,49.547089888],[31.559141602,49.547307516],[31.558847929,49.547525061],[31.558700877,49.547633911],[31.558553963,49.547742688],[31.558187386,49.548014206],[31.558231068,49.548049897],[31.558609546,49.54776966]]]]},"id":"34"},{"type":"Feature","properties":{"id":"35"},"geometry":{"type":"MultiPolygon","coordinates":[[[[31.549956993,49.53193389],[31.550021453,49.531950334],[31.550993059,49.530563393],[31.551213255,49.530249064],[31.551433449,49.529934734],[31.551641998,49.529637034],[31.551778505,49.529442144],[31.551906074,49.529260034],[31.552033642,49.529077932],[31.552167029,49.528887593],[31.552313201,49.528678851],[31.552441759,49.52849531],[31.552394902,49.528453927],[31.552215919,49.528709429],[31.552059375,49.52893275],[31.551916043,49.52913739],[31.551782654,49.5293279],[31.551649264,49.52951841],[31.551515583,49.529709101],[31.55134866,49.52994753],[31.551118245,49.53027643],[31.550887814,49.530605329],[31.550657393,49.530934138],[31.550426955,49.531263036],[31.549956993,49.53193389]]]]},"id":"35"},{"type":"Feature","properties":{"id":"36"},"geometry":{"type":"MultiPolygon","coordinates":[[[[31.553715138,49.546914197],[31.554019773,49.547161159],[31.554315434,49.54740095],[31.554618304,49.547646555],[31.554927705,49.547897334],[31.555240513,49.548151023],[31.555556864,49.548407426],[31.555878516,49.548668195],[31.55620753,49.548934956],[31.556543892,49.549207629],[31.55688106,49.549481011],[31.557218384,49.549754401],[31.557555574,49.55002779],[31.557892767,49.550301178],[31.558297316,49.550629063],[31.55919734,49.551358662],[31.559244437,49.551324067],[31.558715782,49.550895467],[31.558311214,49.550567583],[31.557908976,49.550241433],[31.557508652,49.549916908],[31.557126011,49.549606731],[31.556437911,49.54904887],[31.55610985,49.548782927],[31.555782885,49.548517891],[31.555456324,49.548253123],[31.555129642,49.547988183],[31.554802688,49.547723045],[31.55447546,49.547457825],[31.554148097,49.547192425],[31.553820476,49.546926835],[31.553491903,49.546660426],[31.553161425,49.546392389],[31.551717933,49.545221845],[31.551662124,49.545249526],[31.552767259,49.546145582],[31.553715138,49.546914197]]]]},"id":"36"},{"type":"Feature","properties":{"id":"37"},"geometry":{"type":"MultiPolygon","coordinates":[[[[31.59927095,49.499067369],[31.599201172,49.499680126],[31.599127433,49.500327746],[31.599053705,49.500975357],[31.598981928,49.501605729],[31.598911317,49.502225851],[31.598772543,49.503444449],[31.59870323,49.504053708],[31.598633763,49.504663048],[31.598564447,49.505272306],[31.598494976,49.505881654],[31.598425656,49.506490904],[31.598286845,49.507709501],[31.598217368,49.508318849],[31.598148041,49.508928098],[31.598078561,49.509537445],[31.598009217,49.510146694],[31.597939746,49.510755592],[31.597875012,49.511324061],[31.597808973,49.511903852],[31.597744751,49.512467286],[31.597686772,49.512976731],[31.597618108,49.513578704],[31.597686926,49.513582935],[31.597814911,49.512459287],[31.597878642,49.51189963],[31.597942198,49.511342383],[31.598005778,49.510784155],[31.598068854,49.510230064],[31.598131754,49.509678481],[31.598194326,49.509129417],[31.598256583,49.50858224],[31.598317682914484,49.50804588329127],[31.598310470581,49.50804546389505],[31.598334894176954,49.50789480021698],[31.598380892,49.507491025],[31.598442806,49.506947175],[31.598505033,49.506401428],[31.598567759,49.505850393],[31.598630823,49.505296742],[31.598694034,49.504741571],[31.598759076,49.504170402],[31.598826221,49.503581538],[31.59888944,49.503025737],[31.598952811,49.502469936],[31.599016177,49.501913227],[31.599085172,49.501306665],[31.599171408,49.500549729],[31.599339761,49.49907141],[31.59927095,49.499067369]]]]},"id":"37"},{"type":"Feature","properties":{"id":"38"},"geometry":{"type":"MultiPolygon","coordinates":[[[[31.584525556,49.504021465],[31.584456725,49.504017946],[31.584379915,49.504723344],[31.584303077,49.505430001],[31.584226237,49.506136649],[31.584149257,49.506843306],[31.584072412,49.507549954],[31.583995566,49.50825661],[31.583918579,49.508963168],[31.583841728,49.509669824],[31.583764736,49.510376481],[31.583687881,49.511083128],[31.583611023,49.511789784],[31.583534012,49.51249643],[31.58345715,49.513203086],[31.583380285,49.513909643],[31.583300263,49.514644416],[31.583122206,49.51627961],[31.583184038,49.516348258],[31.583204231,49.516162297],[31.583246739,49.515771599],[31.583292266,49.515353503],[31.583337941,49.514933608],[31.583383628,49.514513624],[31.583429467,49.514093549],[31.583475153,49.513673205],[31.583520989,49.51325268],[31.583566687,49.512832066],[31.583612521,49.512411182],[31.583658368,49.511990217],[31.5837042,49.511569063],[31.583750045,49.51114773],[31.58379589,49.510726665],[31.58384172,49.510305871],[31.583887413,49.509885436],[31.583933229,49.50946528],[31.583978907,49.509045385],[31.584024571,49.508625939],[31.584070096,49.508206673],[31.584115746,49.507787767],[31.584161257,49.507368941],[31.584206919,49.506950215],[31.584252428,49.506531488],[31.58434357,49.505694394],[31.584434584,49.5048573],[31.584480227,49.504438573],[31.584525556,49.504021465]]]]},"id":"38"},{"type":"Feature","properties":{"id":"39"},"geometry":{"type":"MultiPolygon","coordinates":[[[[31.522472,49.500492],[31.522523,49.500404],[31.522594,49.500281],[31.522665,49.500157],[31.522737,49.500032],[31.52281,49.499905],[31.522884,49.499777],[31.522959,49.499648],[31.523034,49.499516],[31.523111,49.499384],[31.523188,49.499249],[31.523267,49.499113],[31.523346,49.498975],[31.52342719338623,49.49883566209231],[31.523427,49.498836],[31.523508,49.498694],[31.523591,49.49855],[31.523675,49.498404],[31.52376,49.498256],[31.523844,49.498111],[31.523917,49.497985],[31.523924,49.497965],[31.523979,49.497816],[31.524033,49.497667],[31.524087,49.497519],[31.524142,49.497371],[31.524195,49.497224],[31.52421,49.497184],[31.524235,49.497076],[31.524242,49.497049],[31.524276,49.496903],[31.524309,49.496759],[31.524343,49.496616],[31.524376,49.496475],[31.524408,49.496335],[31.524441,49.496196],[31.524473,49.496058],[31.524489,49.495992],[31.52449687848208,49.49592207847154],[31.524496078491158,49.49592194580922],[31.524496078491158,49.49578257756497],[31.524511768987356,49.495785125316345],[31.524512,49.495783],[31.524527,49.495647],[31.524543,49.495512],[31.524557,49.495379],[31.524572,49.495248],[31.524586,49.495127],[31.524587,49.495118],[31.524601,49.49499],[31.524615,49.494864],[31.524629,49.49474],[31.524642,49.494617],[31.524656,49.494496],[31.524682,49.494259],[31.524695,49.494142],[31.524708,49.494026],[31.52472,49.493912],[31.524733,49.493799],[31.524743,49.493707],[31.524743,49.493687],[31.52474,49.493464],[31.524739,49.493355],[31.524738,49.493248],[31.524737,49.493142],[31.524736,49.492995],[31.524696,49.49268],[31.524692,49.492653],[31.524624,49.492656],[31.524633,49.492731],[31.524656,49.49291],[31.524667,49.492993],[31.524668,49.493098],[31.52467,49.493299],[31.524672,49.493517],[31.524674,49.493708],[31.524639,49.494024],[31.524608,49.494304],[31.524578,49.494572],[31.524551,49.494821],[31.524525,49.495055],[31.524517,49.495123],[31.5245,49.495275],[31.524476,49.495484],[31.524454,49.495684],[31.524433,49.495875],[31.52442,49.49599],[31.524403,49.496061],[31.52436,49.496245],[31.524318,49.496425],[31.524276,49.496603],[31.524235,49.496778],[31.524155,49.497121],[31.524142,49.497175],[31.5241,49.49729],[31.524038,49.49746],[31.523976,49.497629],[31.52391414646857,49.49779859839263],[31.523914,49.497799],[31.523852,49.497968],[31.52385,49.497974],[31.523754,49.498142],[31.523652,49.49832],[31.523547,49.498502],[31.52344,49.498688],[31.523107117474655,49.499267795389486],[31.523122787475526,49.499266664612556],[31.5230098130613,49.49943786586677],[31.522992,49.499469],[31.522874,49.499673],[31.522742,49.499903],[31.522422,49.50046],[31.522472,49.500492]]]]},"id":"39"},{"type":"Feature","properties":{"id":"40"},"geometry":{"type":"MultiPolygon","coordinates":[[[[31.529508604,49.452821336],[31.531227285,49.452345043],[31.531871191,49.452167381],[31.532587844,49.451989641],[31.533364738,49.451798428],[31.534241284,49.45160861],[31.535201182,49.451402712],[31.536573426,49.451107635],[31.537555513,49.450943753],[31.537913328,49.450887208],[31.538973689,49.450639301],[31.540170425,49.450364687],[31.541157849,49.450165877],[31.541502158,49.450098572],[31.541500851,49.450053625],[31.541116363,49.450130007],[31.540146381,49.450322553],[31.538930935,49.450604033],[31.537884804,49.45084628],[31.537515518,49.450907136],[31.536570773,49.451062725],[31.5362403,49.451133967],[31.535159134,49.451367074],[31.534196121,49.451574646],[31.533322415,49.451762942],[31.533296518,49.451768524],[31.532545025,49.451954398],[31.531830469,49.452131103],[31.531822154,49.452133191],[31.531184233,49.452309917],[31.529465856,49.452786065],[31.529508604,49.452821336]]]]},"id":"40"},{"type":"Feature","properties":{"id":"41"},"geometry":{"type":"MultiPolygon","coordinates":[[[[31.546343548,49.515725501],[31.546278175,49.515770905],[31.546742395,49.515767267],[31.547210896,49.51576358],[31.547709929,49.51575969],[31.548287828,49.5157551],[31.548936708,49.515750019],[31.549585326,49.515744925],[31.55023241,49.51573981],[31.550877989,49.515734773],[31.551521759,49.515729626],[31.552164024,49.515724556],[31.552804617,49.515719475],[31.553444244,49.515714462],[31.554083056,49.515709347],[31.555358041,49.51569928],[31.555994215,49.515694228],[31.556630112,49.515689172],[31.557266852,49.515684113],[31.557903992,49.515679059],[31.558541822,49.51567401],[31.559180633,49.515668867],[31.559820258,49.51566382],[31.560460726,49.515658687],[31.561102146,49.515653559],[31.561744409,49.515648436],[31.56238721,49.51564331],[31.563030577,49.515638188],[31.563675449,49.51563299],[31.564321163,49.515627878],[31.564326573,49.515582875],[31.563535985,49.515589145],[31.562796629,49.515595112],[31.562094987,49.515600659],[31.561417097,49.515606126],[31.560759092,49.515611391],[31.560119468,49.515616444],[31.5594993,49.515621384],[31.558902222,49.515626139],[31.557723091,49.515635596],[31.557133318,49.51564023],[31.556543406,49.515644942],[31.555953509,49.51564957],[31.555363321,49.515654276],[31.554772995,49.515658979],[31.554182255,49.51566368],[31.55359139,49.515668368],[31.553000373,49.515672973],[31.552409356,49.515677656],[31.551818201,49.515682344],[31.55122677,49.515687021],[31.550021963,49.515696536],[31.548517284,49.51570835],[31.546343548,49.515725501]]]]},"id":"41"},{"type":"Feature","properties":{"id":"42"},"geometry":{"type":"MultiPolygon","coordinates":[[[[31.632478105,49.454156645],[31.632610886,49.454214019],[31.632993198417893,49.454351056990966],[31.632993151,49.45435104],[31.633288649,49.454456924],[31.633292392,49.454463879],[31.633450523,49.454749647],[31.633645816,49.455102672],[31.633878412,49.455522971],[31.633935435,49.455621135],[31.633671784,49.455899153],[31.633398997,49.456186541],[31.633251283,49.456342252],[31.633095426,49.456506612],[31.632933103,49.456677587],[31.632765003,49.456854801],[31.632590726,49.457038539],[31.632409556,49.457229416],[31.632223764,49.457425206],[31.632039222,49.457619655],[31.631862973,49.457805445],[31.631693036,49.457984538],[31.631519878,49.458167024],[31.630730951,49.458998388],[31.630520477,49.458833068],[31.630303881,49.458662846],[31.630080362,49.458487363],[31.629849491,49.45830598],[31.629365486644918,49.45792567048152],[31.62933826446527,49.4579433650776],[31.62933826446527,49.457946571476064],[31.630074862,49.458525177],[31.630432126,49.458805879],[31.630707897,49.459022582],[31.629267108,49.459085294],[31.628956924,49.459098776],[31.628566801,49.459115807],[31.628029253,49.459139177],[31.62750729,49.459161853],[31.627025792,49.459182765],[31.626564155,49.459202844],[31.626119372,49.459222228],[31.625274243,49.459259002],[31.62487129,49.459276547],[31.624101809,49.459309922],[31.623745515,49.45932548],[31.623408129,49.4593401],[31.623086894,49.459354027],[31.622777796,49.459367509],[31.622473815,49.45938076],[31.622174399,49.459393772],[31.62187952,49.459406553],[31.621588793,49.459419177],[31.621302065,49.45943166],[31.621019075,49.459443896],[31.620739395,49.459456066],[31.620600644,49.459462117],[31.620462735,49.459468078],[31.620189675,49.459479942],[31.6199198,49.45949165],[31.619653222,49.45950329],[31.61938983,49.459514675],[31.619129472,49.459526002],[31.618871873,49.459537173],[31.61861648,49.45954826],[31.618363018,49.459559282],[31.6178615,49.459581084],[31.617613417,49.459591874],[31.617367416,49.45960249],[31.617123346,49.459613131],[31.616881206,49.459623598],[31.616641136,49.459634081],[31.616402872,49.4596444],[31.61616225,49.459654882],[31.615911835,49.459665742],[31.615640703,49.459677513],[31.615283286,49.459693037],[31.614858783,49.459711459],[31.614222247,49.459739044],[31.612846034,49.459798727],[31.612812277,49.459827235],[31.613465655,49.459798886],[31.613819625,49.459783524],[31.614117115,49.459770608],[31.614385075,49.459758997],[31.614648883,49.459747524],[31.614913657,49.459736059],[31.61517941,49.45972452],[31.615446114,49.45971298],[31.615982847,49.45968966],[31.616252737,49.459677962],[31.61652373,49.45966619],[31.616795827,49.459654416],[31.617069026,49.45964247],[31.617343468,49.45963063],[31.61761915,49.459618617],[31.617896073,49.459606611],[31.618174238,49.459594522],[31.618453795,49.459582359],[31.618734442,49.459570204],[31.619299887,49.459545643],[31.619584547,49.459533248],[31.620445823,49.459495915],[31.620735447,49.459483286],[31.621026313,49.459470656],[31.62131871,49.459457951],[31.621612196,49.459445164],[31.621907199,49.459432383],[31.622203595,49.459419528],[31.622501356,49.45940659],[31.62280051,49.459393578],[31.623101043,49.459380483],[31.623403232,49.459367394],[31.623483269365327,49.45936389817329],[31.623705791362024,49.45935417898355],[31.623706661,49.459354141],[31.624011745,49.459340894],[31.624318346,49.459327564],[31.624626464,49.459314169],[31.624936099,49.459300682],[31.625247403,49.45928721],[31.625560348,49.459273573],[31.626191092,49.459246148],[31.626509015,49.459232278],[31.626828731,49.459218415],[31.627150378,49.459204387],[31.627473955,49.459190374],[31.627799753,49.459176195],[31.628127468,49.459161942],[31.628457403,49.459147524],[31.628789545,49.459133129],[31.629457413,49.45910408],[31.629798519,49.459089205],[31.630148466,49.459073941],[31.630740545,49.45904818],[31.631191286,49.459402322],[31.631503251,49.45964735],[31.631744613,49.45983699],[31.631794746,49.459834128],[31.631502502,49.459604453],[31.631264129,49.459417255],[31.63101651,49.459222802],[31.63075883,49.459020268],[31.631380514,49.458365143],[31.631720503,49.458006868],[31.631877373,49.45784143],[31.632027476,49.457683318],[31.632174207,49.4575286],[31.632318834,49.457376293],[31.632461203,49.4572263],[31.632601468,49.457078367],[31.632739902,49.456932568],[31.632876383,49.45678874],[31.633011019,49.456646784],[31.63314384,49.456506799],[31.633275105,49.456368416],[31.633404678,49.456231815],[31.63353271,49.456096915],[31.633659338,49.455963527],[31.633792857,49.455822821],[31.633953921,49.455652925],[31.633991406,49.455717403],[31.634568317,49.455884916],[31.634545777,49.45584887],[31.634024026,49.455697323],[31.633917199,49.455513638],[31.633322224,49.45443821],[31.632632257,49.454190896],[31.632221198,49.454013464],[31.632159162,49.45401902],[31.632478105,49.454156645]]]]},"id":"42"},{"type":"Feature","properties":{"id":"43"},"geometry":{"type":"MultiPolygon","coordinates":[[[[31.520997453,49.478615948],[31.520902392,49.478291938],[31.520676096,49.477779639],[31.520557075,49.477499789],[31.519631873,49.475529335],[31.518524791,49.47421716],[31.517921519,49.473217075],[31.517885856,49.472998934],[31.517554067,49.472216349],[31.516511154,49.470592328],[31.515793666,49.469297324],[31.514820106,49.467875338],[31.514403557,49.467146801],[31.514115783,49.46649201],[31.513940401,49.465758155],[31.513794942,49.464309003],[31.513430063,49.462719334],[31.513359609,49.461252937],[31.513228272,49.460565766],[31.513362817,49.45905723],[31.513418218,49.457993924],[31.513668629,49.457055906],[31.513835065,49.456686696],[31.51480646,49.455602337],[31.516321791,49.453780618],[31.517078685,49.45319587],[31.518191368,49.452474781],[31.518700906,49.452181756],[31.520515284925242,49.451171072492656],[31.52050495147699,49.45116435476182],[31.52047491067443,49.451151125086675],[31.520467838,49.451155006],[31.520066817,49.451374679],[31.519656153,49.451599674],[31.519235186,49.451830326],[31.518803046,49.452067092],[31.518656484,49.452147398],[31.518368505,49.45231309],[31.518145829,49.452441125],[31.517952444,49.452566439],[31.517562458,49.452819109],[31.517181128,49.453066102],[31.517030085,49.453163994],[31.51683382,49.453315535],[31.516523675,49.453555035],[31.516269123,49.453751584],[31.516242142,49.453783992],[31.516047816,49.45401728],[31.515873577,49.454226558],[31.515714294,49.454417887],[31.515600812,49.454554138],[31.515458072,49.454725647],[31.515304316,49.454910277],[31.51513586,49.455112414],[31.514949728,49.45533606],[31.514745793,49.455580864],[31.514743105,49.455583814],[31.514498322,49.455857134],[31.514221658,49.456165974],[31.513915056,49.456508353],[31.513775528,49.456664072],[31.513672514,49.456889684],[31.513602405,49.4570432],[31.513540495,49.457275372],[31.513443695,49.457638253],[31.513354349,49.457973593],[31.513349278,49.45799234],[31.513333346,49.458298909],[31.513318126,49.458589743],[31.513304403,49.458854429],[31.513293876,49.459055745],[31.513290136,49.459098427],[31.513269864,49.459324839],[31.513250802,49.459539122],[31.513232648,49.459743073],[31.513215209,49.459938042],[31.513182462,49.460305249],[31.513166976,49.460479007],[31.513159494,49.460563194],[31.513176954,49.460655595],[31.513210133,49.460830768],[31.513241573,49.460996393],[31.513271368,49.461154088],[31.513280237,49.461200644],[31.513285348,49.461227752],[31.513291218,49.461258465],[31.5133612,49.462720727],[31.513548297,49.46353741],[31.513726658,49.46431571],[31.513787592,49.464922973],[31.513871631,49.465761166],[31.514047634,49.466498888],[31.514264271,49.466992932],[31.514275743,49.467019023],[31.514328119,49.467138511],[31.51433723,49.467159181],[31.514384947,49.467242668],[31.514414664,49.467294715],[31.514444382,49.467346851],[31.514504107,49.467451304],[31.514564095,49.467556027],[31.51462407,49.4676612],[31.514684307,49.467766642],[31.514744834,49.467872453],[31.51475549,49.467891063],[31.514815308,49.467976635],[31.514887741,49.468080295],[31.514960022,49.468183865],[31.515032318,49.468287255],[31.515104476,49.468390457],[31.515176496,49.468493577],[31.51524853,49.468596518],[31.515320275,49.46869936],[31.515392034,49.468802022],[31.515463655,49.468904513],[31.515535291,49.469006905],[31.515606774,49.469109117],[31.515677996,49.46921124],[31.515747465,49.469310557],[31.515748928,49.469313272],[31.515805334,49.469418049],[31.51586214,49.469523284],[31.515919071,49.469629058],[31.515976278,49.469735201],[31.516033748,49.469841875],[31.51609148,49.469949097],[31.516149489,49.470056768],[31.516207746,49.470164898],[31.51626628,49.470273648],[31.516325076,49.470382857],[31.516384287,49.470492524],[31.516443622,49.470602812],[31.51644601,49.470607235],[31.516513042,49.470711749],[31.516583029,49.470820606],[31.516653002,49.470929552],[31.516722989,49.471038579],[31.516793101,49.471147705],[31.516863213,49.471256921],[31.516933339,49.471366137],[31.516950072498336,49.471392173],[31.51700359,49.471475442],[31.517074241,49.471585467],[31.517146356,49.471697757],[31.517220087,49.471812574],[31.517295157,49.471929566],[31.517371704,49.472048635],[31.517449439,49.472169781],[31.517490522,49.472233703],[31.517516759,49.472295334],[31.517572643,49.472426364],[31.517688748,49.472698989],[31.517749107,49.472840754],[31.517811193,49.472986493],[31.517818043,49.473002649],[31.517840473,49.473143646],[31.517852987,49.473221887],[31.517899818,49.473301956],[31.5179908,49.473457742],[31.518083399,49.473616145],[31.518177724,49.473777721],[31.518274065,49.473942543],[31.518371595,49.474109442],[31.518453648,49.474249782],[31.518543829,49.474356377],[31.518611372,49.474436074],[31.518744954,49.47459402],[31.518877074,49.474750069],[31.519007704,49.474904302],[31.519136706,49.475056719],[31.519264245,49.475207428],[31.519390419,49.475356491],[31.519515254,49.475504026],[31.519672802,49.475816832],[31.519752716,49.475975487],[31.519833418,49.47613568],[31.519914907,49.47629759],[31.519997212,49.476461037],[31.520080428,49.476626192],[31.520164447,49.476793163],[31.520249404,49.476961932],[31.520335412,49.477132598],[31.52042236,49.477305161],[31.520523781,49.477506628],[31.52056705,49.477662097],[31.520602455,49.477789264],[31.520627123,49.477846569],[31.520705329,49.478028682],[31.520783535,49.478210616],[31.520825207,49.478307714],[31.520835414,49.478397355],[31.520858003,49.478593746],[31.520869609,49.478662501],[31.520875763,49.478693429],[31.520997453,49.478615948]]]]},"id":"43"},{"type":"Feature","properties":{"id":"44"},"geometry":{"type":"MultiPolygon","coordinates":[[[[31.616696096,49.510034542],[31.616506077,49.511599031],[31.616373299,49.512691901],[31.61629612,49.51332709],[31.61623484,49.513831045],[31.616174171,49.514331484],[31.616113364,49.514831842],[31.616051754,49.515338216],[31.615941485,49.516245682],[31.615939068411684,49.51626557319346],[31.61594867706293,49.516265450874954],[31.61586284637445,49.51701771966635],[31.61584766638687,49.5170179129052],[31.615757582,49.517759407],[31.615669821,49.51848218],[31.615581932,49.519204952],[31.615494028,49.519927725],[31.615406272,49.520650497],[31.615317875,49.521377405],[31.615387219,49.521376851],[31.615480329,49.520610331],[31.615571623,49.519859989],[31.61566474,49.51909337],[31.615757841,49.51832685],[31.615851402,49.517557371],[31.615995895,49.516368375],[31.616161133,49.515008345],[31.616279671,49.51403252],[31.616424793,49.512837867],[31.616592445,49.51145807],[31.616765425,49.510034076],[31.616696096,49.510034542]]]]},"id":"44"},{"type":"Feature","properties":{"id":"45"},"geometry":{"type":"MultiPolygon","coordinates":[[[[31.65305649,49.445564516],[31.653141576,49.445516489],[31.653768766,49.445163046],[31.654241324,49.444924184],[31.654902819,49.44473211],[31.655410884,49.444994426],[31.655848331,49.444792433],[31.656109058,49.444794338],[31.656676543,49.444945768],[31.657854707,49.445311599],[31.658301576,49.44551653],[31.659064586,49.445654176],[31.660736982,49.446135259],[31.661815972,49.445963983],[31.662863095,49.445937322],[31.663985697,49.445908764],[31.663985341,49.445863817],[31.663912256,49.445872714],[31.663765957106587,49.445875351783364],[31.663080702,49.445887707],[31.662860244,49.445892405],[31.661812584,49.445919076],[31.661252096,49.446009159],[31.66074522,49.446090614],[31.659761221,49.445806304],[31.659091094,49.445612681],[31.658810446,49.445562337],[31.658334159,49.445476915],[31.658155966,49.445395149],[31.657899981,49.445277694],[31.657042244,49.445010154],[31.656710879,49.444906789],[31.656138342,49.44475364],[31.655981047,49.444750301],[31.655817453,49.444752238],[31.655409921,49.444947061],[31.655199797,49.44483416],[31.654912956,49.444680037],[31.654199044,49.444888626],[31.653726487,49.445127577],[31.653025187,49.445524447],[31.65305649,49.445564516]]]]},"id":"45"},{"type":"Feature","properties":{"id":"46"},"geometry":{"type":"MultiPolygon","coordinates":[[[[31.524624802,49.484007094],[31.524691661,49.483995976],[31.523990416,49.483184257],[31.523664216,49.482807824],[31.523452928,49.482564159],[31.52335274,49.482449712],[31.523195833,49.482334493],[31.522876566,49.482126301],[31.522539826,49.481905289],[31.52162792,49.481310178],[31.521598257,49.481293549],[31.521311945,49.481021859],[31.520684113,49.480435671],[31.520623403,49.480457036],[31.520838141,49.480657655],[31.521094876,49.48089692],[31.521249757,49.48104131],[31.521404474,49.481185402],[31.52153916,49.481310985],[31.521564172,49.48132739],[31.521757482,49.481454149],[31.521945367,49.481577339],[31.522128201,49.481697211],[31.522480482,49.481928219],[31.522650494,49.482039714],[31.522816698,49.482148656],[31.522979506,49.482255404],[31.523138988,49.482359968],[31.523272656,49.482447615],[31.5232879,49.482465091],[31.523392107,49.482585391],[31.523497336,49.482706751],[31.523603546,49.482829245],[31.523819061,49.483077764],[31.523928338,49.483203853],[31.524603758,49.483982732],[31.524624802,49.484007094]]]]},"id":"46"},{"type":"Feature","properties":{"id":"47"},"geometry":{"type":"MultiPolygon","coordinates":[[[[31.624829973,49.548800826],[31.624871619,49.548837195],[31.626501488,49.548246122],[31.627619873,49.547833687],[31.627585184,49.547794757],[31.624829973,49.548800826]]]]},"id":"47"},{"type":"Feature","properties":{"id":"48"},"geometry":{"type":"MultiPolygon","coordinates":[[[[31.599933768,49.544918229],[31.600012826,49.544269845],[31.60005243592122,49.54396901497121],[31.600069999694764,49.54372968860614],[31.600083964300897,49.5437295627564],[31.600086849,49.543707654],[31.600159916,49.543151848],[31.600230422,49.542615249],[31.600266736,49.542338695],[31.600303036,49.542062222],[31.600377052,49.541500121],[31.600450914,49.54093802],[31.600521566,49.540401249],[31.600594636,49.539844894],[31.600664469,49.539314499],[31.60074333180404,49.53871447468275],[31.600799560546818,49.538215795857695],[31.600808885544946,49.53821571181085],[31.600812356,49.538189307],[31.600886876,49.53762217],[31.60096153,49.537054502],[31.601036182,49.536486474],[31.60111101,49.535917089],[31.601186475,49.535342955],[31.601267053,49.534730461],[31.601343153,49.534151201],[31.601419252,49.533572032],[31.601495348,49.532992862],[31.601573225,49.532400222],[31.601655888,49.531771649],[31.601752528,49.531036014],[31.601683019,49.531037271],[31.601625221,49.531477574],[31.601520879,49.532271146],[31.60152039,49.532275462],[31.601441096,49.532877715],[31.601363545,49.533468376],[31.60128618,49.534056619],[31.6012091,49.534643513],[31.601170498,49.534937144],[31.601131881,49.535230856],[31.601054648,49.535818649],[31.600977276,49.536406981],[31.600900025,49.536994953],[31.600743477,49.538185887],[31.600668192,49.538757871],[31.600593356,49.539327517],[31.600518693,49.539895194],[31.600444506,49.540459633],[31.600370317,49.541023703],[31.600295963,49.541589131],[31.600218709,49.542176923],[31.600145331,49.542734716],[31.600075788,49.543263492],[31.600002232,49.543823614],[31.599858172,49.544918986],[31.599933768,49.544918229]]]]},"id":"48"},{"type":"Feature","properties":{"id":"49"},"geometry":{"type":"MultiPolygon","coordinates":[[[[31.540238315,49.554890909],[31.540326509,49.554896606],[31.541305041,49.554175786],[31.542235977,49.553490004],[31.5440284,49.552169442],[31.5441973,49.552054489],[31.544201814,49.55198637],[31.543941014,49.552165797],[31.542657387,49.553110569],[31.54125682,49.554141367],[31.540238315,49.554890909]]]]},"id":"49"},{"type":"Feature","properties":{"id":"50"},"geometry":{"type":"MultiPolygon","coordinates":[[[[31.554169051,49.539358786],[31.554078447,49.539285936],[31.553940754,49.539247311],[31.553460245,49.539188533],[31.553155348,49.539186758],[31.551726673,49.539018242],[31.551611196,49.53900282],[31.551229197,49.538887111],[31.550710599,49.538662298],[31.550524513,49.538597463],[31.550286059,49.538539493],[31.5497811,49.538459904],[31.549336215,49.538367323],[31.549284399,49.538374538],[31.549253571,49.538397397],[31.549761858,49.538504527],[31.550128939,49.538562389],[31.550265173,49.538583828],[31.550495087,49.538639752],[31.550674055,49.538702091],[31.550702142,49.538714199],[31.551133591,49.538901341],[31.551194284,49.53892755],[31.551588791,49.539047048],[31.551713223,49.539063717],[31.552572848,49.539165084],[31.553148655,49.539233012],[31.553234855,49.539233539],[31.553453263,49.539234787],[31.553769614,49.539273519],[31.553919857,49.539291827],[31.55403418,49.539323972],[31.554121258,49.539394089],[31.552590178,49.540527956],[31.552335352,49.54071666],[31.55208051,49.540905463],[31.551825529,49.541094166],[31.551570683,49.541282959],[31.551315698,49.54147176],[31.551051598,49.541667398],[31.550729192,49.541906083],[31.550772711,49.541941957],[31.551126803,49.541679701],[31.551481733,49.541416922],[31.551821956,49.541164991],[31.552461567,49.540691356],[31.552768274,49.540464227],[31.553062208,49.540246525],[31.5533511,49.540032646],[31.553640693,49.539818146],[31.553930285,49.539603735],[31.554212998,49.539394217],[31.554169051,49.539358786]]]]},"id":"50"},{"type":"Feature","properties":{"id":"51"},"geometry":{"type":"MultiPolygon","coordinates":[[[[31.63904718,49.4622524],[31.639102018,49.462224659],[31.640444086,49.461618917],[31.640499462,49.461592082],[31.640565639,49.461560128],[31.641310811,49.461199705],[31.642061037,49.460715983],[31.642173307,49.460639528],[31.642384381,49.46040483],[31.642821297,49.460053992],[31.643186287,49.459760875],[31.643610035,49.459420543],[31.643671315,49.459371366],[31.643705304,49.459225287],[31.643638912,49.459219615],[31.643604077,49.459359356],[31.642739983,49.460049605],[31.642386199,49.460332286],[31.642330792,49.460376474],[31.642248615,49.460469644],[31.642129576,49.460604767],[31.64212167,49.460613732],[31.642015226,49.460682376],[31.641519639,49.461001903],[31.641383122,49.461089924],[31.641337603,49.461119255],[31.641259052,49.461169918],[31.640392823,49.461584191],[31.63997735,49.461782817],[31.639921517,49.461809517],[31.639465244,49.462011121],[31.639330213,49.462070769],[31.639062782,49.462188885],[31.639052214,49.462193537],[31.638818248,49.462312107],[31.638592078,49.462426675],[31.638418651,49.462514583],[31.638382021,49.462542095],[31.638193169,49.462683466],[31.638069608,49.462776061],[31.63718725,49.463436934],[31.636824647,49.463708531],[31.636821715,49.463710755],[31.636543245,49.46392771],[31.636309523,49.464109654],[31.63610406,49.464269698],[31.635918735,49.464414063],[31.635748372,49.464546678],[31.635672014,49.464606163],[31.635634805,49.464635114],[31.635741902,49.464621717],[31.636152887,49.464301631],[31.636561677,49.463983255],[31.636874465,49.463739654],[31.636970072,49.463668033],[31.637393561,49.463350832],[31.637824629,49.463027929],[31.638471249,49.462543562],[31.638748085,49.462403561],[31.63904718,49.4622524]]]]},"id":"51"},{"type":"Feature","properties":{"id":"52"},"geometry":{"type":"MultiPolygon","coordinates":[[[[31.563961512,49.518184102],[31.564030524,49.518185655],[31.564056279,49.518067875],[31.564064465,49.518022626],[31.56417133,49.517430156],[31.564368885,49.515804853],[31.564493704,49.514777162],[31.56461216,49.513924299],[31.564618398,49.513879484],[31.564770806,49.512648836],[31.564894186,49.511652426],[31.564949115,49.511159165],[31.564980896959614,49.51087898563974],[31.564995169,49.510753168],[31.565039889,49.510362853],[31.565083925,49.509977664],[31.565127647,49.50959572],[31.565171095,49.509216168],[31.565214297,49.508838729],[31.565392393,49.507282646],[31.565398216,49.507237831],[31.565326471,49.507256852],[31.565295488,49.507527783],[31.565235129,49.508054198],[31.565191587,49.50843429],[31.565151415,49.50878514],[31.565071096,49.509485816],[31.565026679,49.509874423],[31.564976852,49.510308303],[31.564919246,49.510811815],[31.564895356,49.511020398],[31.564856573,49.511369817],[31.564798834,49.511889622],[31.564745352,49.512371877],[31.564693629,49.512837991],[31.564684958,49.512901132],[31.564558352,49.513812919],[31.564425011,49.5147731],[31.564326573,49.515582875],[31.564321163,49.515627878],[31.564205561,49.516579345],[31.564102962,49.517423756],[31.563990062,49.518049362],[31.563978203,49.518105393],[31.563961512,49.518184102]]]]},"id":"52"},{"type":"Feature","properties":{"id":"53"},"geometry":{"type":"MultiPolygon","coordinates":[[[[31.542604383,49.51838094],[31.54336614,49.518373106],[31.543443311,49.518372304],[31.545974015,49.518346229],[31.54665497,49.518341633],[31.547262993,49.51833753],[31.547863158,49.518333473],[31.548538257,49.518328895],[31.548887324,49.518326537],[31.550285483,49.518328891],[31.551174924,49.518330382],[31.552070842,49.518331836],[31.552269159,49.518332206],[31.552970085,49.518330217],[31.553873346,49.518327725],[31.554781303,49.51832517],[31.555693816,49.51832265],[31.555702793,49.518322637],[31.556602758,49.518312087],[31.557511975,49.518301436],[31.558020173,49.51829551],[31.558421052,49.518290139],[31.559329341,49.518278026],[31.560237202,49.518265808],[31.560969619,49.51825603],[31.561145076,49.518254095],[31.562499599,49.518239132],[31.56371214,49.51821605],[31.563781411,49.518214726],[31.563962054,49.518229588],[31.563961512,49.518184102],[31.563786092,49.518171809],[31.562397203,49.518190581],[31.560814226,49.518211965],[31.559318777,49.518232141],[31.557470147,49.518256995],[31.556601504,49.518267159],[31.55554728,49.518278115],[31.554780949,49.518280259],[31.553921412,49.518282656],[31.55287128,49.518285575],[31.552242209,49.518287208],[31.55207096,49.518286925],[31.551076658,49.518285262],[31.550285658,49.518283935],[31.549872066,49.51828324],[31.548887045,49.518281591],[31.548537536,49.518283958],[31.547862438,49.518288517],[31.547579895,49.518290422],[31.547167494,49.518293216],[31.546529545,49.518297518],[31.545973104,49.518301282],[31.544440215,49.518317082],[31.543442208,49.518327358],[31.543365051,49.518328151],[31.542662144,49.518340207],[31.542604383,49.51838094]]]]},"id":"53"},{"type":"Feature","properties":{"id":"54"},"geometry":{"type":"MultiPolygon","coordinates":[[[[31.587451,49.513075],[31.587519,49.513079],[31.587524,49.513007],[31.587529,49.512962],[31.587592,49.512357],[31.587656,49.511751],[31.587682,49.511507],[31.587723,49.511147],[31.587793,49.510543],[31.587863,49.509939],[31.587932,49.509335],[31.588002,49.50873],[31.588062,49.508211],[31.588072,49.508125],[31.588138,49.507521],[31.588205,49.506916],[31.588272,49.506313],[31.588319,49.505884],[31.588337,49.50571],[31.588402,49.505107],[31.588466,49.504506],[31.588496,49.504235],[31.588533,49.503906],[31.588603,49.503304],[31.588675,49.502673],[31.58873566989869,49.502145435663564],[31.588740348815865,49.50208162577354],[31.58874298832335,49.502081797188254],[31.588744,49.502073],[31.588814,49.501472],[31.588883,49.500871],[31.588931,49.500452],[31.588956,49.50027],[31.589038,49.499668],[31.589048,49.499587],[31.589109,49.499062],[31.58918,49.498448],[31.589185,49.498403],[31.589116,49.4984],[31.589041,49.499053],[31.588969,49.499662],[31.588887,49.500266],[31.588745,49.501474],[31.588606,49.502671],[31.588465,49.503903],[31.588433,49.504188],[31.588428,49.504232],[31.588397,49.504506],[31.588269,49.505709],[31.588137,49.506911],[31.588003,49.50812],[31.58789,49.509104],[31.587794,49.509939],[31.587654,49.511145],[31.587523,49.512356],[31.587455,49.513002],[31.587451,49.513075]]]]},"id":"54"},{"type":"Feature","properties":{"id":"55"},"geometry":{"type":"MultiPolygon","coordinates":[[[[31.570951,49.4376],[31.570547,49.437175],[31.57038,49.436999],[31.570212,49.436822],[31.570044,49.436646],[31.569876,49.436469],[31.569709,49.436293],[31.569541,49.436116],[31.569373,49.435939],[31.569205,49.435763],[31.569038,49.435586],[31.56887,49.435409],[31.568702,49.435233],[31.568562,49.435085],[31.56832404196386,49.4348350981242],[31.56829107052135,49.434851179496164],[31.568365,49.434929],[31.568494,49.435065],[31.56868,49.43526],[31.568872,49.435463],[31.569064,49.435665],[31.56916,49.435766],[31.569256,49.435867],[31.569448,49.436069],[31.569639,49.436271],[31.569831,49.436473],[31.570023,49.436675],[31.570215,49.436877],[31.570407,49.437079],[31.570599,49.437281],[31.570791,49.437484],[31.570924,49.437623],[31.570951,49.4376]]]]},"id":"55"},{"type":"Feature","properties":{"id":"56"},"geometry":{"type":"MultiPolygon","coordinates":[[[[31.553822199,49.526780908],[31.55383566,49.526813027],[31.553845094,49.526825691],[31.55531539,49.526816046],[31.556901174,49.526805615],[31.558487094,49.526795162],[31.559257547,49.526790106],[31.559954765,49.526785441],[31.561560036,49.526774838],[31.562362519,49.526769573],[31.563096229,49.526764636],[31.563935467,49.526759124],[31.565074755,49.526751524],[31.566590228,49.526741476],[31.568136489,49.526731112],[31.569682625,49.526720817],[31.571228759,49.526710402],[31.572775032,49.526700066],[31.57447907,49.526688547],[31.576025327,49.526678167],[31.576030327,49.526633163],[31.574435562,49.526643961],[31.57284081,49.526654655],[31.571246195,49.526665319],[31.569655571,49.526676003],[31.568087199,49.526686473],[31.566507223,49.526697017],[31.5649966,49.526707106],[31.563841,49.526714751],[31.56265073,49.526722637],[31.561469438,49.526730496],[31.560288146,49.526738344],[31.559406227,49.526744112],[31.558836637,49.526747935],[31.558231425,49.526751899],[31.557522868,49.526756559],[31.556730868,49.526761785],[31.555913038,49.526767163],[31.555095222,49.526772525],[31.554277393,49.526777882],[31.553822199,49.526780908]]]]},"id":"56"},{"type":"Feature","properties":{"id":"57"},"geometry":{"type":"MultiPolygon","coordinates":[[[[31.598128361,49.556671612],[31.598322174,49.555518399],[31.598427244,49.554893057],[31.598552635,49.554147397],[31.598658151,49.553519906],[31.598762447,49.55289888],[31.598762597,49.552897981],[31.598817236,49.552572194],[31.598872,49.552247055],[31.59897875,49.551612109],[31.59909264,49.550934691],[31.599314523,49.549613982],[31.599429495,49.548929738],[31.599537487,49.548287246],[31.599644233,49.54765176],[31.599751126,49.547015373],[31.599858181,49.546378277],[31.599964442,49.545745757],[31.600069772,49.545119253],[31.600000117,49.545119789],[31.599958000381886,49.545370564494426],[31.599898338317814,49.54587381220197],[31.59987343368514,49.545874100757196],[31.599783857,49.546407463],[31.599689225,49.54697012],[31.599594741,49.547532238],[31.599500557,49.548093276],[31.599406848,49.548651185],[31.599313137,49.549208635],[31.599219272,49.549766796],[31.599125079,49.550327402],[31.599031048,49.550887549],[31.598937013,49.551446528],[31.598890146,49.551725877],[31.598843127,49.552005416],[31.5987968,49.552285404],[31.598748952,49.552565554],[31.598654598,49.55312705],[31.598560542,49.553687017],[31.598466497,49.554246615],[31.598367957,49.554832984],[31.598254676,49.555506363],[31.598157674,49.556083478],[31.598062379,49.55665097],[31.59785193,49.557902102],[31.597925783,49.557876873],[31.598128361,49.556671612]]]]},"id":"57"},{"type":"Feature","properties":{"id":"58"},"geometry":{"type":"MultiPolygon","coordinates":[[[[31.600307,49.435096],[31.600364,49.435071],[31.600316,49.43504],[31.60025,49.434996],[31.600315,49.434968],[31.601467,49.434462],[31.602348,49.434048],[31.602596,49.43393],[31.603119,49.433683],[31.603794,49.433362],[31.604401,49.433076],[31.60471,49.432932],[31.604971,49.432828],[31.605438,49.432641],[31.60586,49.432471],[31.606665,49.432139],[31.607031,49.431988],[31.60709,49.431964],[31.607063,49.431923],[31.607042,49.431932],[31.606614,49.432108],[31.60581,49.432441],[31.605718,49.432479],[31.605387,49.432611],[31.60492,49.432797],[31.604662,49.4329],[31.604351,49.433046],[31.603972,49.433223],[31.603744,49.433331],[31.603068,49.433652],[31.602542,49.433902],[31.602297,49.434017],[31.601417,49.434432],[31.601406,49.434437],[31.600265,49.434937],[31.600202,49.434964],[31.600143,49.43499],[31.600258,49.435065],[31.600307,49.435096]]]]},"id":"58"},{"type":"Feature","properties":{"id":"59"},"geometry":{"type":"MultiPolygon","coordinates":[[[[31.612243218,49.448701991],[31.612288173,49.450092793],[31.613081216,49.451047473],[31.614570782,49.451473394],[31.61564461,49.451434852],[31.61581218,49.451887783],[31.616263982,49.45311012],[31.618196385,49.454527451],[31.618260448,49.455532108],[31.617754246,49.456600582],[31.616676168,49.457337923],[31.616514614,49.457631615],[31.616699668,49.457941709],[31.616730805,49.457944187],[31.616591271,49.457710518],[31.616543993,49.457631388],[31.616635394,49.457465479],[31.616700136,49.457347547],[31.617134715,49.457050369],[31.61777864,49.456609935],[31.617811454,49.456540857],[31.617990944,49.45616189],[31.618157958,49.455809441],[31.61828826,49.45553448],[31.618282772,49.455448754],[31.618260902,49.45510646],[31.618253275,49.454985733],[31.618247887,49.454901715],[31.61824465,49.4548516],[31.618223552,49.454520284],[31.618079099,49.454414433],[31.617703095,49.454138675],[31.617367398,49.453892357],[31.61703618,49.453649396],[31.616669168,49.453380261],[31.616289229,49.453101508],[31.616269504,49.45304821],[31.616045905,49.452443535],[31.61591911,49.452100438],[31.615839008,49.451883585],[31.61580231,49.451784483],[31.615670523,49.451428128],[31.615666053,49.451416048],[31.614979197,49.451440738],[31.614575801,49.451455182],[31.614504714,49.45143486],[31.614184746,49.451343392],[31.613762682,49.45122273],[31.613100906,49.451033509],[31.612730649,49.450587748],[31.612315565,49.450088055],[31.612313887,49.450035799],[31.612307457,49.449834697],[31.612302577035667,49.44968466902606],[31.61230087280268,49.44968568063713],[31.61230087280268,49.44963221631282],[31.612295399,49.44946335],[31.612289199,49.449272408],[31.612275666,49.448852941],[31.612270646,49.448695283],[31.612200051,49.448640703],[31.612011269,49.448494669],[31.611807664,49.448337095],[31.611579982,49.448161004],[31.611314904,49.447955762],[31.610903492,49.447637442],[31.610362879,49.447219044],[31.610331501,49.44722276],[31.612243218,49.448701991]]]]},"id":"59"},{"type":"Feature","properties":{"id":"60"},"geometry":{"type":"MultiPolygon","coordinates":[[[[31.599197644,49.524051822],[31.599203023,49.524006996],[31.598733137,49.523977178],[31.596324221,49.523824411],[31.595360711,49.523763284],[31.594104191,49.523683497],[31.592870302,49.523605225],[31.591906801,49.523544079],[31.590921591802122,49.523481522216294],[31.59081747618999,49.52347491129681],[31.590817503,49.523474913],[31.589832209,49.523412319],[31.589104219,49.523366126],[31.588434715,49.523323624],[31.587793502,49.523282878],[31.587122413,49.523240262],[31.587122344,49.523240262],[31.586438091,49.523196824],[31.586434206,49.523241756],[31.587349679,49.523299873],[31.588259644,49.523357672],[31.589170287,49.523415473],[31.590081071,49.523473347],[31.590991594,49.523531133],[31.591901829,49.523588904],[31.592812081,49.523646667],[31.592869837,49.523650332814476],[31.593722044,49.523704423],[31.594631885,49.523762172],[31.596451146,49.523877641],[31.598269586,49.523992982],[31.599197644,49.524051822]]]]},"id":"60"},{"type":"Feature","properties":{"id":"61"},"geometry":{"type":"MultiPolygon","coordinates":[[[[31.619979645,49.521292933],[31.620039167,49.520601323],[31.620088922,49.520022383],[31.620103094,49.519910105],[31.62018948,49.519221119],[31.620276028,49.518531063],[31.620341305,49.518010604],[31.620362045,49.51784001],[31.62044876,49.517124779],[31.620580972,49.516036032],[31.620732166,49.514790343],[31.620883352,49.513544122],[31.620958536,49.512924469],[31.621025404,49.512298459],[31.6212735,49.509974],[31.621204159,49.509975008],[31.620889691,49.51292116],[31.620272453,49.518007016],[31.620020054,49.520019254],[31.619910626,49.521290973],[31.619979645,49.521292933]]]]},"id":"61"},{"type":"Feature","properties":{"id":"62"},"geometry":{"type":"MultiPolygon","coordinates":[[[[31.598791,49.4329],[31.599143,49.432602],[31.59964,49.432181],[31.600342,49.431587],[31.600933,49.431086],[31.601464,49.430636],[31.601960872048316,49.43021492199295],[31.601905936580966,49.430188849630404],[31.601548,49.430492],[31.601094,49.430876],[31.60059,49.431303],[31.600041,49.431768],[31.599468,49.432253],[31.598746,49.432865],[31.597696,49.432043],[31.597617,49.432052],[31.598672,49.432877],[31.599193,49.433284],[31.599662,49.433651],[31.597174,49.43382],[31.596629,49.433857],[31.596089,49.433894],[31.59552,49.433933],[31.59408,49.43403],[31.593221,49.434089],[31.592277,49.434153],[31.591291,49.43422],[31.590302,49.434287],[31.589313,49.434354],[31.588377,49.434417],[31.587571,49.434472],[31.586858,49.43452],[31.586229,49.434563],[31.585714,49.434598],[31.585218,49.434631],[31.584726,49.434665],[31.584237,49.434698],[31.583753,49.434731],[31.583272,49.434763],[31.582794,49.434796],[31.58232,49.434828],[31.58185,49.43486],[31.581383,49.434891],[31.580919,49.434923],[31.580459,49.434954],[31.580001,49.434985],[31.579027,49.435051],[31.576646,49.435212],[31.576783,49.435248],[31.580276,49.435011],[31.581301,49.434942],[31.582198,49.434881],[31.583005,49.434827],[31.583743,49.434777],[31.584428,49.43473],[31.585076,49.434686],[31.585688,49.434645],[31.586267,49.434606],[31.586814,49.434568],[31.587325,49.434534],[31.587808,49.434501],[31.588272,49.43447],[31.588736,49.434438],[31.589205,49.434406],[31.590176,49.43434],[31.591197,49.434271],[31.591729,49.434235],[31.592276,49.434198],[31.592842,49.43416],[31.593426,49.43412],[31.594031,49.434079],[31.594664,49.434036],[31.595328,49.433991],[31.596023,49.433944],[31.596753,49.433894],[31.597524,49.433842],[31.598394,49.433783],[31.599716,49.433693],[31.599935,49.433864],[31.599983,49.433832],[31.598791,49.4329]]]]},"id":"62"},{"type":"Feature","properties":{"id":"63"},"geometry":{"type":"MultiPolygon","coordinates":[[[[31.619729443,49.509828743],[31.619799061,49.509827835],[31.619899062,49.50924092],[31.620004942,49.508619069],[31.620096908,49.508079654],[31.62017948,49.507595203],[31.620260497,49.507119358],[31.620348918,49.50660033],[31.620454461,49.505981265],[31.620633594,49.504929917],[31.621057133,49.502443332],[31.621448828,49.500143787],[31.621540612,49.49960491],[31.62160386,49.499233596],[31.621666631,49.49886525],[31.621729415,49.498496895],[31.621792046,49.498128548],[31.621854828,49.497760103],[31.621937188,49.49727645],[31.621868227,49.497273412],[31.621779201,49.497796849],[31.621695776,49.498285978],[31.621612473,49.498775197],[31.621529169,49.499264416],[31.621445876,49.499753544],[31.621362569,49.500242763],[31.620973332,49.502528027],[31.620495344,49.505333478],[31.620356469,49.506148577],[31.619729443,49.509828743]]]]},"id":"63"},{"type":"Feature","properties":{"id":"64"},"geometry":{"type":"MultiPolygon","coordinates":[[[[31.63175,49.459882],[31.633323,49.459793],[31.634077,49.45975],[31.635299,49.459681],[31.636534,49.459611],[31.637771,49.45954],[31.639017,49.45947],[31.640329,49.459395],[31.641603,49.459324],[31.642229,49.45929],[31.643492,49.459227],[31.643639,49.45922],[31.643705,49.459225],[31.643709,49.45918],[31.64364,49.459175],[31.643486,49.459182],[31.642697,49.459219],[31.642221,49.459245],[31.641595,49.459279],[31.64131,49.459294],[31.640971,49.459314],[31.640323,49.45935],[31.639659,49.459388],[31.639009,49.459425],[31.638383,49.459461],[31.637765,49.459496],[31.637146,49.459531],[31.636528,49.459566],[31.63591,49.459601],[31.635292,49.459636],[31.634679,49.459671],[31.634072,49.459705],[31.633314,49.459748],[31.63185,49.459831],[31.631795,49.459834],[31.631745,49.459837],[31.630613,49.459901],[31.630212,49.459926],[31.629862,49.459947],[31.629521,49.459968],[31.628854,49.460009],[31.628523,49.460029],[31.628193,49.460049],[31.628195,49.460094],[31.62953,49.460012],[31.630213,49.459971],[31.63175,49.459882]]]]},"id":"64"},{"type":"Feature","properties":{"id":"65"},"geometry":{"type":"MultiPolygon","coordinates":[[[[31.610435944,49.504347394],[31.610441601,49.504302594],[31.610575698,49.503238068],[31.610732575,49.501992761],[31.610834489,49.501183787],[31.610961014,49.500179212],[31.611057373,49.49941429],[31.611125548,49.498872945],[31.611190534,49.498356624],[31.611251641,49.497871291],[31.611309832,49.497409752],[31.61136303,49.496987212],[31.611413001,49.496590894],[31.611461951473245,49.496202186534724],[31.611442565917915,49.49620068110712],[31.611488307516286,49.49599271659097],[31.611512627,49.495799427],[31.611562445,49.495403558],[31.611611925,49.495010747],[31.611661294,49.494618691],[31.611853287,49.493093845],[31.611784891,49.493087284],[31.611573411,49.49476678],[31.611518278,49.495204957],[31.611455902,49.495699885],[31.611389267,49.496228939],[31.611325804,49.496732734],[31.611260509,49.497251221],[31.611193437,49.497784339],[31.611126254,49.498317457],[31.6110593,49.498849064],[31.610997077,49.499342571],[31.610912382,49.500015519],[31.610821092,49.500740218],[31.610695051,49.501740953],[31.610645882,49.502130805],[31.610469294,49.50353309],[31.610367044,49.504344312],[31.610435944,49.504347394]]]]},"id":"65"},{"type":"Feature","properties":{"id":"66"},"geometry":{"type":"MultiPolygon","coordinates":[[[[31.631661031079464,49.499592023520194],[31.63165569305414,49.499601123920385],[31.631583801835564,49.49956999715257],[31.631582504,49.499569627],[31.630714908,49.499230435],[31.628687889,49.498339505],[31.62787755,49.49798265],[31.626938432,49.4975688],[31.626213994,49.497254062],[31.626103818,49.497198949],[31.625767542,49.49707421],[31.624379899,49.496483185],[31.623367435,49.496044299],[31.622655126,49.49574268],[31.622647811,49.495787383],[31.623345235,49.49608687],[31.624372143,49.496527853],[31.62574142,49.497115823],[31.626066989,49.497236968],[31.626205867,49.497298712],[31.6268996,49.497605967],[31.627845558,49.49802249],[31.628656463,49.498379533],[31.630679422,49.499268993],[31.631580995,49.499614576],[31.632139514,49.499776529],[31.632247616,49.499759322],[31.631661031079464,49.499592023520194]]]]},"id":"66"},{"type":"Feature","properties":{"id":"67"},"geometry":{"type":"MultiPolygon","coordinates":[[[[31.654325412,49.501544085],[31.654448724,49.501702517],[31.655145458,49.501769757],[31.655885061,49.501841081],[31.656442443,49.50189488],[31.656580809,49.501900933],[31.657240787,49.501929944],[31.657794957,49.501954321],[31.657936259,49.501950227],[31.658734224,49.501927099],[31.658875263,49.501923004],[31.659761037,49.501939993],[31.659748272,49.501894758],[31.658874787,49.501878048],[31.657795737,49.501909274],[31.656449839,49.501850157],[31.654494167,49.501661492],[31.654333706,49.501455222],[31.654325412,49.501544085]]]]},"id":"67"},{"type":"Feature","properties":{"id":"68"},"geometry":{"type":"MultiPolygon","coordinates":[[[[31.584423587,49.554165538],[31.583948931,49.553473582],[31.583944359,49.553466896],[31.583548046,49.552895049],[31.582922436,49.551992221],[31.582662989,49.551617835],[31.582447217,49.55131015],[31.582055798,49.550751646],[31.583737635,49.550951748],[31.585559299,49.551168455],[31.586432838,49.551272375],[31.587306241,49.551376288],[31.588179649,49.551480096],[31.589056377,49.55158438],[31.589063842,49.551539572],[31.588223384,49.551439621],[31.587379212,49.55133919],[31.586534892,49.551238834],[31.585690865,49.551138381],[31.584846565,49.551038022],[31.584009995,49.550938424],[31.583215752,49.550844023],[31.582020807,49.550701833],[31.58133137737923,49.54971816310122],[31.58131599426264,49.54971629178453],[31.58130446973033,49.549697599312516],[31.581249744,49.54971121],[31.58227514,49.551180539],[31.582889384,49.552060667],[31.583484671,49.552913617],[31.584353776,49.554179066],[31.584423587,49.554165538]]]]},"id":"68"},{"type":"Feature","properties":{"id":"69"},"geometry":{"type":"MultiPolygon","coordinates":[[[[31.632057076,49.459241942],[31.633159328,49.45856245],[31.6332437,49.458510392],[31.633847218,49.457991349],[31.634003241,49.4578571],[31.6340594,49.457808788],[31.635172141,49.456851613],[31.635141953,49.456803195],[31.635096296,49.456842504],[31.634953021,49.45696569],[31.634808203,49.457090316],[31.634661431,49.457216535],[31.63451298,49.457344267],[31.634362559,49.45747361],[31.63421017,49.457604646],[31.634055689,49.457737455],[31.633899253,49.457872146],[31.633740422,49.458008799],[31.633579222,49.458147316],[31.633415765,49.458288065],[31.633249651,49.458430956],[31.633192224,49.45848025],[31.633057521,49.458563313],[31.63284471,49.458694515],[31.632383666,49.45897879],[31.632048001,49.459185676],[31.632057076,49.459241942]]]]},"id":"69"},{"type":"Feature","properties":{"id":"70"},"geometry":{"type":"MultiPolygon","coordinates":[[[[31.607383,49.449378],[31.607449,49.449366],[31.607018,49.448433],[31.606498,49.44731],[31.606268,49.446817],[31.605665,49.445593],[31.604871,49.443958],[31.604476,49.443133],[31.604016,49.442175],[31.60395,49.442188],[31.604211,49.442731],[31.604508,49.443352],[31.604803,49.443968],[31.605397,49.445195],[31.605597,49.4456],[31.605891,49.446198],[31.606201,49.446826],[31.606227,49.44688],[31.606432,49.447324],[31.606622,49.447733],[31.606812,49.448144],[31.607004,49.44856],[31.607221,49.449029],[31.607383,49.449378]]]]},"id":"70"},{"type":"Feature","properties":{"id":"71"},"geometry":{"type":"MultiPolygon","coordinates":[[[[31.599866,49.43531],[31.59992,49.435282],[31.599871,49.43525],[31.599349,49.43549],[31.597408,49.436329],[31.59696,49.436521],[31.596022,49.436951],[31.595792,49.437052],[31.594875,49.437456],[31.594455,49.43764],[31.594113,49.437801],[31.593654,49.438018],[31.59346,49.438028],[31.592845,49.438059],[31.592222,49.438091],[31.591578,49.438123],[31.590955,49.438155],[31.590788,49.438163],[31.590664,49.43818],[31.590464,49.438206],[31.589739,49.438302],[31.588547,49.438525],[31.58808,49.438613],[31.586325,49.439031],[31.58456,49.439451],[31.584504,49.439464],[31.583734,49.439344],[31.583362,49.439285],[31.582842,49.439303],[31.582181,49.439324],[31.581968,49.439297],[31.58194,49.439293],[31.581169,49.439061],[31.58017,49.43876],[31.580151,49.438755],[31.579605,49.43862],[31.578447,49.438401],[31.578415,49.438441],[31.57958,49.438662],[31.580164,49.438801],[31.580665,49.438951],[31.581137,49.439101],[31.582041,49.439359],[31.582842,49.439348],[31.583419,49.439329],[31.584552,49.439502],[31.584588,49.439492],[31.586348,49.439073],[31.588102,49.438656],[31.588566,49.438569],[31.589086,49.43847],[31.589757,49.438345],[31.590479,49.43825],[31.590684,49.438223],[31.590919,49.438199],[31.591573,49.438168],[31.592847,49.438104],[31.593687,49.438058],[31.59415,49.43784],[31.594501,49.437674],[31.595838,49.437086],[31.596996,49.436559],[31.597444,49.436368],[31.599375,49.435532],[31.599866,49.43531]]]]},"id":"71"},{"type":"Feature","properties":{"id":"72"},"geometry":{"type":"MultiPolygon","coordinates":[[[[31.595511,49.445893],[31.594325,49.444946],[31.594282,49.444911],[31.593596,49.444577],[31.592558443354868,49.444071166242104],[31.592545966754553,49.44407725036019],[31.592517,49.444107],[31.592539,49.444117],[31.592672,49.444182],[31.59282,49.444254],[31.592963,49.444324],[31.593095,49.444389],[31.593219,49.444449],[31.593449,49.444561],[31.593559,49.444615],[31.593665,49.444667],[31.593769,49.444717],[31.59387,49.444767],[31.59397,49.444815],[31.594068,49.444863],[31.594165,49.444911],[31.59424,49.444947],[31.594336,49.445024],[31.594415,49.445087],[31.594495,49.445151],[31.594658,49.445281],[31.594741,49.445347],[31.594825,49.445415],[31.59491,49.445483],[31.594997,49.445552],[31.595086,49.445624],[31.595177,49.445696],[31.59527,49.445771],[31.595365,49.445847],[31.595463,49.445926],[31.595566,49.446007],[31.595672,49.446092],[31.595783,49.446181],[31.595901,49.446275],[31.596024,49.446374],[31.596194,49.44651],[31.596247,49.446481],[31.595511,49.445893]]]]},"id":"72"},{"type":"Feature","properties":{"id":"73"},"geometry":{"type":"MultiPolygon","coordinates":[[[[31.608954,49.426971],[31.607742,49.427935],[31.607598,49.428077],[31.607039,49.428573],[31.607029,49.428673],[31.607034,49.428711],[31.607103,49.428711],[31.607743,49.428701],[31.608452,49.428717],[31.609021,49.428746],[31.610137,49.428824],[31.610254,49.428832],[31.611719,49.42898],[31.612195,49.429036],[31.612392,49.429058],[31.612694,49.428993],[31.613002,49.42893],[31.613237,49.428899],[31.613618,49.428849],[31.614441,49.428753],[31.614598,49.428736],[31.615103,49.42876],[31.616476,49.428827],[31.617182,49.428862],[31.617299,49.428868],[31.617898,49.42893],[31.618236,49.428963],[31.618611,49.429004],[31.618719,49.429015],[31.61932,49.429121],[31.619993,49.42924],[31.620188,49.429272],[31.621353,49.429279],[31.622081,49.42928],[31.622986,49.429312],[31.623862,49.429133],[31.624526,49.429154],[31.6248,49.429153],[31.625344,49.429169],[31.62535,49.429126],[31.624807,49.429108],[31.624526,49.429109],[31.62386,49.429088],[31.622963,49.429269],[31.622882,49.429265],[31.62208,49.429235],[31.621351,49.429234],[31.621117,49.429233],[31.620886,49.429233],[31.620658,49.429232],[31.620193,49.429231],[31.61999,49.429195],[31.619315,49.429076],[31.618716,49.42897],[31.618616,49.428959],[31.617903,49.428885],[31.617304,49.428823],[31.617186,49.428817],[31.616474,49.428782],[31.61578,49.428748],[31.615454,49.428732],[31.615106,49.428715],[31.614598,49.428691],[31.614445,49.428709],[31.613814,49.428781],[31.613615,49.428804],[31.613232,49.428854],[31.612991,49.428885],[31.612691,49.428948],[31.612385,49.429013],[31.612199,49.428991],[31.611726,49.428935],[31.611723,49.428935],[31.611238,49.428886],[31.610692,49.428831],[31.610252,49.428787],[31.610144,49.428779],[31.609589,49.428739],[31.609151,49.428708],[31.609027,49.428701],[31.608454,49.428672],[31.607738,49.428656],[31.607098,49.428671],[31.607104,49.428588],[31.607667,49.42808],[31.607802,49.427958],[31.609022,49.426974],[31.608954,49.426971]]]]},"id":"73"},{"type":"Feature","properties":{"id":"74"},"geometry":{"type":"MultiPolygon","coordinates":[[[[31.622179028,49.534879398],[31.622158457,49.534623791],[31.621864596,49.53295151],[31.621529381,49.530820801],[31.621197424,49.530805243],[31.618661375,49.530870184],[31.61625348,49.530898202],[31.615889231,49.530919696],[31.615889236945726,49.53094653202986],[31.61590576171869,49.53094653202986],[31.61590576171869,49.530963855403414],[31.616257233,49.5309431],[31.616638996,49.530938734],[31.617385532,49.53093005],[31.618125976,49.530921404],[31.618663321,49.530915155],[31.618847282,49.530910444],[31.619385174,49.530896648],[31.619812507,49.530885697],[31.620232781,49.530874958],[31.620660528,49.530864012],[31.621096148,49.530852849],[31.621196347,49.530850281],[31.621466605,49.530862946],[31.621652434,49.531986297],[31.621655540460928,49.53200505443437],[31.62165641784662,49.53200495952715],[31.62169933319086,49.53225563636707],[31.62169706777159,49.53225582406489],[31.621792284,49.532831464],[31.621848129,49.533168709],[31.621903358,49.533502169],[31.62190915454199,49.53353718893296],[31.621913909912053,49.533536853471624],[31.62193055197524,49.533666461985725],[31.621958462,49.533835081],[31.622014549,49.534174034],[31.62207152,49.53451821],[31.622089599,49.534627496],[31.622107788,49.534853317],[31.622110156,49.534883094],[31.622156732,49.535152384],[31.622161656364224,49.53518086347461],[31.622171401977482,49.53518010450973],[31.62221356853171,49.535481121798036],[31.622261131,49.535756498],[31.622313582,49.536059634],[31.622321222,49.536103925],[31.622577126,49.537583412],[31.62264561,49.537577639],[31.622262639,49.535363403],[31.622179028,49.534879398]]]]},"id":"74"},{"type":"Feature","properties":{"id":"75"},"geometry":{"type":"MultiPolygon","coordinates":[[[[31.641339714,49.437108001],[31.641377104,49.437145782],[31.641897384,49.436904619],[31.642455758,49.436645766],[31.643013975,49.436386902],[31.643572337,49.436128035],[31.644130679,49.435869263],[31.644688878,49.435610391],[31.645247223,49.435351516],[31.64580541,49.435092647],[31.646118701,49.434947492],[31.646002776,49.43494601],[31.644123028,49.435817591],[31.643674078,49.436025749],[31.641339714,49.437108001]]]]},"id":"75"},{"type":"Feature","properties":{"id":"76"},"geometry":{"type":"MultiPolygon","coordinates":[[[[31.630236672097617,49.47127324574905],[31.63023948669428,49.47127547238409],[31.630219738196566,49.47130242183844],[31.630533301,49.471543921],[31.631018129,49.471754911],[31.63130773,49.471841961],[31.631641267,49.471971695],[31.632914815,49.472259356],[31.635308904,49.472710312],[31.635943115,49.47286359],[31.636832971,49.473215063],[31.636862121,49.473174002],[31.636179179,49.472904286],[31.635973219,49.472822905],[31.635383121,49.472680293],[31.63533118,49.472667766],[31.634463638,49.472491612],[31.633518711,49.472299671],[31.632912826,49.47217662],[31.631842551,49.471933999],[31.631624588,49.471884624],[31.63116834,49.471749922],[31.631051813,49.471715509],[31.630579707,49.471510016],[31.630249337,49.471255504],[31.630236672097617,49.47127324574905]]]]},"id":"76"},{"type":"Feature","properties":{"id":"77"},"geometry":{"type":"MultiPolygon","coordinates":[[[[31.640499462,49.461592082],[31.640444086,49.461618917],[31.640509106,49.461679736],[31.639139265,49.46226432],[31.639102018,49.462224659],[31.63904718,49.4622524],[31.639117606,49.462327285],[31.639407397,49.462203649],[31.640053122,49.461928105],[31.640606282,49.461691963],[31.640499462,49.461592082]]]]},"id":"77"},{"type":"Feature","properties":{"id":"78"},"geometry":{"type":"MultiPolygon","coordinates":[[[[31.627373519,49.467673683],[31.627360471,49.467701363],[31.627590256,49.467689791],[31.627835766,49.467677346],[31.62808129,49.467664901],[31.628326814,49.467652545],[31.628572324,49.467640099],[31.628817848,49.467627652],[31.629063234,49.467615295],[31.629308743,49.467602847],[31.629799652,49.46757804],[31.630045161,49.46756559],[31.630290684,49.46755314],[31.631085932,49.467512898],[31.632153752,49.467458871],[31.632190413,49.467429931],[31.632020704,49.467438549],[31.631795059,49.467449982],[31.63156929,49.467461415],[31.631118028,49.467484278],[31.630892397,49.46749562],[31.630666628,49.467507051],[31.630439051,49.467518555],[31.630208178,49.467530305],[31.629976601,49.467541966],[31.629744886,49.467553708],[31.629513323,49.467565449],[31.629281746,49.467577108],[31.629050182,49.467588848],[31.628818605,49.467600596],[31.628587027,49.467612335],[31.628355325,49.467623984],[31.628123748,49.467635731],[31.627890928,49.467647461],[31.627373519,49.467673683]]]]},"id":"78"},{"type":"Feature","properties":{"id":"79"},"geometry":{"type":"MultiPolygon","coordinates":[[[[31.606801,49.428836],[31.606961,49.428795],[31.606916,49.428761],[31.606763,49.428797],[31.606469,49.428998],[31.606034,49.42931],[31.605013,49.430184],[31.604978,49.430213],[31.605028,49.430243],[31.6054,49.429926],[31.605926,49.429477],[31.606087,49.429338],[31.60652,49.429028],[31.606801,49.428836]]]]},"id":"79"},{"type":"Feature","properties":{"id":"80"},"geometry":{"type":"MultiPolygon","coordinates":[[[[31.546250116,49.521989833],[31.546251974,49.521894634],[31.54563244,49.521117789],[31.545358471,49.520774208],[31.545071439,49.520414069],[31.544732632,49.519989303],[31.544285446,49.519428505],[31.54344327,49.518372331],[31.543366181,49.518373133],[31.543988342,49.519153515],[31.545136321,49.520593176],[31.54575125,49.521364235],[31.546250116,49.521989833]]]]},"id":"80"},{"type":"Feature","properties":{"id":"81"},"geometry":{"type":"MultiPolygon","coordinates":[[[[31.607094,49.432084],[31.60721,49.432248],[31.607246,49.432711],[31.607276,49.433098],[31.607294,49.433235],[31.607352,49.433663],[31.607366,49.433822],[31.60737,49.433861],[31.607586,49.433939],[31.607911,49.434282],[31.608121,49.434505],[31.608165,49.434688],[31.608142,49.434742],[31.608022,49.435024],[31.607929,49.435318],[31.608025,49.435384],[31.608054,49.435404],[31.608507,49.435537],[31.60908,49.435733],[31.609249,49.43575],[31.609893,49.435814],[31.609938,49.435818],[31.60992,49.435771],[31.609102,49.43569],[31.608537,49.435497],[31.608094,49.435366],[31.608004,49.435305],[31.608089,49.435035],[31.608236,49.434691],[31.608187,49.434489],[31.607635,49.433905],[31.607436,49.433833],[31.607421,49.43366],[31.607345,49.433095],[31.607278,49.432237],[31.607153,49.43206],[31.607094,49.432084]]]]},"id":"81"},{"type":"Feature","properties":{"id":"82"},"geometry":{"type":"MultiPolygon","coordinates":[[[[31.590664,49.43818],[31.590381,49.438153],[31.589765,49.438095],[31.58907,49.43803],[31.588287,49.437956],[31.587421,49.437875],[31.58654,49.437792],[31.585577,49.437702],[31.585078,49.437655],[31.584592,49.437609],[31.583646,49.43752],[31.582703,49.437432],[31.581687,49.437336],[31.57952004311167,49.43713266361021],[31.579484293643535,49.43717450811398],[31.581318,49.437347],[31.582473,49.437455],[31.583393,49.437542],[31.58421,49.437619],[31.58507,49.437699],[31.585918,49.437779],[31.587512,49.437929],[31.590464,49.438206],[31.590664,49.43818]]]]},"id":"82"},{"type":"Feature","properties":{"id":"83"},"geometry":{"type":"MultiPolygon","coordinates":[[[[31.524603758,49.483982732],[31.524330141,49.484028258],[31.523972346,49.484087818],[31.523587407,49.484151815],[31.523168119,49.484221554],[31.522703139,49.484298907],[31.522660346,49.484306009],[31.522386325,49.484351611],[31.522184173,49.484384522],[31.52163352,49.484473998],[31.521008511,49.484575524],[31.521033569,49.484599292],[31.522396425,49.484377774],[31.524624802,49.484007094],[31.524603758,49.483982732]]]]},"id":"83"},{"type":"Feature","properties":{"id":"84"},"geometry":{"type":"MultiPolygon","coordinates":[[[[31.556654099,49.51292613],[31.556723433,49.51292553],[31.556785544,49.512445541],[31.556849119,49.51195432],[31.55691413,49.511452589],[31.556980617,49.510938826],[31.557048882,49.510411135],[31.557120087,49.509860451],[31.557194986,49.50928184],[31.557349514,49.508087786],[31.557426845,49.507490579],[31.557504035,49.506893371],[31.557658862,49.505696978],[31.557664692,49.505651975],[31.557692578,49.505436774],[31.557610789,49.50553294],[31.557264944,49.508206502],[31.557119651,49.509329153],[31.557054481,49.509832584],[31.556996426,49.510280779],[31.556943558,49.510689554],[31.556798908,49.511807707],[31.556726435,49.512366833],[31.556654099,49.51292613]]]]},"id":"84"},{"type":"Feature","properties":{"id":"85"},"geometry":{"type":"MultiPolygon","coordinates":[[[[31.519182224,49.480964252],[31.519145135,49.480976612],[31.519278407,49.481102908],[31.519434845,49.481251067],[31.519591283,49.481399226],[31.519747723,49.481547384],[31.519904025,49.481695363],[31.520059914,49.481843152],[31.520215542,49.481990492],[31.520681078,49.482431431],[31.520835909,49.482578042],[31.520990865,49.482724751],[31.521145822,49.482871542],[31.521300904,49.48301852],[31.521456277,49.483165679],[31.521611914,49.483313017],[31.521767827,49.483460624],[31.521923465,49.48360815],[31.522079104,49.483755487],[31.522660346,49.484306009],[31.522703139,49.484298907],[31.522179593,49.483803095],[31.522052809,49.483682969],[31.521802888,49.483446267],[31.521679626,49.483329593],[31.52155758,49.483214006],[31.521436611,49.483099516],[31.521315656,49.482984836],[31.521192121,49.482867892],[31.521066156,49.482748583],[31.520937472,49.482626649],[31.520805959,49.48250208],[31.520533297,49.482243783],[31.520391611,49.482109775],[31.520246281,49.481971965],[31.520096604,49.481830243],[31.519944097,49.481685807],[31.519791314,49.481541101],[31.519638257,49.481396116],[31.519182224,49.480964252]]]]},"id":"85"},{"type":"Feature","properties":{"id":"86"},"geometry":{"type":"MultiPolygon","coordinates":[[[[31.550892042,49.512558232],[31.551339464,49.512564877],[31.551452489,49.512432998],[31.551777284,49.512053534],[31.552071214,49.511727759],[31.552972606,49.510728286],[31.553344125,49.510316472],[31.553510767,49.510131716],[31.553757557,49.509864797],[31.554226593,49.509357476],[31.554676022,49.508871219],[31.555860045,49.507557994],[31.556329053,49.507028185],[31.556598205,49.506724134],[31.557610789,49.50553294],[31.557692578,49.505436774],[31.558415386,49.504586411],[31.558510837,49.504476059],[31.560133149,49.502600167],[31.56157421,49.5009116],[31.561816182,49.500617297],[31.56217293,49.500183388],[31.562839889,49.499372381],[31.562924823,49.499269035],[31.56376341,49.49821674],[31.564141179,49.497742623],[31.565039007,49.496620388],[31.565879944,49.495555865],[31.565807024,49.495549874],[31.564977703,49.496599751],[31.564079998,49.497721896],[31.562863792,49.499248047],[31.561513592,49.500890071],[31.560072956,49.502578188],[31.558355053,49.504564521],[31.556538161,49.506702063],[31.555800413,49.507535383],[31.554616679,49.508848256],[31.553451423,49.510108753],[31.551717373,49.51203119],[31.551299468,49.512519319],[31.550970223,49.512514455],[31.550892042,49.512558232]]]]},"id":"86"},{"type":"Feature","properties":{"id":"87"},"geometry":{"type":"MultiPolygon","coordinates":[[[[31.550508648,49.522040365],[31.550569242,49.522084557],[31.553232508,49.522051018],[31.553825574,49.522043561],[31.554487599,49.522035215],[31.555224756,49.522025957],[31.555971594,49.52201651],[31.556716775,49.52200713],[31.558207135,49.521988258],[31.558953282,49.521978873],[31.559700119,49.521969393],[31.560446804,49.521959908],[31.561192812,49.521950508],[31.56193799,49.521941006],[31.563421441,49.521922187],[31.563424367,49.521877257],[31.562615644,49.521887514],[31.561810789,49.521897709],[31.561006071,49.521907899],[31.560201215,49.521918083],[31.559396358,49.521928261],[31.557786644,49.521948601],[31.556981786,49.521958754],[31.556177067,49.52196891],[31.554567336,49.521989295],[31.553762477,49.521999435],[31.552957618,49.522009568],[31.55217708,49.522019353],[31.550855668,49.522036023],[31.550508648,49.522040365]]]]},"id":"87"},{"type":"Feature","properties":{"id":"88"},"geometry":{"type":"MultiPolygon","coordinates":[[[[31.583472095,49.520206387],[31.583504971,49.520161156],[31.583323747,49.520162599],[31.582739184,49.520167045],[31.58200599,49.520172645],[31.579231371,49.520193651],[31.577146719,49.520209486],[31.576109771,49.5202173],[31.575247832,49.520223805],[31.574586742,49.520228763],[31.573989057,49.520233326],[31.572009914,49.52024821],[31.570144474,49.520262173],[31.569154481,49.520269672],[31.568330257,49.520275797],[31.567553003,49.520281584],[31.566802957,49.520287214],[31.566068102,49.520292696],[31.564595767,49.52030372],[31.563852349,49.520309211],[31.563848581,49.520354232],[31.564809147,49.520347083],[31.565771645,49.520339844],[31.56673413,49.520332695],[31.567696628,49.520325539],[31.568659125,49.520318275],[31.569621623,49.520311103],[31.570584258,49.520303833],[31.571627271,49.520296028],[31.572816305,49.520287053],[31.574112385,49.520277296],[31.575411779,49.520267558],[31.576686313,49.520257867],[31.577891904,49.520248792],[31.578928852,49.520240962],[31.57974824,49.52023472],[31.580453261,49.52022936],[31.581121808,49.520224237],[31.581243126748276,49.52022332106176],[31.581759834,49.52021942],[31.582375472,49.520214777],[31.582983252,49.520210154],[31.583472095,49.520206387]]]]},"id":"88"},{"type":"Feature","properties":{"id":"89"},"geometry":{"type":"MultiPolygon","coordinates":[[[[31.575499871,49.528283686],[31.575399838,49.529537804],[31.575396357,49.529582825],[31.57537921,49.529796503],[31.575281466,49.531024391],[31.575350686,49.531023232],[31.575371396757767,49.5307632951546],[31.57543659210199,49.52983237306263],[31.57554112770226,49.528633688513],[31.575565469,49.528328357],[31.575844382,49.528327348],[31.57584923,49.528282344],[31.575499871,49.528283686]]]]},"id":"89"},{"type":"Feature","properties":{"id":"90"},"geometry":{"type":"MultiPolygon","coordinates":[[[[31.580559228,49.50069572],[31.581562091,49.500746305],[31.582568822,49.500797104],[31.583575555,49.500847886],[31.584582415,49.500898748],[31.585589152,49.50094952],[31.58659603,49.501000275],[31.587602771,49.501051021],[31.587624313878756,49.50105210698397],[31.58762454986567,49.50105042117293],[31.587904600066132,49.50106623630757],[31.588607168,49.501101653],[31.588612292,49.501056827],[31.587608573,49.501006205],[31.586601556,49.50095545],[31.585594555,49.500904695],[31.584587543,49.500853923],[31.583580532,49.500803061],[31.582573662,49.500752271],[31.581566655,49.500701481],[31.580564759,49.500650895],[31.580559228,49.50069572]]]]},"id":"90"},{"type":"Feature","properties":{"id":"91"},"geometry":{"type":"MultiPolygon","coordinates":[[[[31.586045095,49.52406633],[31.585980172,49.524599546],[31.585922613,49.52507194],[31.585862165,49.525654101],[31.585818888,49.526071953],[31.585697859,49.52725119],[31.585642471,49.527791133],[31.585278433,49.530963721],[31.585347791,49.530962924],[31.585711348,49.527794283],[31.585887748,49.526074923],[31.585991473,49.52507527],[31.58611443,49.524065802],[31.586045095,49.52406633]]]]},"id":"91"},{"type":"Feature","properties":{"id":"92"},"geometry":{"type":"MultiPolygon","coordinates":[[[[31.596165881,49.517700519],[31.596172916,49.517746161],[31.597235202,49.517813258],[31.599916717,49.517966779],[31.599922095,49.517921954],[31.598898434,49.517863363],[31.597957425,49.51780945],[31.597241549,49.517768531],[31.597008984,49.517753764],[31.596165881,49.517700519]]]]},"id":"92"},{"type":"Feature","properties":{"id":"93"},"geometry":{"type":"MultiPolygon","coordinates":[[[[31.589644035,49.494449977],[31.589638927,49.494494811],[31.59207388,49.49464046],[31.594446226,49.494782341],[31.600041197,49.495116701],[31.6012982,49.495191838],[31.602675163,49.495274012],[31.60268095,49.495229275],[31.599791475,49.495056675],[31.598501124,49.494979545],[31.592703616,49.494632999],[31.589644035,49.494449977]]]]},"id":"93"},{"type":"Feature","properties":{"id":"94"},"geometry":{"type":"MultiPolygon","coordinates":[[[[31.611799701,49.511285339],[31.611673977,49.512325571],[31.611664595,49.512401835],[31.611570561,49.513163579],[31.611520551,49.513568348],[31.611426142,49.514373879],[31.611408178,49.514526864],[31.611352344,49.514970606],[31.611277339,49.515565706],[31.611202508,49.516159287],[31.611127824,49.516751509],[31.611053452,49.517342212],[31.610979104,49.517931476],[31.610905529,49.518515614],[31.610974693,49.518516681],[31.611477011,49.514530448],[31.611589397,49.513571842],[31.611742822,49.512329156],[31.611869369,49.511281469],[31.611799701,49.511285339]]]]},"id":"94"},{"type":"Feature","properties":{"id":"95"},"geometry":{"type":"MultiPolygon","coordinates":[[[[31.625546022,49.509927356],[31.625390754,49.51121689],[31.625222996,49.512609647],[31.625050984,49.514038696],[31.624878824,49.515467645],[31.624745716,49.516572942],[31.624650066,49.517366877],[31.624554414,49.518160803],[31.624458882,49.518954648],[31.624363223,49.519748583],[31.624267561,49.520542428],[31.624172032,49.521335733],[31.624241227,49.521335802],[31.624325068,49.520639965],[31.624409368,49.51994072],[31.624493541,49.519241466],[31.624577836,49.51854222],[31.624662004,49.517842876],[31.624746308,49.51714363],[31.624830458,49.516444375],[31.624914757,49.515745039],[31.625012359,49.514934396],[31.625161346,49.513696776],[31.625312909,49.512438051],[31.625464463,49.511179326],[31.62561535,49.509926796],[31.625546022,49.509927356]]]]},"id":"95"},{"type":"Feature","properties":{"id":"96"},"geometry":{"type":"MultiPolygon","coordinates":[[[[31.621930247,49.521531287],[31.623164402,49.521541366],[31.623598352,49.521541875],[31.625409975,49.521543904],[31.625940987,49.521537754],[31.625946355,49.521492747],[31.625409391,49.52149894],[31.623164924,49.521496418],[31.62189888,49.521486094],[31.621930247,49.521531287]]]]},"id":"96"},{"type":"Feature","properties":{"id":"97"},"geometry":{"type":"MultiPolygon","coordinates":[[[[31.624839527,49.530480143],[31.62256262,49.530507297],[31.622333678,49.530509967],[31.619826844,49.530556362],[31.619757487,49.530557099],[31.617523795,49.530577654],[31.615091574,49.530599892],[31.615022217,49.530600527],[31.612575765,49.53062287],[31.612472262,49.530624328],[31.609728102,49.530663029],[31.609722581,49.530708035],[31.612577015,49.530667833],[31.619822022,49.530601467],[31.622335364,49.530554939],[31.624833618,49.530525141],[31.624839527,49.530480143]]]]},"id":"97"},{"type":"Feature","properties":{"id":"98"},"geometry":{"type":"MultiPolygon","coordinates":[[[[31.55559758,49.542405052],[31.555833489,49.542230294],[31.55607206,49.542053674],[31.55631063,49.541876964],[31.556566578,49.54168736],[31.556658106,49.541619585],[31.556749648,49.541551819],[31.556846918,49.541479788],[31.556976575,49.541383735],[31.556929131,49.541350707],[31.556575197,49.541612891],[31.556329769,49.541794757],[31.556294264,49.541822881],[31.556028965,49.542017443],[31.555780012,49.5422018],[31.5555364,49.542382162],[31.555290536,49.542564386],[31.555027414,49.542759952],[31.554718592,49.542989498],[31.554368292,49.543248553],[31.554017865,49.543507599],[31.553667282,49.543766742],[31.553319498,49.544023923],[31.553363311,49.544059616],[31.553707311,49.543804828],[31.554050894,49.543550309],[31.554394611,49.543295789],[31.554691496,49.543076041],[31.554919569,49.542907071],[31.555145114,49.542740053],[31.555370644,49.542573043],[31.55559758,49.542405052]]]]},"id":"98"},{"type":"Feature","properties":{"id":"99"},"geometry":{"type":"MultiPolygon","coordinates":[[[[31.547487679,49.54725508],[31.547585356,49.547263438],[31.547980472,49.547069157],[31.548405721,49.546860099],[31.548686291,49.546722138],[31.548830691,49.546650769],[31.549051274,49.546541722],[31.549267534,49.546434888],[31.549725449,49.546208646],[31.550172739,49.545987632],[31.550554879,49.545798805],[31.550644319,49.545754404],[31.551144219,49.545506479],[31.551662124,49.545249526],[31.551717933,49.545221845],[31.552103568,49.545030521],[31.552504681,49.544831501],[31.552925319,49.544622752],[31.553365356,49.544404542],[31.553321807,49.544369569],[31.551238392,49.545403219],[31.550513015,49.545763039],[31.549184236,49.546419629],[31.548644566,49.546686281],[31.547487679,49.54725508]]]]},"id":"99"},{"type":"Feature","properties":{"id":"100"},"geometry":{"type":"MultiPolygon","coordinates":[[[[31.553068108,49.544248448],[31.553122257,49.544220569],[31.551817061,49.543145411],[31.550887153,49.542379344],[31.549933723,49.541593877],[31.548654387,49.540539873],[31.548347044,49.540250333],[31.548493011,49.54019049],[31.548447949,49.540155857],[31.54824921,49.540237301],[31.548362914,49.540344428],[31.548598871,49.540566564],[31.548651638,49.540610068],[31.54896361,49.540867183],[31.549276124,49.541124747],[31.549589471,49.541382858],[31.549903485,49.541641516],[31.550218056,49.541900712],[31.550533446,49.542160456],[31.550849378,49.542420828],[31.551166144,49.542681666],[31.551483438,49.542943133],[31.551801566,49.543205138],[31.552120236,49.54346769],[31.552439726,49.543730879],[31.552759897,49.543994615],[31.553068108,49.544248448]]]]},"id":"100"},{"type":"Feature","properties":{"id":"101"},"geometry":{"type":"MultiPolygon","coordinates":[[[[31.554444359,49.533113936],[31.554507828,49.533131718],[31.555344312,49.53194118],[31.555443311,49.531800106],[31.555998099,49.531010335],[31.556179247,49.530785864],[31.556302361,49.530633386],[31.556242136,49.530611405],[31.556137989,49.530740478],[31.555961945,49.530958338],[31.555936618,49.530989784],[31.555822423,49.531152408],[31.555685926,49.531346584],[31.555549567,49.531540849],[31.5551547,49.532102913],[31.554919059,49.532438341],[31.554683276,49.532773949],[31.554444359,49.533113936]]]]},"id":"101"},{"type":"Feature","properties":{"id":"102"},"geometry":{"type":"MultiPolygon","coordinates":[[[[31.590692718,49.544160726],[31.590650838,49.544131079],[31.59063471,49.544084652],[31.590712205,49.543564031],[31.590725484,49.543474496],[31.590661849,49.543426245],[31.590559,49.544195635],[31.593612958,49.544451761],[31.596565802,49.544714931],[31.596574917,49.544670409],[31.593625416,49.544405105],[31.593557007,49.544398903],[31.593513128,49.544394964],[31.590692718,49.544160726]]]]},"id":"102"},{"type":"Feature","properties":{"id":"103"},"geometry":{"type":"MultiPolygon","coordinates":[[[[31.595495568,49.552318072],[31.595681156,49.551204124],[31.595952418,49.549575847],[31.596109494,49.548632951],[31.59629381,49.547526419],[31.596576422,49.545829654],[31.596710449,49.545024952],[31.596718192,49.544978479],[31.59674149,49.544838584],[31.596640055,49.544832312],[31.596632445,49.544862367],[31.596567396,49.545272858],[31.596479839,49.54582532],[31.596392881,49.546374365],[31.596363808,49.546557476],[31.596334872,49.546740667],[31.596304392,49.546932303],[31.596299683,49.546962391],[31.596212622,49.547509907],[31.596125232,49.54806031],[31.596034564,49.548630909],[31.595886503,49.549562774],[31.595853056,49.549779929],[31.595767984,49.550332046],[31.595682757,49.550884164],[31.595633765,49.551202346],[31.595595871,49.551436183],[31.595506481,49.551988627],[31.595461717,49.552265214],[31.595445062,49.552306622],[31.595495568,49.552318072]]]]},"id":"103"},{"type":"Feature","properties":{"id":"104"},"geometry":{"type":"MultiPolygon","coordinates":[[[[31.588786209,49.535609632],[31.588884046,49.535043141],[31.588982309,49.534476379],[31.589083835,49.533889601],[31.589192167,49.53326375],[31.589356205,49.532315919],[31.589538142154634,49.53126519522592],[31.589553976,49.53117369],[31.589484328,49.53117476],[31.589468503906335,49.531266152800406],[31.58933626788345,49.53202988819652],[31.589255332946724,49.53253416468143],[31.589249063439905,49.53253355154082],[31.589065261,49.533595793],[31.588903059,49.534532851],[31.588747371,49.535431834],[31.588617823,49.53618078],[31.588513497,49.536783367],[31.58842172,49.537313223],[31.588351903,49.537716826],[31.58834758924896,49.537741656132],[31.588354110717717,49.537742351820015],[31.58832260186388,49.53788548456916],[31.588319877,49.537901169],[31.58828799,49.538085512],[31.588203005,49.538576485],[31.588109513,49.539116664],[31.588016005,49.539656843],[31.587922509,49.540197031],[31.587828997,49.540737299],[31.587735497,49.541277477],[31.587641981,49.541817656],[31.587548477,49.542357834],[31.587485565537346,49.54272070351497],[31.587459674255694,49.54288030712255],[31.587526482,49.54288653],[31.587626811,49.542306309],[31.587724336,49.541743407],[31.587821871,49.541179795],[31.587870775,49.54089767],[31.587919693,49.540615463],[31.587968471,49.540333068],[31.588017387,49.540050592],[31.588119402,49.539461468],[31.588218309,49.53888986],[31.588316285,49.538324179],[31.588414273,49.537758318],[31.588509304,49.537209344],[31.588592737,49.536726896],[31.58868808,49.536176663],[31.588786209,49.535609632]]]]},"id":"104"},{"type":"Feature","properties":{"id":"105"},"geometry":{"type":"MultiPolygon","coordinates":[[[[31.576941618,49.541232381],[31.576803938,49.541712591],[31.575902191,49.541605137],[31.575700312,49.541613415],[31.574859013,49.541538893],[31.573623242,49.541406533],[31.573591074,49.541404845],[31.57322834,49.541385393],[31.5724635,49.541294109],[31.570732668,49.540965065],[31.570580864,49.540926891],[31.570704277,49.54100539],[31.572407262,49.541338344],[31.572507215,49.541349575],[31.573219355,49.541429374],[31.573585406,49.541449031],[31.574848938,49.541582776],[31.575701327,49.541662425],[31.57576635,49.541672471],[31.575885761,49.541648791],[31.577902896,49.541888922],[31.579557988,49.54208592],[31.579574803,49.542042858],[31.576871902,49.541720683],[31.57700278,49.54126452],[31.577132473,49.540811945],[31.577269405,49.540334343],[31.577519462,49.539461746],[31.577454305,49.53944414],[31.577384652,49.539686984],[31.577312347,49.539939243],[31.577233679,49.54021357],[31.577090096,49.5407145],[31.576941618,49.541232381]]]]},"id":"105"},{"type":"Feature","properties":{"id":"106"},"geometry":{"type":"MultiPolygon","coordinates":[[[[31.603995535,49.555827549],[31.604178841,49.5546938],[31.604361102,49.553566553],[31.604453981,49.552991558],[31.604548237,49.552408838],[31.60464249,49.551825759],[31.60473599,49.551246726],[31.604830252,49.550663377],[31.604924198,49.550082096],[31.605113803,49.54890894],[31.60520837,49.548323521],[31.605303849,49.547733265],[31.605378115549,49.54727371566828],[31.605391502380318,49.54718251672248],[31.605392856056156,49.54718250380638],[31.60539998,49.547138422],[31.605495316,49.546547707],[31.605590665,49.545957631],[31.605685671,49.545369973],[31.605732716,49.545078652],[31.6056632,49.545079201],[31.60557673246006,49.545614299156696],[31.60556316375727,49.545706741016424],[31.605561791563396,49.54570675450636],[31.605466927,49.54629367],[31.605450276,49.54639649],[31.605433748,49.54649922],[31.605417083,49.54660195],[31.605400431,49.546704779],[31.605383904,49.546807509],[31.605367238,49.546910239],[31.605267699,49.547526367],[31.605168142,49.548142485],[31.605067669,49.548763909],[31.60496328,49.549409936],[31.604858413,49.5500601],[31.604756978,49.550687539],[31.604655868,49.55131336],[31.604555995,49.551930827],[31.604456735,49.552545334],[31.604357812,49.553156515],[31.604259638,49.553763838],[31.60415711,49.554398191],[31.603921964,49.555852691],[31.603995535,49.555827549]]]]},"id":"106"},{"type":"Feature","properties":{"id":"107"},"geometry":{"type":"MultiPolygon","coordinates":[[[[31.608544216,49.444666637],[31.608564402,49.444709678],[31.610429708,49.44433876],[31.611366093,49.444152553],[31.611951784,49.444036109],[31.612700224,49.443887288],[31.614249521,49.443579159],[31.614272375,49.443527635],[31.613896362,49.443602435],[31.613398161,49.443701486],[31.612401588,49.443899654],[31.611203371,49.444137901],[31.610579483,49.444261957],[31.609965006,49.444384185],[31.609247838,49.444526755],[31.608544216,49.444666637]]]]},"id":"107"},{"type":"Feature","properties":{"id":"108"},"geometry":{"type":"MultiPolygon","coordinates":[[[[31.610668,49.437841],[31.610652,49.437797],[31.608027,49.438319],[31.605785,49.438765],[31.605805,49.438808],[31.607551,49.438461],[31.608109,49.43835],[31.608918,49.438189],[31.609523,49.438068],[31.610112,49.437951],[31.610668,49.437841]]]]},"id":"108"},{"type":"Feature","properties":{"id":"109"},"geometry":{"type":"MultiPolygon","coordinates":[[[[31.618592,49.439552],[31.618098,49.439651],[31.617539,49.439762],[31.61698,49.439873],[31.616412,49.439986],[31.615795,49.440109],[31.615134,49.44024],[31.614445,49.440377],[31.613741,49.440517],[31.613023,49.44066],[31.612312,49.440801],[31.611627,49.440938],[31.610942,49.441074],[31.61004,49.441253],[31.609127,49.441435],[31.608457,49.441568],[31.607834,49.441692],[31.607211,49.441816],[31.607231,49.441859],[31.608274,49.441651],[31.61024,49.441261],[31.611005,49.441108],[31.611703,49.44097],[31.612407,49.44083],[31.613108,49.44069],[31.613796,49.440553],[31.614464,49.44042],[31.615101,49.440294],[31.615724,49.44017],[31.616348,49.440046],[31.616971,49.439922],[31.617597,49.439797],[31.618597,49.439598],[31.618592,49.439552]]]]},"id":"109"},{"type":"Feature","properties":{"id":"110"},"geometry":{"type":"MultiPolygon","coordinates":[[[[31.662828294,49.445851108],[31.662897049,49.445854662],[31.663014609,49.444075908],[31.663068461,49.44326085],[31.663120448,49.44247428],[31.663227052,49.440860351],[31.663160007,49.44082974],[31.66310579,49.441649923],[31.663076997,49.442086519],[31.663048362,49.442521056],[31.663016817,49.442997469],[31.662879344,49.445079645],[31.662828294,49.445851108]]]]},"id":"110"},{"type":"Feature","properties":{"id":"111"},"geometry":{"type":"MultiPolygon","coordinates":[[[[31.56461216,49.513924299],[31.565730644,49.513978842],[31.566853273,49.514033677],[31.567975753,49.514088402],[31.56870781,49.514124161],[31.569285334,49.514152365],[31.569833885,49.514179082],[31.570355811,49.51420459],[31.571230888366642,49.514247214234125],[31.571230888366642,49.51423148102165],[31.571235367216016,49.51420240159928],[31.570601966,49.514171506],[31.570093699,49.514146737],[31.569588885,49.514122081],[31.569103931,49.5140984],[31.568601327,49.514073936],[31.568076504,49.514048305],[31.567400738,49.514015342],[31.566670216,49.513979682],[31.565809729,49.513937671],[31.564618398,49.513879484],[31.56461216,49.513924299]]]]},"id":"111"},{"type":"Feature","properties":{"id":"112"},"geometry":{"type":"MultiPolygon","coordinates":[[[[31.575859906,49.500431298],[31.575795654,49.501058028],[31.575736801,49.501632021],[31.57568132,49.502173391],[31.575619077,49.502780716],[31.575563809,49.503318588],[31.575632775,49.503321654],[31.575739824,49.502277894],[31.575795971,49.501730409],[31.575857014,49.501134944],[31.575928882,49.500434193],[31.575859906,49.500431298]]]]},"id":"112"},{"type":"Feature","properties":{"id":"113"},"geometry":{"type":"MultiPolygon","coordinates":[[[[31.575101315,49.507661598],[31.575176563,49.507054022],[31.575248044,49.506477163],[31.575315145,49.505934896],[31.575378017,49.505427112],[31.57556099388829,49.503948886907395],[31.57552440856095,49.503948886907395],[31.575491414,49.503951635],[31.575407392,49.504629816],[31.57534875,49.505104446],[31.575285236,49.505616806],[31.575215707,49.506178127],[31.575032481,49.507658531],[31.575101315,49.507661598]]]]},"id":"113"},{"type":"Feature","properties":{"id":"114"},"geometry":{"type":"MultiPolygon","coordinates":[[[[31.575859906,49.500431298],[31.575928882,49.500434193],[31.57662677,49.500463055],[31.57699541,49.500461507],[31.577201826,49.500452631],[31.57765603,49.500467856],[31.577584062,49.501211855],[31.577526478,49.501807436],[31.577508983,49.501989376],[31.577469535,49.502354832],[31.577327717,49.503670755],[31.57750072,49.503677895],[31.578720135,49.503727902],[31.578724426,49.503683069],[31.577401404,49.503628726],[31.577414947231905,49.50350310570906],[31.57741069793696,49.50350298027737],[31.577429243246176,49.50337050298286],[31.57755011029912,49.50224940024581],[31.57753944396967,49.502248846093444],[31.577563827905944,49.50212216253976],[31.577577823,49.501992351],[31.577652590865362,49.501218912159445],[31.577625274658146,49.50121764501689],[31.577668190002385,49.501022550476705],[31.577671557654405,49.50102270953611],[31.577729311,49.500425278],[31.5772013,49.500407576],[31.576992937,49.500416526],[31.576628715,49.500418116],[31.574443756,49.500327539],[31.57442883,49.500371929],[31.575859906,49.500431298]]]]},"id":"114"},{"type":"Feature","properties":{"id":"115"},"geometry":{"type":"MultiPolygon","coordinates":[[[[31.527000767,49.450715076],[31.527047622,49.450752065],[31.529471559,49.450197093],[31.530939942,49.449860915],[31.532105612,49.449594026],[31.533102383,49.449365719],[31.533991234,49.449162215],[31.534804986,49.448975882],[31.53556166,49.448802553],[31.536272607,49.448639718],[31.53694297,49.44848616],[31.537562064,49.448344403],[31.538152751,49.448209054],[31.538736651,49.448075359],[31.539021058,49.448010203],[31.539021933,49.447965246],[31.537517508,49.448309505],[31.536674271,49.448502358],[31.535895308,49.448680628],[31.535163304,49.448848053],[31.534469394,49.449006795],[31.533806641,49.449158421],[31.533164112,49.449305451],[31.532534472,49.449449435],[31.531913543,49.449591516],[31.531268245,49.449739049],[31.53063567,49.449883806],[31.530032753,49.45002171],[31.52945337,49.450154146],[31.528879679,49.450285365],[31.528286998,49.45042091],[31.527669381,49.450562185],[31.527000767,49.450715076]]]]},"id":"115"},{"type":"Feature","properties":{"id":"116"},"geometry":{"type":"MultiPolygon","coordinates":[[[[31.556860628,49.529661303],[31.556911431,49.529705956],[31.559103536,49.529691447],[31.560038566,49.529685294],[31.560775759,49.529680407],[31.561493061,49.529675714],[31.562206358,49.529670982],[31.562899334,49.529666357],[31.563524763,49.529662249],[31.564148534,49.52965804],[31.564784875,49.529653839],[31.566102175,49.529645068],[31.566796269,49.529640418],[31.567463552,49.529636004],[31.568048769,49.529632094],[31.56856492,49.529628607],[31.569099566,49.52962509],[31.569862741,49.529619994],[31.570916438,49.529612909],[31.573593176,49.529594915],[31.575396357,49.529582825],[31.575399838,49.529537804],[31.572426352,49.529557778],[31.571002804,49.529567387],[31.569632464,49.529576516],[31.568553475,49.529583739],[31.567436085,49.529591271],[31.566298927,49.529598822],[31.565190515,49.529606229],[31.564134607,49.529613236],[31.562304472,49.529625381],[31.561738593,49.529629063],[31.561528188,49.529630506],[31.561305751,49.529631936],[31.561070205,49.529633525],[31.560340333,49.529638384],[31.559610323,49.529643149],[31.558880313,49.529647998],[31.558150303,49.529652843],[31.557420292,49.529657594],[31.556860628,49.529661303]]]]},"id":"116"},{"type":"Feature","properties":{"id":"117"},"geometry":{"type":"MultiPolygon","coordinates":[[[[31.563712195,49.518216059],[31.5636531,49.518909707],[31.563565503,49.519939327],[31.56351137,49.520575295],[31.563424367,49.521877257],[31.563421441,49.521922187],[31.563290337,49.523883676],[31.563270886,49.524020002],[31.563340373,49.524019308],[31.563359207,49.523886749],[31.563580386,49.520577469],[31.563781411,49.518214726],[31.563712195,49.518216059]]]]},"id":"117"},{"type":"Feature","properties":{"id":"118"},"geometry":{"type":"MultiPolygon","coordinates":[[[[31.568958946,49.517961993],[31.567890462,49.517960482],[31.567160038,49.517959441],[31.566825741,49.517964031],[31.565394739,49.517983763],[31.564064465,49.518022626],[31.564056279,49.518067875],[31.565397063,49.518028735],[31.567160707,49.518004406],[31.569392554,49.518007563],[31.569468944,49.517962678],[31.568958946,49.517961993]]]]},"id":"118"},{"type":"Feature","properties":{"id":"119"},"geometry":{"type":"MultiPolygon","coordinates":[[[[31.592578379,49.513283113],[31.59264721,49.513287248],[31.592698967,49.512833682],[31.592749757,49.51238739],[31.592826085,49.511717952],[31.592851609,49.511494806],[31.592902396,49.511048514],[31.5929543,49.510594408],[31.593023681,49.509985963],[31.59309719,49.509341324],[31.593170697,49.508696677],[31.593244064,49.508052029],[31.593317567,49.507407391],[31.593464554,49.506118095],[31.593538052,49.505473456],[31.593611547,49.504828807],[31.593685027,49.504184159],[31.593758518,49.503539511],[31.593831994,49.502894871],[31.593905482,49.502250223],[31.593982078,49.501578804],[31.594065922,49.500843066],[31.594111884044146,49.50043960904408],[31.59414931726174,49.500111018523356],[31.594149287,49.500111284],[31.594301159,49.498778959],[31.594232348,49.498775094],[31.594160376,49.499406175],[31.594089042,49.500032228],[31.59401770102306,49.50065830790612],[31.594017705,49.500658273],[31.593946367,49.501284416],[31.593875027,49.501910469],[31.593803686,49.502536522],[31.593732342,49.503162656],[31.593660859,49.503788709],[31.593589511,49.504414762],[31.593518148,49.505040815],[31.593446798,49.505666948],[31.593375445,49.506293001],[31.593304091,49.506919053],[31.59323272,49.507545096],[31.593161363,49.508171238],[31.593018489,49.509423333],[31.592947112,49.510049475],[31.592875746,49.510675526],[31.592811306,49.511240396],[31.592750139,49.511776968],[31.592690478,49.51230025],[31.592633112,49.512803497],[31.592578379,49.513283113]]]]},"id":"119"},{"type":"Feature","properties":{"id":"120"},"geometry":{"type":"MultiPolygon","coordinates":[[[[31.61614085,49.52153322],[31.616084245,49.521992159],[31.616026174,49.522462501],[31.615951596,49.523067404],[31.615832372,49.524033428],[31.615710854,49.525018848],[31.615635481,49.525629325],[31.615564458,49.526205038],[31.61556026658661,49.52623906128404],[31.615562438964783,49.526239037384215],[31.615553412595514,49.52629469771598],[31.615496634,49.526755591],[31.615431123,49.527286118],[31.615374491,49.527745237],[31.615310103,49.5282666],[31.615259772,49.528674786],[31.61525784907026,49.52869037977853],[31.615262031555122,49.52869033376645],[31.615219116210877,49.52910815611612],[31.615206310443728,49.529108294644956],[31.615162361,49.529464371],[31.615115104,49.529847316],[31.615068661,49.530224057],[31.615022217,49.530600527],[31.615091574,49.530599892],[31.615140282,49.530205185],[31.615192229,49.529784158],[31.615245638,49.52935064],[31.615299346,49.528915693],[31.615352903,49.528481644],[31.615407111,49.52804274],[31.615461967,49.52759746],[31.615516973,49.527152181],[31.615571826,49.526706901],[31.61562683,49.526261621],[31.615681695,49.525816332],[31.615754818,49.52522401],[31.615847172,49.524476004],[31.61590881,49.523976285],[31.615974825,49.523440902],[31.616051192,49.522821629],[31.616130608,49.522178455],[31.616210196,49.521532763],[31.61614085,49.52153322]]]]},"id":"120"},{"type":"Feature","properties":{"id":"121"},"geometry":{"type":"MultiPolygon","coordinates":[[[[31.57867625,49.546287563],[31.578736967,49.546270241],[31.578694334,49.546207323],[31.578001177,49.545173458],[31.577399863,49.544312445],[31.576733843,49.543358702],[31.576135542,49.542522855],[31.575703637,49.541781395],[31.575357571,49.541749054],[31.57272106,49.541453793],[31.572667399,49.541493378],[31.574407013,49.541688221],[31.575346792,49.541793468],[31.575479205,49.541805862],[31.575653545,49.541822085],[31.575911043,49.542264363],[31.576071789,49.542540331],[31.576671031,49.543377445],[31.577337928,49.544335756],[31.577369268,49.54438087],[31.577731036,49.544901747],[31.578132591,49.545481559],[31.57867625,49.546287563]]]]},"id":"121"},{"type":"Feature","properties":{"id":"122"},"geometry":{"type":"MultiPolygon","coordinates":[[[[31.602513677,49.49918611],[31.602582687,49.499185626],[31.602625029,49.498868882],[31.602676654,49.49848261],[31.602730139,49.498082093],[31.602788912,49.497642748],[31.602817768,49.497426852],[31.602849086,49.497193313],[31.602929447,49.496595559],[31.602993846,49.49611547],[31.603058382,49.495634984],[31.603068304,49.495561094],[31.603119837,49.495154097],[31.603180725,49.494673165],[31.603338629,49.493426112],[31.603451034,49.49271244],[31.603382558,49.492706819],[31.603270139,49.493420598],[31.603111707,49.494673613],[31.602925068,49.496119181],[31.602719961,49.497643627],[31.602513677,49.49918611]]]]},"id":"122"},{"type":"Feature","properties":{"id":"123"},"geometry":{"type":"MultiPolygon","coordinates":[[[[31.57541,49.434561],[31.57503,49.434141],[31.574472,49.433524],[31.573972,49.432969],[31.573683,49.43265],[31.573548,49.4325],[31.573511,49.432512],[31.573557,49.432564],[31.573643,49.432659],[31.57375,49.432779],[31.573878,49.432923],[31.574007,49.433067],[31.574136,49.433212],[31.574266,49.433357],[31.574335,49.433434],[31.574397,49.433502],[31.57453,49.433647],[31.574662,49.433793],[31.574795,49.433939],[31.574929,49.434086],[31.57506,49.43423],[31.575063,49.434233],[31.575197,49.43438],[31.575374,49.434575],[31.57541,49.434561]]]]},"id":"123"},{"type":"Feature","properties":{"id":"124"},"geometry":{"type":"MultiPolygon","coordinates":[[[[31.550022,49.513054],[31.550123,49.51299],[31.550892,49.512558],[31.55097,49.512514],[31.550846,49.512525],[31.549976,49.51302],[31.549368,49.513468],[31.548035,49.514449],[31.547942,49.514516],[31.547769,49.51464],[31.546953,49.515226],[31.5465,49.515551],[31.54641,49.515614],[31.546297,49.515692],[31.546232,49.515738],[31.546079,49.515844],[31.54592,49.515954],[31.545552,49.516203],[31.544942,49.516615],[31.544735,49.516766],[31.544275,49.517105],[31.544077,49.51725],[31.543737,49.5175],[31.543043,49.517999],[31.542924,49.518087],[31.542793,49.518183],[31.541934,49.518825],[31.541287,49.519202],[31.5405,49.519606],[31.540547,49.51964],[31.541333,49.519235],[31.541981,49.518859],[31.542604,49.518381],[31.542662,49.51834],[31.542839,49.518217],[31.543089,49.518033],[31.543252,49.517916],[31.543783,49.517534],[31.544321,49.517138],[31.544988,49.516648],[31.545967,49.515987],[31.546278,49.515771],[31.546344,49.515725],[31.546391,49.515693],[31.546547,49.515584],[31.547816,49.514673],[31.548081,49.514482],[31.548746,49.513993],[31.550022,49.513054]]]]},"id":"124"},{"type":"Feature","properties":{"id":"125"},"geometry":{"type":"MultiPolygon","coordinates":[[[[31.580156,49.503813],[31.58226,49.50391],[31.583295,49.503959],[31.584457,49.504018],[31.584526,49.504021],[31.585584,49.504076],[31.588248,49.504223],[31.588316,49.504226],[31.588428,49.504232],[31.588433,49.504188],[31.588322,49.504183],[31.588253,49.504179],[31.586241,49.504067],[31.585589,49.504031],[31.585231,49.504012],[31.58422,49.503961],[31.583299,49.503914],[31.583208,49.503909],[31.582197,49.503862],[31.580179,49.503769],[31.580156,49.503813]]]]},"id":"125"},{"type":"Feature","properties":{"id":"126"},"geometry":{"type":"MultiPolygon","coordinates":[[[[31.587524122,49.513006986],[31.589575381,49.51314394],[31.591183605,49.513242651],[31.592569625,49.513327708],[31.595061019,49.513473131],[31.597686215,49.513627883],[31.599296818,49.5137263],[31.60045275,49.513796929],[31.600810682,49.513811121],[31.60081562,49.513767842],[31.600456856,49.51375205],[31.59884393,49.513653588],[31.597686926,49.513582935],[31.597618108,49.513578704],[31.597602516,49.513577782],[31.596841622,49.513532996],[31.595062728,49.513428192],[31.593002678,49.51330892],[31.59264721,49.513287248],[31.592578379,49.513283113],[31.590091962,49.513131851],[31.589585328,49.513100981],[31.587528833,49.512962126],[31.587524122,49.513006986]]]]},"id":"126"},{"type":"Feature","properties":{"id":"127"},"geometry":{"type":"MultiPolygon","coordinates":[[[[31.565392393,49.507282646],[31.566202094,49.507317155],[31.566984622,49.50735054],[31.567781774,49.507384487],[31.568468697,49.507413764],[31.568712315,49.507425704],[31.569754503,49.50747681],[31.570732443,49.507524735],[31.572494063,49.507593501],[31.573556421,49.507637807],[31.573784878,49.507648002],[31.574566977,49.507682946],[31.575190972,49.507710776],[31.575771224,49.507736725],[31.576326869,49.507761554],[31.576885401,49.507786451],[31.577376812,49.50780845],[31.577966345,49.50783475],[31.57951121,49.50790369],[31.579580058,49.507906754],[31.579628747,49.507908941],[31.57956601,49.507860243],[31.576997177,49.507745979],[31.575101315,49.507661598],[31.575032481,49.507658531],[31.573991423,49.507612157],[31.573560579,49.507592974],[31.572949087,49.507568832],[31.572463691,49.507549742],[31.57073851,49.507479955],[31.570352542,49.507461029],[31.570283694,49.50745769],[31.568213503,49.507357863],[31.566725454,49.507294431],[31.565398216,49.507237831],[31.565392393,49.507282646]]]]},"id":"127"},{"type":"Feature","properties":{"id":"128"},"geometry":{"type":"MultiPolygon","coordinates":[[[[31.579642853,49.507803752],[31.579726522,49.507179166],[31.579818185,49.506496104],[31.579905016,49.505848515],[31.579933758,49.505633668],[31.580108951,49.50402947],[31.580155953,49.503812525],[31.580179421,49.50376856],[31.58036963,49.502229888],[31.580478676,49.501347756],[31.580503051,49.501150301],[31.580559228,49.50069572],[31.580564759,49.500650895],[31.58058265,49.500506726],[31.580734119,49.499115949],[31.580738865,49.499072401],[31.580940399,49.497524512],[31.580859435,49.497523939],[31.580856883,49.49757573],[31.580690661,49.499014558],[31.580679634,49.499109603],[31.58060578645493,49.49977582665701],[31.580543518066353,49.500409391143734],[31.580535572964745,49.50040926529278],[31.5805346,49.500418043],[31.580490813,49.500689995],[31.580434786,49.501143659],[31.580414772033635,49.501305077049224],[31.580414772033635,49.50135699778364],[31.58040863267892,49.50135655477447],[31.580347723,49.501926575],[31.580328941345158,49.50204626218979],[31.580328941345158,49.50210949586654],[31.580319018536436,49.50210949586654],[31.580318031,49.502115789],[31.580300762,49.502226851],[31.580113589,49.5037404],[31.580097935,49.503784459],[31.580040887,49.50402192],[31.579981735,49.504562431],[31.579941575,49.504929462],[31.579901495,49.505295756],[31.57989945072013,49.50531443608547],[31.57989978790278,49.50531445068274],[31.57989748667414,49.50533238301503],[31.579864939,49.505629795],[31.579860751,49.505661321],[31.579811791,49.506026452],[31.579762775,49.50639214],[31.579713691,49.506758368],[31.579664537,49.507125117],[31.579615315,49.507492415],[31.57956601,49.507860243],[31.579628747,49.507908941],[31.579642853,49.507803752]]]]},"id":"128"},{"type":"Feature","properties":{"id":"129"},"geometry":{"type":"MultiPolygon","coordinates":[[[[31.624833618,49.530525141],[31.624902699,49.530524231],[31.625038907,49.529489496],[31.625167006,49.528516333],[31.625172942,49.528471299],[31.625277458,49.527677346],[31.625456363,49.526178485],[31.625532106,49.525543914],[31.625648804,49.524592502],[31.625756258,49.523716644],[31.625761778,49.523671584],[31.625924697,49.522343526],[31.625934867,49.522167737],[31.626015423,49.521491926],[31.625946355,49.521492747],[31.625940987,49.521537754],[31.625872217,49.522118524],[31.625860672,49.522216082],[31.625850299,49.522302238],[31.625798822,49.522733071],[31.625740554,49.523220141],[31.625682923,49.523702545],[31.625611442,49.524300473],[31.625543624,49.524867773],[31.625481944,49.525383727],[31.625463255,49.525539978],[31.62542654,49.525847831],[31.625375044,49.526279598],[31.625315176,49.526781478],[31.625232276,49.527476676],[31.625173878,49.527938751],[31.625116192,49.528376998],[31.625060729,49.528799085],[31.625005602,49.529217576],[31.624950298,49.529637766],[31.624894995,49.530058622],[31.624839541,49.530480116],[31.624833618,49.530525141]]]]},"id":"129"},{"type":"Feature","properties":{"id":"130"},"geometry":{"type":"MultiPolygon","coordinates":[[[[31.610435944,49.504347394],[31.610862991,49.50436647],[31.610995496,49.5039341],[31.611946654,49.503978007],[31.611832197800325,49.50473129983794],[31.611829738,49.504747489],[31.611853161287804,49.504748996509484],[31.614150004,49.50489682],[31.614218851,49.504900007],[31.614291542,49.504454268],[31.614345488,49.504123482],[31.614524458,49.502848036],[31.614613873,49.502306299],[31.614683653,49.501746221],[31.614615068,49.501741074],[31.614545479,49.502300253],[31.614455573,49.502845164],[31.614276859,49.504118685],[31.614236635,49.504365552],[31.614222832,49.504450056],[31.614157301,49.504852099],[31.613081627,49.504782896],[31.611905182,49.504707171],[31.612022342,49.50393643],[31.611988568,49.503934871],[31.610939721,49.503886464],[31.610807175,49.504318915],[31.610441601,49.504302594],[31.610435944,49.504347394]]]]},"id":"130"},{"type":"Feature","properties":{"id":"131"},"geometry":{"type":"MultiPolygon","coordinates":[[[[31.61089,49.521462],[31.610885,49.521507],[31.613129,49.521449],[31.613738,49.521434],[31.615316,49.521422],[31.617426,49.521407],[31.618452,49.5214],[31.618689,49.521368],[31.619669,49.521346],[31.619748,49.521344],[31.61998,49.521338],[31.62117,49.521372],[31.622202,49.521376],[31.623167,49.52138],[31.624169,49.52138],[31.624236,49.521381],[31.62541,49.521382],[31.62541,49.521337],[31.624241,49.521336],[31.624172,49.521336],[31.623165,49.521335],[31.622203,49.521331],[31.621164,49.521327],[31.61998,49.521293],[31.619911,49.521291],[31.619745,49.521299],[31.619676,49.521301],[31.618692,49.521323],[31.618452,49.521355],[31.617425,49.521362],[31.615387,49.521377],[31.615318,49.521377],[31.613736,49.521389],[31.61313,49.521404],[31.61089,49.521462]]]]},"id":"131"},{"type":"Feature","properties":{"id":"132"},"geometry":{"type":"MultiPolygon","coordinates":[[[[31.610815955,49.521505756],[31.610884973,49.521507146],[31.610890051,49.52146232],[31.610969985,49.520756391],[31.611049742,49.520052448],[31.611129265,49.519350223],[31.611208569,49.518649868],[31.61122322,49.51852048],[31.611295151,49.517950172],[31.611383537,49.517249529],[31.611472043,49.516547933],[31.611560627,49.515845267],[31.611635292,49.515253763],[31.611700757,49.514734926],[31.611724957,49.514542779],[31.61177104,49.514148686],[31.611837186,49.513584173],[31.611869864,49.513319603],[31.611990605,49.512341846],[31.612014282,49.512145707],[31.612117147,49.511294159],[31.612048143,49.511292247],[31.611891191,49.512576199],[31.611768503,49.513579618],[31.611569378,49.515198396],[31.611403096,49.516550193],[31.611322957,49.517214629],[31.611186639,49.518344701],[31.610980686,49.520051858],[31.610815955,49.521505756]]]]},"id":"132"},{"type":"Feature","properties":{"id":"133"},"geometry":{"type":"MultiPolygon","coordinates":[[[[31.521033569,49.484599292],[31.521008511,49.484575524],[31.5206571,49.484242748],[31.520501506,49.4840954],[31.520345732,49.483947872],[31.52018996,49.483800263],[31.520034326,49.483652923],[31.519878928,49.483505727],[31.519723738,49.483358782],[31.519568784,49.483211981],[31.519413969,49.483065279],[31.519259155,49.482918666],[31.518793613,49.482477721],[31.518637988,49.482330379],[31.518481963,49.482182579],[31.518325788,49.482034635],[31.518169337,49.481886447],[31.518012887,49.481738251],[31.517856466,49.481590099],[31.517608232,49.481354952],[31.517848944,49.48127707],[31.51781759,49.481237054],[31.5177805,49.481249063],[31.517515766,49.481334655],[31.517826245,49.481629467],[31.518097191,49.481886737],[31.518335822,49.482113279],[31.518551718,49.482318309],[31.518750429,49.482506985],[31.518935585,49.48268278],[31.519109711,49.482848073],[31.519274548,49.483004575],[31.519431419,49.483153561],[31.519581458,49.483295984],[31.519864185,49.483564451],[31.519998184,49.483691672],[31.520127973,49.483814839],[31.520253801,49.483934419],[31.520376246,49.484050637],[31.520611654,49.484274091],[31.52096722,49.484611676],[31.521033569,49.484599292]]]]},"id":"133"},{"type":"Feature","properties":{"id":"134"},"geometry":{"type":"MultiPolygon","coordinates":[[[[31.60395,49.442188],[31.604016,49.442175],[31.603815,49.441755],[31.60363,49.441369],[31.602755,49.439807],[31.602165,49.438754],[31.601808,49.43803],[31.60126,49.436918],[31.600812,49.436011],[31.600492,49.435713],[31.59992,49.435282],[31.599866,49.43531],[31.600434,49.435737],[31.600744,49.43602],[31.600905,49.436347],[31.60105,49.43664],[31.601193,49.436929],[31.60147,49.437492],[31.601607,49.437769],[31.601742,49.438043],[31.601878,49.438318],[31.602014,49.438593],[31.602101,49.43877],[31.602233,49.439006],[31.602462,49.439413],[31.602687,49.439815],[31.60291,49.440213],[31.603131,49.440606],[31.603555,49.441364],[31.603564,49.441382],[31.603751,49.441772],[31.60395,49.442188]]]]},"id":"134"},{"type":"Feature","properties":{"id":"135"},"geometry":{"type":"MultiPolygon","coordinates":[[[[31.607449414,49.449365576],[31.607382995,49.449377614],[31.607256866,49.449587705],[31.606598992,49.45068356],[31.606236053,49.45128809],[31.605475392,49.452555046],[31.605449652,49.452598102],[31.604929819,49.453463842],[31.604914152,49.453489966],[31.604731252,49.453793813],[31.604574231,49.454054891],[31.60441953,49.454312001],[31.604250412,49.454594219],[31.604086406,49.454867899],[31.603934561,49.455121257],[31.603918906,49.455147391],[31.603599568,49.455679107],[31.603403794,49.455974987],[31.603465256,49.45599537],[31.603666115,49.455690952],[31.604241479,49.454732954],[31.604486734,49.454322074],[31.604789644,49.453817731],[31.604985981,49.453489901],[31.605540439,49.452569958],[31.606300301,49.451304404],[31.606666629,49.450692264],[31.607322664,49.449601086],[31.607426586,49.449407992],[31.607449414,49.449365576]]]]},"id":"135"},{"type":"Feature","properties":{"id":"136"},"geometry":{"type":"MultiPolygon","coordinates":[[[[31.607587,49.449115],[31.607435,49.448792],[31.607279,49.448456],[31.607112,49.448093],[31.606944,49.447725],[31.606876,49.447734],[31.607046,49.448104],[31.607363,49.448808],[31.607522,49.44913],[31.607671,49.449449],[31.607975,49.450094],[31.608274,49.450741],[31.608437,49.451097],[31.608818,49.451959],[31.609197,49.452836],[31.609758,49.454137],[31.610102,49.454999],[31.610435,49.455834],[31.610786,49.456661],[31.611034,49.457277],[31.611444,49.458291],[31.611601,49.458683],[31.611906,49.459442],[31.612005,49.459643],[31.612154,49.459793],[31.612458,49.460011],[31.61248761653746,49.45998689351602],[31.6122150421142,49.459784415847565],[31.612222859861234,49.4597750151737],[31.612209,49.459765],[31.612069,49.459628],[31.611973,49.459431],[31.611666,49.458669],[31.611506,49.458271],[31.611345,49.457871],[31.6111,49.457264],[31.611018,49.45706],[31.610853,49.45665],[31.610844,49.456628],[31.610678,49.456238],[31.610503,49.455824],[31.610331,49.455407],[31.610167,49.454984],[31.610001,49.454556],[31.609926,49.454361],[31.609824,49.454125],[31.609638,49.453694],[31.609451,49.453261],[31.609263,49.452825],[31.609075,49.452387],[31.608885,49.451946],[31.608694,49.451503],[31.608687,49.451489],[31.608504,49.451087],[31.608339,49.450727],[31.608191,49.450403],[31.60816,49.450335],[31.608041,49.450081],[31.607889,49.449759],[31.607738,49.449437],[31.607587,49.449115]]]]},"id":"136"},{"type":"Feature","properties":{"id":"137"},"geometry":{"type":"MultiPolygon","coordinates":[[[[31.643709,49.45918],[31.644555,49.458474],[31.644745,49.458316],[31.644905,49.458182],[31.644924,49.458167],[31.644959,49.458138],[31.644994,49.458108],[31.645501,49.457816],[31.645973,49.457555],[31.646336,49.457354],[31.646381,49.457328],[31.647383,49.45675],[31.647402,49.45674],[31.647836,49.45652],[31.64796,49.456458],[31.648174,49.456338],[31.648201,49.456324],[31.648456,49.456181],[31.64852,49.456145],[31.649511,49.45576],[31.649906,49.455607],[31.649962,49.45558],[31.65037,49.455379],[31.651,49.454599],[31.651123,49.454318],[31.651464,49.453545],[31.651399,49.453531],[31.651334,49.453678],[31.651236,49.453901],[31.651116925362256,49.454170169981424],[31.651117,49.45417],[31.650962,49.454523],[31.650934,49.454586],[31.650348,49.455319],[31.650329,49.455343],[31.649864,49.455572],[31.648457,49.456126],[31.647915,49.456423],[31.647362,49.456704],[31.646506,49.457186],[31.645405,49.457808],[31.644946,49.458076],[31.644144,49.458751],[31.64364,49.459175],[31.643709,49.45918]]]]},"id":"137"},{"type":"Feature","properties":{"id":"138"},"geometry":{"type":"MultiPolygon","coordinates":[[[[31.651923837,49.452607715],[31.652282692,49.451824219],[31.652312274,49.451752699],[31.652379268,49.451590516],[31.65245679,49.451403233],[31.652666203,49.450896891],[31.652840213,49.450476076],[31.652848621,49.450350133],[31.652877573,49.449916084],[31.652887143,49.449782596],[31.652927315,49.449222484],[31.652965701,49.448687055],[31.653008382,49.448091801],[31.653040026,49.447650601],[31.653049252,49.447535276],[31.653089222,49.447035855],[31.65312842,49.446545291],[31.653162843,49.446116019],[31.653117061119787,49.44611582843859],[31.653113365173276,49.44614226114698],[31.653091768569798,49.44614226114698],[31.653020588,49.447031558],[31.652976379,49.447538546],[31.652971084,49.447649649],[31.652944265,49.448023696],[31.652909728,49.448506089],[31.652875251,49.448985901],[31.652842426,49.449442874],[31.652808653,49.449914233],[31.652779666,49.450350367],[31.652772445,49.450467794],[31.652597233,49.450897126],[31.652387834,49.451403477],[31.652244668,49.451743851],[31.651857461,49.452595547],[31.651398558,49.453530972],[31.651464251,49.45354467],[31.651923837,49.452607715]]]]},"id":"138"},{"type":"Feature","properties":{"id":"139"},"geometry":{"type":"MultiPolygon","coordinates":[[[[31.541502158,49.450098572],[31.542081156,49.450023997],[31.543189249,49.449964716],[31.544894961,49.449769364],[31.545636972,49.449676555],[31.546547153,49.449560764],[31.547511034,49.449390205],[31.549336259,49.449066756],[31.549558514,49.4490271],[31.550662948,49.448726],[31.552094401,49.448477559],[31.55260423,49.448388414],[31.55414632,49.447888878],[31.554340076,49.447825902],[31.555953289,49.447399767],[31.55592103,49.447360032],[31.554317027,49.447783537],[31.554111098,49.447850277],[31.552571821,49.448348741],[31.552066059,49.448436571],[31.550634594,49.44868503],[31.549527265,49.44898703],[31.54930741,49.449025921],[31.547489397,49.449347523],[31.546547221,49.449515807],[31.545617749,49.449633377],[31.545550015,49.4496419],[31.544897596,49.449724442],[31.543193319,49.449919839],[31.542080442,49.449979041],[31.541500851,49.450053625],[31.541502158,49.450098572]]]]},"id":"139"},{"type":"Feature","properties":{"id":"140"},"geometry":{"type":"MultiPolygon","coordinates":[[[[31.555953,49.4474],[31.556524,49.44721],[31.557203,49.446887],[31.559249,49.446172],[31.560975,49.445568],[31.562542,49.44502],[31.562639,49.444993],[31.563771,49.444668],[31.564232,49.444448],[31.564388,49.444374],[31.565296,49.444025],[31.565425,49.443984],[31.566303,49.443799],[31.566605,49.443734],[31.566861,49.443373],[31.567391,49.442827],[31.567732,49.442593],[31.567979,49.442477],[31.567956,49.442435],[31.567697,49.442554],[31.567353,49.44279],[31.566808,49.443344],[31.566737,49.443449],[31.566571,49.443695],[31.566289,49.443755],[31.565697,49.443879],[31.565402,49.443942],[31.564353,49.444335],[31.564199,49.444409],[31.56374,49.444628],[31.562608,49.444953],[31.562514,49.444979],[31.560944,49.445528],[31.559219,49.446132],[31.55716,49.446852],[31.55648,49.447175],[31.555921,49.44736],[31.555953,49.4474]]]]},"id":"140"},{"type":"Feature","properties":{"id":"141"},"geometry":{"type":"MultiPolygon","coordinates":[[[[31.62541,49.521382],[31.626452,49.52137],[31.628552,49.521346],[31.628733,49.521342],[31.630265,49.521329],[31.63226,49.521299],[31.634322,49.521276],[31.636227,49.521256],[31.637499,49.521245],[31.639124,49.521232],[31.639123,49.521174],[31.637575,49.521192],[31.636295,49.521206],[31.636226,49.521207],[31.634089,49.521231],[31.632663,49.521247],[31.632256,49.521253],[31.630272,49.521281],[31.628805,49.521298],[31.628736,49.521297],[31.628555,49.521301],[31.628485,49.521302],[31.626454,49.521325],[31.62541,49.521337],[31.62541,49.521382]]]]},"id":"141"},{"type":"Feature","properties":{"id":"142"},"geometry":{"type":"MultiPolygon","coordinates":[[[[31.60072985,49.513928661],[31.600735101,49.513883557],[31.600445728,49.513868037],[31.597125067,49.513667286],[31.592986052,49.513425442],[31.589567049,49.513217036],[31.587519321,49.513079405],[31.587450682,49.513074539],[31.587442989,49.513120535],[31.587284535,49.514631768],[31.587083778,49.516544679],[31.586909778,49.518196302],[31.586881569,49.518465358],[31.586948663,49.51846734],[31.586976722,49.518199552],[31.587151408,49.516546327],[31.587199377,49.516090941],[31.587352676,49.514635448],[31.587357402,49.514590588],[31.587511749,49.513123657],[31.588571321,49.513195187],[31.589559688,49.513261907],[31.589633974,49.513266427],[31.590692627,49.513330871],[31.591588195,49.513385374],[31.592470686,49.51343908],[31.592979673,49.513470043],[31.593317491,49.513489598],[31.594188947,49.513540107],[31.595217816,49.513599697],[31.596265499,49.513660396],[31.596787759,49.513690621],[31.596818806,49.513692411],[31.597309168,49.513722356],[31.598350661,49.513785944],[31.599390444,49.513849426],[31.600438557,49.513913395],[31.60072985,49.513928661]]]]},"id":"142"},{"type":"Feature","properties":{"id":"143"},"geometry":{"type":"MultiPolygon","coordinates":[[[[31.609653528,49.530708999],[31.609722581,49.530708035],[31.609728102,49.530663029],[31.609782509,49.530215316],[31.609836603,49.529770031],[31.609961775,49.528742212],[31.610027445,49.528206473],[31.610092952,49.527672174],[31.610156914,49.527151892],[31.610176583,49.526991723],[31.610290693,49.526063509],[31.61036066,49.525494247],[31.610374292,49.525383346],[31.610589258,49.523752536],[31.610769921,49.522381748],[31.610868872,49.521624811],[31.610874724,49.521580011],[31.610807424,49.521581029],[31.610799889,49.521626594],[31.610701346,49.522387055],[31.61052144,49.523751944],[31.61048825,49.524003711],[31.610291628,49.525495221],[31.610221647,49.526064474],[31.610087879,49.527152866],[31.610049123,49.527468601],[31.610024027,49.52767312],[31.609958451,49.528207447],[31.609922026,49.528504217],[31.609892697,49.528743186],[31.609798411,49.529517694],[31.609767579,49.529771031],[31.609713471,49.530216289],[31.609653528,49.530708999]]]]},"id":"143"},{"type":"Feature","properties":{"id":"144"},"geometry":{"type":"MultiPolygon","coordinates":[[[[31.646508577,49.442189398],[31.64654391,49.442228205],[31.64836158,49.441385446],[31.648880067,49.441145055],[31.649796795,49.440720032],[31.650189763,49.440537836],[31.651787425,49.439797018],[31.653194033,49.439144753],[31.653295484,49.43904254],[31.652872662,49.439238696],[31.65233224,49.43948924],[31.65179827,49.439736843],[31.651256144,49.439988239],[31.6507071,49.440242797],[31.650158175,49.440497362],[31.649609119,49.440751915],[31.649060127,49.441006429],[31.648504286,49.441264142],[31.648167554,49.441420266],[31.647905478,49.441541768],[31.647433482,49.441760598],[31.646985249,49.441968372],[31.646508577,49.442189398]]]]},"id":"144"},{"type":"Feature","properties":{"id":"145"},"geometry":{"type":"MultiPolygon","coordinates":[[[[31.610869,49.521625],[31.612769,49.521576],[31.613746,49.521551],[31.616141,49.521533],[31.61621,49.521533],[31.618455,49.521517],[31.618641,49.521518],[31.619518,49.521522],[31.620244,49.521535],[31.620225,49.521492],[31.619524,49.521477],[31.618647,49.521473],[31.618456,49.521472],[31.617899,49.521476],[31.616216,49.521488],[31.616146,49.521488],[31.614685,49.521499],[31.613747,49.521506],[31.612775,49.521531],[31.611945,49.521552],[31.610875,49.52158],[31.610869,49.521625]]]]},"id":"145"},{"type":"Feature","properties":{"id":"146"},"geometry":{"type":"MultiPolygon","coordinates":[[[[31.54555,49.449642],[31.545618,49.449633],[31.545544,49.449456],[31.545518,49.449395],[31.5455,49.449352],[31.545267,49.448792],[31.545008,49.448172],[31.544883,49.447874],[31.544397,49.446879],[31.544384,49.446853],[31.543899,49.44586],[31.543834,49.445875],[31.544257,49.44674],[31.544269,49.446766],[31.544817,49.447885],[31.544836,49.44793],[31.545451,49.449404],[31.545476,49.449465],[31.54555,49.449642]]]]},"id":"146"},{"type":"Feature","properties":{"id":"147"},"geometry":{"type":"MultiPolygon","coordinates":[[[[31.605475,49.452555],[31.604243,49.451995],[31.604239,49.451993],[31.604151,49.451962],[31.602216,49.45127],[31.602149,49.451217],[31.60163,49.450806],[31.601204,49.450469],[31.600807,49.450156],[31.600403,49.449836],[31.600002,49.449518],[31.599997,49.449514],[31.599636,49.449222],[31.598499,49.448302],[31.598272,49.448118],[31.597801,49.447738],[31.597218,49.447266],[31.596731,49.446872],[31.596303,49.446526],[31.596247,49.446481],[31.596194,49.44651],[31.59647,49.446733],[31.596652,49.44688],[31.596801,49.447],[31.596957,49.447127],[31.597050977998784,49.447203036744476],[31.597286915352974,49.44739393151286],[31.597287,49.447394],[31.597457,49.447531],[31.597634,49.447675],[31.598019,49.447985],[31.598218,49.448147],[31.598233,49.448158],[31.598469,49.44835],[31.598742,49.44857],[31.599071,49.448836],[31.59955,49.449225],[31.599949,49.449547],[31.600842,49.450254],[31.600869,49.450275],[31.60109,49.45045],[31.601325,49.450636],[31.601576,49.450835],[31.601849,49.451051],[31.602151,49.451289],[31.602163,49.451299],[31.602556,49.45144],[31.602939,49.451577],[31.6033,49.451707],[31.603966,49.451946],[31.604204,49.452032],[31.604261,49.452058],[31.604534,49.452182],[31.604804,49.452305],[31.605072,49.452426],[31.605338,49.452547],[31.60545,49.452598],[31.605475,49.452555]]]]},"id":"147"},{"type":"Feature","properties":{"id":"148"},"geometry":{"type":"MultiPolygon","coordinates":[[[[31.600301,49.518347],[31.600309,49.518284],[31.600367,49.517793],[31.600376,49.517714],[31.600444,49.517206],[31.600522,49.516617],[31.600601,49.516029],[31.600679,49.515441],[31.600778,49.5147],[31.600828,49.514267],[31.600894,49.513683],[31.60099,49.512839],[31.601106,49.511947],[31.601179,49.511385],[31.601185,49.511341],[31.601206,49.511224],[31.601207,49.511179],[31.601138,49.511178],[31.601137,49.51122],[31.60111,49.511386],[31.60096,49.512555],[31.600825,49.513686],[31.600816,49.513768],[31.600811,49.513811],[31.600709,49.514698],[31.600611,49.51544],[31.600375,49.517207],[31.600232,49.518346],[31.600301,49.518347]]]]},"id":"148"},{"type":"Feature","properties":{"id":"149"},"geometry":{"type":"MultiPolygon","coordinates":[[[[31.572754,49.435868],[31.572606,49.435713],[31.572458,49.435557],[31.572311,49.435401],[31.572163,49.435246],[31.572015,49.43509],[31.571867,49.434934],[31.571719,49.434778],[31.571571,49.434623],[31.571423,49.434467],[31.571128,49.434156],[31.571003,49.434025],[31.570905,49.433922],[31.570808,49.433819],[31.57068094774781,49.43368554943295],[31.570647360611446,49.433701931101204],[31.5707,49.433757],[31.570804,49.433866],[31.571057,49.434133],[31.571214,49.434298],[31.571371,49.434463],[31.571527,49.434628],[31.57184,49.434958],[31.572154,49.435287],[31.57231,49.435452],[31.572467,49.435617],[31.572624,49.435782],[31.57278,49.435947],[31.5729,49.436073],[31.57293,49.436053],[31.572754,49.435868]]]]},"id":"149"},{"type":"Feature","properties":{"id":"150"},"geometry":{"type":"MultiPolygon","coordinates":[[[[31.589185,49.498403],[31.58918,49.498448],[31.591643,49.498628],[31.591745,49.498634],[31.594232,49.498775],[31.594301,49.498779],[31.596581,49.498908],[31.596716,49.498916],[31.599271,49.499067],[31.59934,49.499071],[31.600094,49.499116],[31.600136,49.499165],[31.601672,49.499237],[31.602145,49.499263],[31.602501,49.4993],[31.602505,49.499259],[31.60215,49.499218],[31.60168,49.499192],[31.600166,49.499125],[31.60015,49.499097],[31.6001,49.499071],[31.599277,49.499023],[31.596592,49.498864],[31.594236,49.49873],[31.591649,49.498583],[31.589185,49.498403]]]]},"id":"150"},{"type":"Feature","properties":{"id":"151"},"geometry":{"type":"MultiPolygon","coordinates":[[[[31.654053258,49.438097869],[31.653756468,49.438470639],[31.653375825,49.438948897],[31.653324802,49.439012902],[31.653295484,49.43904254],[31.653194033,49.439144753],[31.651499917,49.440852139],[31.651454741,49.44083265],[31.651468741,49.44089255],[31.651520075,49.440914593],[31.653384533,49.439035553],[31.653689880022075,49.43865195949997],[31.654100418090763,49.43813374775949],[31.654133348904654,49.43805879903503],[31.654168963497302,49.43792154162565],[31.65411319519244,49.43786714478513],[31.654053258,49.438097869]]]]},"id":"151"},{"type":"Feature","properties":{"id":"152"},"geometry":{"type":"MultiPolygon","coordinates":[[[[31.631581009,49.499614567],[31.631570474,49.499928642],[31.631478152,49.500535322],[31.631303362,49.501682754],[31.631206185,49.502360694],[31.630947673,49.504165838],[31.630792024,49.50525191],[31.630684398,49.505957014],[31.63042511,49.507655431],[31.63040417,49.50779302],[31.630180161,49.509602653],[31.630164995,49.509725985],[31.630234159,49.50972615],[31.630248988,49.509606226],[31.630472859,49.507797043],[31.63086071,49.505256202],[31.631372043,49.501687046],[31.631639466,49.499931324],[31.631649152,49.499640699],[31.631581009,49.499614567]]]]},"id":"152"},{"type":"Feature","properties":{"id":"153"},"geometry":{"type":"MultiPolygon","coordinates":[[[[31.538116591,49.526217699],[31.538358174,49.525865004],[31.538521021,49.525632762],[31.538937079,49.525039098],[31.539369475,49.524422023],[31.539830846,49.52376346],[31.540325024,49.523058328],[31.540378454,49.522982163],[31.540884759,49.522263096],[31.541219027,49.521788334],[31.541476068,49.522000057],[31.541948575,49.522106029],[31.542297167,49.522049663],[31.542565489,49.521867655],[31.542695983,49.521697027],[31.542631994,49.521679877],[31.542508412,49.521841467],[31.542261223,49.522009179],[31.541951698,49.52205921],[31.541517704,49.521961829],[31.541284173,49.521769546],[31.541248894,49.521631508],[31.54033531,49.522935406],[31.539774706,49.523735427],[31.538868686,49.525028332],[31.538204611,49.525975934],[31.537367608,49.527170215],[31.537354324,49.527192491],[31.537418359,49.527209481],[31.537431368,49.527187647],[31.537737543,49.526754209],[31.538116591,49.526217699]]]]},"id":"153"},{"type":"Feature","properties":{"id":"154"},"geometry":{"type":"MultiPolygon","coordinates":[[[[31.578836231,49.53885535],[31.578884103,49.538579244],[31.578910769,49.538424902],[31.578939133,49.538261298],[31.578995724250547,49.53793526511151],[31.57899856567377,49.537909450239404],[31.579000148351046,49.5379097770325],[31.57900699,49.537870361],[31.579063853,49.537542001],[31.579121359,49.537209684],[31.579180233,49.536870192],[31.579260773495015,49.536405817957736],[31.579256057739205,49.53640554389617],[31.579282930265318,49.53627765473021],[31.579371479,49.535764616],[31.579473777,49.535172361],[31.579586022,49.534521657],[31.579688314,49.533929221],[31.579790618,49.533336966],[31.579892768,49.532744711],[31.580026363,49.531978184],[31.580148877,49.531280439],[31.580079228,49.531281144],[31.579895976,49.532338326],[31.579786131,49.532972242],[31.579695184,49.533496975],[31.579604388,49.534021699],[31.579596737776217,49.534065836226375],[31.579599380493107,49.53406604204037],[31.579513549804634,49.53456737329408],[31.579509851517177,49.53456711727766],[31.579422498,49.535071075],[31.579331078,49.535598316],[31.579239192,49.536129064],[31.579149178,49.536648221],[31.579027378,49.537351359],[31.578916114,49.537993269],[31.578773703,49.538814843],[31.578836231,49.53885535]]]]},"id":"154"},{"type":"Feature","properties":{"id":"155"},"geometry":{"type":"MultiPolygon","coordinates":[[[[31.606794052,49.511455395],[31.606721876,49.511983533],[31.606648432,49.512520384],[31.606575626,49.513052649],[31.606502507,49.513587252],[31.606429371,49.514121756],[31.60635611,49.514656359],[31.606282971,49.515190872],[31.606209845,49.515725474],[31.606136703,49.516259978],[31.606063574,49.51679458],[31.605990429,49.517329092],[31.605917296,49.517863695],[31.605844148,49.518398198],[31.605913313,49.518399726],[31.606000327,49.517763268],[31.606087164,49.517128608],[31.606174011,49.516493957],[31.606347673,49.515224727],[31.606434514,49.514590157],[31.606521339,49.513955496],[31.606608162,49.513320845],[31.606694982,49.512686274],[31.606781814,49.512051613],[31.606863044,49.511457912],[31.606794052,49.511455395]]]]},"id":"155"},{"type":"Feature","properties":{"id":"156"},"geometry":{"type":"MultiPolygon","coordinates":[[[[31.644639231,49.43492936],[31.646002776,49.43494601],[31.646118701,49.434947492],[31.646245448111245,49.43494901298885],[31.646334281,49.434950079],[31.646384520900916,49.43494824437282],[31.646504392,49.434943867],[31.646983780275814,49.43492616331377],[31.647557581,49.434904973],[31.649900031176784,49.4348186854958],[31.650118524,49.434810637],[31.650269583,49.434805002],[31.650236017,49.43476124],[31.65014833319287,49.43476447193117],[31.65014651182334,49.43476453906489],[31.65014415391825,49.43476462597475],[31.649970574216564,49.43477102393654],[31.646332865,49.434905106],[31.64502211287482,49.43488907836387],[31.645002777819048,49.43488884193836],[31.644380186,49.434881229],[31.644639231,49.43492936]]]]},"id":"156"},{"type":"Feature","properties":{"id":"157"},"geometry":{"type":"MultiPolygon","coordinates":[[[[31.614042059,49.466626827],[31.614078653,49.466647795],[31.615109037,49.466443475],[31.615470676,49.466371797],[31.615729722,49.46632045],[31.616163214,49.466234482],[31.616376023,49.466192316],[31.61658868,49.466150158],[31.616801488,49.46610799],[31.617014144,49.466065733],[31.617228744,49.466023221],[31.617453727,49.46597863],[31.617692278,49.465931274],[31.617945238,49.465881133],[31.61820483,49.465829709],[31.618469964,49.465777055],[31.618741041,49.465723289],[31.619018501,49.465668301],[31.619296085,49.465613232],[31.61957036,49.465558849],[31.619841586,49.46550508],[31.620109612,49.465451907],[31.620374743,49.465399348],[31.620885064,49.465298114],[31.621360221,49.465203902],[31.62149575,49.465177056],[31.62163365,49.465149685],[31.621774583,49.465121719],[31.621918853,49.465093136],[31.622144655,49.465048365],[31.622223310230137,49.46503277718433],[31.622223291,49.465032781],[31.622386106,49.465000475],[31.622557359,49.464966531],[31.622944043,49.464889795],[31.623490493,49.464781364],[31.624089253,49.464662624],[31.624090037,49.46463431],[31.624090954,49.464598622],[31.624091267,49.464000244],[31.624135932,49.463134165],[31.624094102,49.463143552],[31.62407688,49.463475213],[31.6240581,49.463840207],[31.624049881,49.463999748],[31.62404977,49.464207627],[31.624049568,49.464598397],[31.624048368,49.464642536],[31.623563956,49.464738667],[31.623404879,49.464770198],[31.623246629,49.464801548],[31.623087138,49.464833241],[31.622925579,49.464865286],[31.622759855,49.464898109],[31.622585417,49.464932748],[31.62240323,49.464968861],[31.622213693,49.465006447],[31.622015579,49.465045768],[31.621809426,49.465086643],[31.621601618,49.465127861],[31.621392982,49.46516917],[31.621183643,49.46521074],[31.62097349,49.465252391],[31.620762634,49.465294223],[31.620550797,49.465336217],[31.620338286,49.465378391],[31.620124794,49.465420736],[31.619910613,49.465463253],[31.619695466,49.46550586],[31.619479492,49.46554872],[31.619262676,49.465591669],[31.619045032,49.46563488],[31.618826423,49.465678263],[31.618716773,49.46569999],[31.618606972,49.465721726],[31.618386569,49.465765452],[31.618165187,49.465809357],[31.617942826,49.465853425],[31.617719651,49.465897673],[31.617496047,49.465942002],[31.617272306,49.465986421],[31.61704844,49.466030749],[31.616829537,49.466074218],[31.616422495,49.46615491],[31.616233362,49.466192396],[31.616054213,49.466227893],[31.61588364,49.466261745],[31.615720541,49.466294043],[31.615564088,49.46632512],[31.615413316,49.466354986],[31.615267935,49.466383822],[31.615127408,49.4664117],[31.614990604,49.466438791],[31.614851042,49.466466497],[31.614704006,49.466495585],[31.614550048,49.466526146],[31.614388063,49.46655827],[31.614042059,49.466626827]]]]},"id":"157"},{"type":"Feature","properties":{"id":"158"},"geometry":{"type":"MultiPolygon","coordinates":[[[[31.613462812,49.464924718],[31.612936497,49.464053726],[31.612979377,49.464031943],[31.613018625,49.463966332],[31.613327643,49.46392824],[31.613603052,49.463894388],[31.613871274,49.463861369],[31.614388784,49.463797714],[31.61463876,49.463766906],[31.614884861,49.463736685],[31.615127914,49.463706719],[31.615367932,49.463677169],[31.615605178,49.463647963],[31.615841045,49.463619018],[31.616080235,49.463589548],[31.616323024,49.46355967],[31.616569812,49.463529274],[31.616820751,49.46349837],[31.617076103,49.463466958],[31.617336722,49.463434865],[31.617603423,49.46340211],[31.617876757,49.463368402],[31.618157276,49.46333395],[31.618445406,49.463298464],[31.618741825,49.463261971],[31.619047372,49.46322429],[31.619363014,49.46318551],[31.619689701,49.463145288],[31.620028717,49.463103541],[31.620381675,49.463060098],[31.621136821,49.462967106],[31.621544263,49.462916976],[31.621976839486653,49.462863699280135],[31.621976858,49.462863697],[31.622319115453845,49.46282152317976],[31.622440164,49.462806618],[31.62244015,49.462806609],[31.622942013,49.462744865],[31.623492403,49.462677016],[31.624185177,49.462591722],[31.624187742,49.462563954],[31.624064428,49.46257921],[31.623741885,49.462618846],[31.62341657,49.462658908],[31.623087668,49.462699394],[31.62275849,49.462739971],[31.622429436,49.462780546],[31.622100257,49.46282103],[31.621771077,49.462861594],[31.621441897,49.462902076],[31.621112703,49.462942648],[31.620783659,49.462983128],[31.620454478,49.463023698],[31.620125295,49.463064167],[31.619796099,49.463104735],[31.619466915,49.463145212],[31.619137869,49.463185777],[31.618808685,49.463226243],[31.6184795,49.463266807],[31.6181503,49.46330728],[31.617821252,49.463347842],[31.617162878,49.463428864],[31.616833691,49.463469333],[31.616504489,49.463509892],[31.616175438,49.463550359],[31.615517058,49.463631372],[31.615187854,49.463671926],[31.614858663,49.46371239],[31.61452961,49.463752942],[31.614200417,49.463793395],[31.613871225,49.463833946],[31.613542032,49.463874406],[31.613212962,49.463914955],[31.613014839,49.463939325],[31.612983712,49.463768611],[31.612808796,49.463668277],[31.612512438,49.463112131],[31.612419976,49.462938698],[31.612397426,49.462590101],[31.612360955,49.462294719],[31.61299403,49.46221677],[31.613344091,49.462173773],[31.613694152,49.462130686],[31.614044075,49.462087598],[31.614394134,49.462044518],[31.614744193,49.462001427],[31.61544431,49.461915252],[31.615794229,49.461872158],[31.616494342,49.461786058],[31.616844397,49.46174297],[31.617194452,49.461699872],[31.617544368,49.461656773],[31.617894421,49.461613673],[31.618244488,49.461570581],[31.61859454,49.461527479],[31.618944592,49.461484466],[31.619294505,49.461441362],[31.619644556,49.461398266],[31.619994606,49.461355159],[31.620344655,49.461312052],[31.620694703,49.461268943],[31.621044613,49.461225843],[31.621394661,49.461182822],[31.621744708,49.461139711],[31.622094754,49.461096598],[31.622444799,49.461053493],[31.622794706,49.461010379],[31.623144764,49.460967263],[31.623494808,49.460924155],[31.6238443,49.460881118],[31.624193653,49.46083809],[31.6250588,49.460731521],[31.625088047,49.460700542],[31.62437179,49.460788726],[31.62357963,49.46088631],[31.62287262,49.460973387],[31.622231841,49.461052234],[31.621641518,49.461124902],[31.621091419,49.461192661],[31.620574221,49.461256346],[31.620084271,49.461316638],[31.619617391,49.461374134],[31.619170699,49.46142918],[31.618741713,49.461481932],[31.618328612,49.461532822],[31.617931148,49.461581762],[31.617548329,49.461628843],[31.617178776,49.461674308],[31.616821123,49.46171833],[31.616474239,49.461761091],[31.61613745,49.461802483],[31.615810079,49.461842786],[31.615491119,49.461882064],[31.615180047,49.461920334],[31.614876449,49.461957661],[31.614579608,49.461994235],[31.614295496,49.462029195],[31.614032124,49.462061616],[31.613791974,49.462091154],[31.612356342,49.462267804],[31.612290331,49.462072721],[31.612224587,49.461878897],[31.612195117,49.461791907],[31.612117436,49.461693034],[31.611981914,49.461520613],[31.611903169,49.461420472],[31.611829495,49.461360032],[31.61165264,49.461215074],[31.611434328,49.461036268],[31.611356081,49.460984688],[31.611330044,49.461005887],[31.611403387,49.46105419],[31.611868275,49.461435135],[31.612155906,49.461801134],[31.612317395,49.462277759],[31.612356156,49.46259176],[31.612378907,49.462943773],[31.612773337,49.463683831],[31.612944427,49.463782065],[31.612977201,49.463961247],[31.612944906,49.464015217],[31.612886704,49.464044891],[31.613413032,49.464915884],[31.613462812,49.464924718]]]]},"id":"158"},{"type":"Feature","properties":{"id":"159"},"geometry":{"type":"MultiPolygon","coordinates":[[[[31.61038,49.447217],[31.611425,49.44655],[31.611931,49.446227],[31.61194,49.44622],[31.612638,49.445628],[31.612988,49.445332],[31.613443,49.444946],[31.613827,49.444621],[31.61388,49.444576],[31.613986,49.444336],[31.614086,49.44411],[31.614171,49.443919],[31.614246,49.443749],[31.614315,49.443593],[31.614379,49.443449],[31.614379,49.443448],[31.614557,49.443362],[31.614737,49.443275],[31.614918,49.443188],[31.615098,49.443101],[31.615277,49.443014],[31.615456,49.442928],[31.615634,49.442842],[31.615812,49.442756],[31.615988,49.442671],[31.616164,49.442586],[31.616339,49.442501],[31.616517,49.442415],[31.616697,49.442328],[31.616881,49.442239],[31.616963,49.4422],[31.617036,49.442135],[31.617165,49.442021],[31.617289,49.44191],[31.617411,49.441803],[31.617531,49.441696],[31.617652,49.441588],[31.617775,49.441479],[31.617901,49.441368],[31.617996,49.441283],[31.618022,49.441249],[31.618087,49.441161],[31.618177,49.441042],[31.618278,49.440906],[31.618365,49.44079],[31.618456,49.440668],[31.618545,49.440549],[31.618639,49.440423],[31.618738,49.440291],[31.618745,49.440281],[31.61873,49.440151],[31.618715,49.440016],[31.618701,49.439899],[31.618687,49.439777],[31.618671,49.439637],[31.618654,49.439494],[31.618638,49.439361],[31.618627,49.439262],[31.618617,49.439241],[31.618556,49.439123],[31.618498,49.439007],[31.618428,49.438869],[31.618348,49.438712],[31.618268,49.438555],[31.618188,49.438397],[31.618106,49.438234],[31.618055,49.438133],[31.618004,49.438103],[31.617813,49.437987],[31.617632,49.437878],[31.617423,49.437752],[31.617206,49.43762],[31.616987,49.437488],[31.616615,49.437263],[31.616525,49.437263],[31.616198,49.437261],[31.615926,49.43726],[31.615724,49.437259],[31.615544,49.437258],[31.615376,49.437258],[31.615172,49.437257],[31.615015,49.437256],[31.614828,49.437255],[31.614587,49.437254],[31.61435,49.437253],[31.614277,49.437253],[31.614115,49.437303],[31.613895,49.437372],[31.613687,49.437436],[31.613492,49.437497],[31.613306,49.437555],[31.613126,49.437611],[31.61295,49.437665],[31.612779,49.437719],[31.612614,49.43777],[31.612297,49.437868],[31.611996,49.437962],[31.611708,49.438051],[31.611433,49.438137],[31.610914,49.438298],[31.610524,49.437277],[31.61048,49.437162],[31.610437,49.43705],[31.610395,49.43694],[31.610354,49.436832],[31.610314,49.436727],[31.610274,49.436623],[31.610235,49.436522],[31.610197,49.436422],[31.610152,49.436303],[31.610092,49.436148],[31.609949,49.435774],[31.60992,49.435771],[31.609938,49.435818],[31.610896,49.438324],[31.614283,49.437271],[31.616604,49.437281],[31.618031,49.438143],[31.6186,49.439265],[31.618717,49.440278],[31.617972,49.441274],[31.616943,49.442187],[31.614356,49.443437],[31.613855,49.444568],[31.61191,49.446216],[31.610332,49.447223],[31.610363,49.447219],[31.61038,49.447217]]]]},"id":"159"},{"type":"Feature","properties":{"id":"160"},"geometry":{"type":"MultiPolygon","coordinates":[[[[31.614832,49.458262],[31.614908,49.45827],[31.614669,49.45776],[31.614448,49.457288],[31.61417,49.456693],[31.613614,49.455504],[31.613335,49.454909],[31.613057,49.454315],[31.612779,49.45372],[31.612616,49.453373],[31.612455,49.453029],[31.612296,49.452688],[31.612138,49.45235],[31.611967,49.451985],[31.611688,49.451389],[31.611347,49.450659],[31.61099,49.449896],[31.610836,49.449566],[31.610696,49.449267],[31.610431,49.448701],[31.610079,49.447948],[31.609558,49.446835],[31.609216,49.446102],[31.608999,49.445638],[31.608781,49.445174],[31.608564,49.44471],[31.608544,49.444667],[31.607814,49.443106],[31.607231,49.441859],[31.607211,49.441816],[31.606561,49.440426],[31.606314,49.439897],[31.606063,49.43936],[31.605805,49.438808],[31.605785,49.438765],[31.605586,49.43834],[31.605387,49.437915],[31.605189,49.437491],[31.60499,49.437066],[31.604792,49.436641],[31.604593,49.436217],[31.604398,49.435799],[31.604211,49.435399],[31.604027,49.435005],[31.603844,49.434613],[31.603407,49.433678],[31.603347,49.433704],[31.603552,49.434142],[31.603726,49.434514],[31.603899,49.434886],[31.604073,49.435258],[31.604211,49.435552],[31.604349,49.435848],[31.604488,49.436145],[31.604627,49.436442],[31.604765,49.436738],[31.604904,49.437034],[31.605043,49.437332],[31.605183,49.437631],[31.605323,49.43793],[31.605463,49.43823],[31.605603,49.43853],[31.605743,49.438831],[31.605884,49.439131],[31.606024,49.439432],[31.606309,49.440041],[31.606454,49.44035],[31.606599,49.440661],[31.606746,49.440975],[31.606895,49.441293],[31.607061,49.441649],[31.60723,49.44201],[31.6074,49.442373],[31.607585,49.44277],[31.607831,49.443295],[31.608142,49.44396],[31.608346,49.444397],[31.608649,49.445046],[31.6088,49.445367],[31.60895,49.445688],[31.609101,49.446011],[31.609262,49.446356],[31.609461,49.446782],[31.609651,49.447187],[31.609822,49.447554],[31.609992,49.447916],[31.610149,49.448252],[31.6103,49.448575],[31.610451,49.448897],[31.610601,49.449219],[31.610752,49.449541],[31.610903,49.449864],[31.611054,49.450187],[31.611222,49.450546],[31.611417,49.450962],[31.611622,49.451402],[31.611827,49.45184],[31.612031,49.452275],[31.612233,49.452708],[31.612435,49.453138],[31.612635,49.453567],[31.612834,49.453993],[31.613032,49.454414],[31.613227,49.454831],[31.61342,49.455244],[31.613612,49.455655],[31.613803,49.456063],[31.613993,49.456469],[31.614087,49.45667],[31.614181,49.456871],[31.614367,49.45727],[31.614553,49.457665],[31.614736,49.458058],[31.614832,49.458262]]]]},"id":"160"},{"type":"Feature","properties":{"id":"161"},"geometry":{"type":"MultiPolygon","coordinates":[[[[31.603918906,49.455147391],[31.603934561,49.455121257],[31.603065385,49.454687421],[31.60292965,49.454619568],[31.602793653,49.454551705],[31.60252166,49.45441589],[31.602249531,49.454280074],[31.601977542,49.454144257],[31.60170554,49.45400844],[31.601433553,49.453872622],[31.60115733,49.453734793],[31.600870988,49.453591847],[31.600584647,49.4534489],[31.600298322,49.453305863],[31.600014443,49.453164108],[31.599733312,49.453023808],[31.599451769,49.452883237],[31.599169261,49.452742118],[31.598885941,49.45260072],[31.598603312,49.452459599],[31.59832259,49.452319384],[31.59804365,49.452180094],[31.597485223,49.451901313],[31.597204094,49.451760916],[31.596922165,49.45162015],[31.596640361,49.451479393],[31.59635896,49.451338904],[31.59607716,49.451198227],[31.595795086,49.451057377],[31.595511923,49.450915881],[31.595225627,49.450772921],[31.59493932,49.450629961],[31.594653704,49.450487277],[31.594368905,49.450345141],[31.593799311,49.450060678],[31.593513426,49.449917902],[31.593229875,49.449776221],[31.592948907,49.449635903],[31.592668218,49.449495765],[31.592387129,49.449355365],[31.59210549,49.449214767],[31.5918233,49.449073819],[31.591541664,49.44893313],[31.591261121,49.448792997],[31.590982221,49.44865368],[31.590703323,49.448514371],[31.590424289,49.448375053],[31.590145394,49.448235734],[31.589866487,49.448096414],[31.589587595,49.447957103],[31.589110715,49.447718931],[31.589109134,49.447752101],[31.589688226,49.448041337],[31.589972584,49.448183395],[31.590271024,49.448332482],[31.590585864,49.44848971],[31.590920375,49.448656794],[31.591278535,49.448835665],[31.591665946,49.449029148],[31.592069608,49.449230764],[31.592480797,49.449436122],[31.592899912,49.44964541],[31.593327231,49.449858889],[31.593763981,49.450076945],[31.59421414,49.450301758],[31.594681365,49.450535151],[31.595103246,49.450745796],[31.595357707,49.450872859],[31.595532212,49.450960003],[31.595696213,49.45104194],[31.595858847,49.45112306],[31.596021193,49.451204171],[31.596357384,49.451372066],[31.596546802,49.451466613],[31.597021987,49.45170392],[31.597314326,49.451849891],[31.597576447,49.451980791],[31.597888862,49.452136805],[31.598140342,49.452262399],[31.598445789,49.452414938],[31.598673761,49.452528754],[31.598978259,49.452680744],[31.599287963,49.452835382],[31.599591926,49.452987191],[31.599878661,49.453130319],[31.600128771,49.453255271],[31.600341039,49.45336114],[31.600494245,49.453437676],[31.600635565,49.453508279],[31.600911924,49.453646199],[31.601051201,49.453715806],[31.60119157,49.45378586],[31.601337945,49.45385893],[31.601495669,49.453937664],[31.601667476,49.454023425],[31.601857606,49.454118324],[31.602073554,49.454226191],[31.602330233,49.454354333],[31.602666205,49.45452203],[31.603129423,49.454753288],[31.603575691,49.454976054],[31.603918906,49.455147391]]]]},"id":"161"},{"type":"Feature","properties":{"id":"162"},"geometry":{"type":"MultiPolygon","coordinates":[[[[31.539021058,49.448010203],[31.539335706,49.448013541],[31.539976296,49.4480203],[31.540634953,49.448027301],[31.541314695,49.448034479],[31.541367376,49.448035009],[31.542004331,49.448015746],[31.542700226,49.447994633],[31.543392107,49.447973572],[31.544103997,49.44795204],[31.54483562,49.447929857],[31.544817031,49.447885375],[31.544466955,49.447895967],[31.544207948,49.447903897],[31.543943012,49.447911864],[31.543671856,49.44792014],[31.543393943,49.447928534],[31.542815349,49.447946128],[31.542513565,49.44795523],[31.542202403,49.447964694],[31.541880747,49.44797444],[31.541547769,49.447984531],[31.541366318,49.447990035],[31.541199064,49.447988287],[31.540428042,49.447980088],[31.539994822,49.447975499],[31.539516921,49.447970447],[31.539021933,49.447965246],[31.539021058,49.448010203]]]]},"id":"162"},{"type":"Feature","properties":{"id":"163"},"geometry":{"type":"MultiPolygon","coordinates":[[[[31.604914152,49.453489966],[31.604929791,49.453463824],[31.604600391,49.453299428],[31.604342345,49.453170563],[31.604082644,49.453040962],[31.603820362,49.452909988],[31.60355521,49.452777558],[31.603284316,49.452642382],[31.602679382,49.452340335],[31.602351364,49.45217657],[31.602003522,49.45200294],[31.601632723,49.451817802],[31.601273414,49.451638326],[31.600948,49.451475841],[31.600648018,49.451326135],[31.600367973,49.451186294],[31.600104206,49.451054583],[31.59984918,49.450927253],[31.599594168,49.450799931],[31.599340235,49.450673146],[31.59908945,49.450547914],[31.598837576,49.450422143],[31.598583799,49.450295447],[31.598329056,49.450168212],[31.598073901,49.450040787],[31.597818484,49.449913272],[31.597562655,49.449785488],[31.597306551,49.449657604],[31.596793394,49.449401386],[31.596278877,49.449144429],[31.596021413,49.449015905],[31.595765178,49.448887838],[31.595637545,49.448824168],[31.595509898,49.448760498],[31.595255586,49.448633435],[31.595001965,49.44850683],[31.594749559,49.448380682],[31.59449866,49.44825535],[31.594247776,49.448130116],[31.593996327,49.448004505],[31.593744079,49.447878534],[31.593491005,49.447752204],[31.593237241,49.447625406],[31.592982664,49.447498249],[31.592727274,49.447370723],[31.592471333,49.447242918],[31.592215393,49.447115032],[31.591959731,49.446987315],[31.591704747,49.446859976],[31.591450854,49.446733174],[31.591198881,49.446607386],[31.59069741,49.446356886],[31.590445303,49.446230917],[31.590422812,49.446253664],[31.590490183,49.446287374],[31.590558769,49.446321632],[31.590627369,49.446355889],[31.590695968,49.446390146],[31.590970203,49.446527174],[31.591518966,49.446801148],[31.591793219,49.446938175],[31.592067597,49.447075201],[31.592341991,49.447212235],[31.592616372,49.447349259],[31.59289226,49.447487109],[31.593169254,49.447625416],[31.593446235,49.447763812],[31.593724046,49.447902566],[31.594003087,49.448041877],[31.594283234,49.448181824],[31.594564183,49.448322129],[31.594843229,49.448461437],[31.595119143,49.448599281],[31.595394631,49.448736847],[31.595669043,49.448873873],[31.595943305,49.44901089],[31.596218121,49.449148094],[31.59649759,49.449287578],[31.596779105,49.449428246],[31.597060758,49.449568823],[31.597342276,49.449709499],[31.597623946,49.449850075],[31.597905467,49.44999065],[31.598187127,49.450131315],[31.598468651,49.450271898],[31.598750314,49.450412561],[31.599031855,49.450553133],[31.599308869,49.450691425],[31.599583842,49.450828801],[31.599860044,49.450966634],[31.600136262,49.451104556],[31.600416017,49.4512443],[31.600697691,49.451384877],[31.600979229,49.451525535],[31.601260921,49.451666102],[31.601542462,49.451806669],[31.601824143,49.451947333],[31.602105687,49.452087898],[31.602387372,49.452228553],[31.602668919,49.452369116],[31.602942419,49.452505578],[31.603210302,49.452639382],[31.60347791,49.452772907],[31.603745395,49.45290653],[31.60401302,49.453040063],[31.604280494,49.453173676],[31.604514213,49.453290307],[31.604914152,49.453489966]]]]},"id":"163"},{"type":"Feature","properties":{"id":"164"},"geometry":{"type":"MultiPolygon","coordinates":[[[[31.594326,49.444946],[31.59447,49.444885],[31.595423,49.443696],[31.595557,49.443542],[31.596258,49.442655],[31.596595,49.442226],[31.597551,49.441018],[31.598266,49.44012],[31.598845,49.441286],[31.599256,49.442112],[31.599489,49.442583],[31.599723,49.443053],[31.599953,49.443516],[31.600158,49.443928],[31.600352,49.44432],[31.600742,49.445103],[31.600919,49.445459],[31.601094,49.445812],[31.60127,49.446165],[31.601445,49.446518],[31.60162,49.446871],[31.601821,49.447274],[31.601987,49.447607],[31.60215,49.447937],[31.602317,49.448272],[31.602489,49.448619],[31.602655,49.448953],[31.602838,49.449322],[31.603021,49.449688],[31.603199,49.450048],[31.603391,49.450434],[31.603626,49.450905],[31.604151,49.451962],[31.604239,49.451993],[31.604112,49.451737],[31.603874,49.451259],[31.603155,49.449812],[31.602919,49.449337],[31.602683,49.448863],[31.602444,49.448382],[31.602202,49.447896],[31.60196,49.447409],[31.601737,49.446959],[31.601513,49.44651],[31.600825,49.445125],[31.600581,49.444633],[31.600327,49.444122],[31.600082,49.443629],[31.599858,49.443179],[31.599635,49.44273],[31.599412,49.442281],[31.598966,49.441384],[31.598743,49.440935],[31.59852,49.440486],[31.59831,49.440064],[31.598339,49.440028],[31.598428,49.439914],[31.598875,49.43929],[31.59886,49.439259],[31.598844,49.439228],[31.598812,49.439326],[31.598567,49.439607],[31.598362,49.439893],[31.598216,49.440095],[31.597617,49.44084],[31.597435,49.441066],[31.596819,49.441851],[31.595485,49.443522],[31.594637,49.444585],[31.594422,49.444773],[31.594398,49.444847],[31.594282,49.444911],[31.594326,49.444946]]]]},"id":"164"},{"type":"Feature","properties":{"id":"165"},"geometry":{"type":"MultiPolygon","coordinates":[[[[31.576929,49.436307],[31.576893,49.436268],[31.576609,49.436435],[31.576341,49.436592],[31.575824,49.436895],[31.575306,49.437199],[31.574784,49.437505],[31.574253,49.437816],[31.573707,49.438137],[31.573127,49.438477],[31.5725,49.438845],[31.571825,49.43924],[31.571094,49.439669],[31.570221,49.440181],[31.569273,49.440737],[31.568279,49.44132],[31.568304,49.441366],[31.568849,49.441046],[31.569986,49.440379],[31.570973,49.4398],[31.571723,49.439361],[31.572333,49.439003],[31.572906,49.438667],[31.573986,49.438033],[31.574576,49.437687],[31.575182,49.437332],[31.575792,49.436974],[31.576368,49.436636],[31.576929,49.436307]]]]},"id":"165"},{"type":"Feature","properties":{"id":"166"},"geometry":{"type":"MultiPolygon","coordinates":[[[[31.513280237,49.461200644],[31.513218728,49.46119976],[31.513082192,49.461197878],[31.513079152,49.461232558],[31.51299181,49.462258194],[31.512535231,49.462119058],[31.512253057,49.462033113],[31.511702149,49.461865293],[31.51143794,49.461784811],[31.511177166,49.461705344],[31.510982473,49.461646037],[31.510919677,49.461626613],[31.510664685,49.461547648],[31.508941291,49.461014149],[31.509036293,49.460872358],[31.50913273,49.460728517],[31.509230435,49.460582608],[31.509308791,49.46046585],[31.509330525,49.460434658],[31.509435208,49.460285125],[31.509542013,49.460132381],[31.509651094,49.45997641],[31.509762863,49.459816868],[31.509877209,49.459653307],[31.509994948,49.459485008],[31.510116657,49.45931116],[31.510241357,49.459132852],[31.510369325,49.458949977],[31.51062141,49.458589782],[31.510636054,49.458568507],[31.510914582,49.458162318],[31.511060662,49.457949301],[31.511211995,49.457728776],[31.511369021,49.457499753],[31.511635595,49.457111088],[31.511688703,49.457008501],[31.511825178,49.456744503],[31.511828763,49.456737616],[31.511943017,49.4564746],[31.512050322,49.456227886],[31.512059144,49.456207017],[31.512171381,49.455941555],[31.512282308,49.455679232],[31.512391923,49.455419957],[31.512500242,49.455163541],[31.51260754,49.454910092],[31.512713526,49.454659233],[31.512818368,49.454411062],[31.513023252,49.453926643],[31.513114776,49.453710105],[31.513145453,49.453672599],[31.513182501,49.453627413],[31.513464593,49.453480931],[31.513771217,49.453321786],[31.514083975,49.453159375],[31.514403556,49.45299351],[31.514730252,49.45282384],[31.515064322,49.452650365],[31.516116713,49.452103933],[31.516492307,49.451908958],[31.516689093,49.451806781],[31.516915078,49.451713581],[31.517984761,49.45127265],[31.518024018,49.451254194],[31.518404528,49.451074813],[31.518631908,49.450931986],[31.5191815,49.450586614],[31.519701825,49.450816534],[31.520467838,49.451155006],[31.520500751,49.451136946],[31.519176949,49.450552043],[31.518377916,49.451054083],[31.517961624,49.451250338],[31.516665116,49.451784728],[31.51315003,49.453609785],[31.513076072,49.453700057],[31.512010459,49.456220625],[31.511789203,49.456729626],[31.511597041,49.457101228],[31.51058371,49.458578672],[31.509270938,49.46045483],[31.508887371,49.461027262],[31.510964877,49.461670432],[31.513029742,49.462299523],[31.513121237,49.46122536],[31.513217769,49.461226725],[31.513285348,49.461227752],[31.513280237,49.461200644]]]]},"id":"166"},{"type":"Feature","properties":{"id":"167"},"geometry":{"type":"MultiPolygon","coordinates":[[[[31.574428759,49.51812757],[31.574332503,49.518083278],[31.571761288,49.518104739],[31.57170706979924,49.51810519006862],[31.570175339713487,49.51811793330546],[31.569392277,49.518124448],[31.569317668,49.518169251],[31.569334945,49.518169124],[31.570324757,49.518161084],[31.573041563,49.518138934],[31.574169502,49.518129624],[31.574428759,49.51812757]]]]},"id":"167"},{"type":"Feature","properties":{"id":"168"},"geometry":{"type":"MultiPolygon","coordinates":[[[[31.58665504,49.518231091],[31.586593215,49.518821966],[31.586519664,49.519522704],[31.58643871,49.520295144],[31.586366134,49.520987717],[31.586291031,49.521704901],[31.58625089,49.522087703],[31.586224992,49.522283784],[31.586150051,49.522851624],[31.586149536,49.5228571],[31.58605889,49.523859459],[31.584173803,49.523875021],[31.583389852,49.523881494],[31.583227261,49.523882806],[31.582611389,49.523882869],[31.581741779,49.523882891],[31.580743581,49.52388296],[31.579731709,49.523883003],[31.579717759,49.523882986],[31.57871647,49.52388553],[31.577698746,49.523888023],[31.576678411,49.52389058],[31.576510031,49.523891033],[31.575655801,49.52389554],[31.574631809,49.523900833],[31.573677581,49.523905866],[31.57288828,49.523909969],[31.572127292,49.523913942],[31.571366041,49.523917901],[31.570603949,49.523921846],[31.569841179,49.523925778],[31.569077842,49.523929705],[31.568313815,49.523933618],[31.567669564,49.523936971],[31.567549111,49.523937077],[31.566782952,49.523937547],[31.566014983,49.523938085],[31.565804905,49.523938186],[31.565210259,49.523947315],[31.56436775,49.523960193],[31.563620707,49.523971681],[31.563628141,49.524016516],[31.565805697,49.523983151],[31.567669805,49.523981927],[31.576510419,49.523935997],[31.579717873,49.523927941],[31.583227668,49.523927771],[31.586124091,49.523903855],[31.586218908,49.522854864],[31.586319746,49.522091123],[31.586724054,49.518233341],[31.58665504,49.518231091]]]]},"id":"168"},{"type":"Feature","properties":{"id":"169"},"geometry":{"type":"MultiPolygon","coordinates":[[[[31.599773378,49.519326505],[31.599777941,49.519281582],[31.598496266,49.519200299],[31.597226474,49.519119811],[31.592885343,49.518844335],[31.591535556,49.518758661],[31.590807633,49.518712397],[31.590157915,49.51867114],[31.58942074,49.518624336],[31.588596676,49.518571992],[31.5877726,49.518519723],[31.586948677,49.518467367],[31.586943964,49.518512191],[31.589743388,49.518689992],[31.590395026,49.518731358],[31.591723291,49.518815705],[31.592353689,49.51885572],[31.593020649,49.518898093],[31.593729833,49.518943117],[31.595182806,49.519035325],[31.595922879,49.519082297],[31.597444425,49.519178791],[31.598225345,49.519228312],[31.598954204182082,49.51927457281791],[31.599000465,49.519277509],[31.599773378,49.519326505]]]]},"id":"169"},{"type":"Feature","properties":{"id":"170"},"geometry":{"type":"MultiPolygon","coordinates":[[[[31.587357402,49.514590552],[31.58735269,49.514635466],[31.588149258,49.514686078],[31.589742234,49.514787195],[31.590530383,49.514837275],[31.59111826,49.514874623],[31.595521387,49.515154071],[31.596706246,49.515229236],[31.597807936,49.515299154],[31.599026322,49.515376452],[31.600248025,49.515453931],[31.600253955,49.515409114],[31.59923351,49.515344437],[31.598193884,49.515278517],[31.597152603,49.5152124],[31.596631356,49.515179379],[31.596109405,49.515146257],[31.595062205,49.515079812],[31.594034039,49.515014573],[31.593163129,49.514959288],[31.592316486,49.514905532],[31.591434268,49.514849505],[31.590538945,49.514792654],[31.589480587,49.514725439],[31.588417412,49.514657893],[31.587357402,49.514590552]]]]},"id":"170"},{"type":"Feature","properties":{"id":"171"},"geometry":{"type":"MultiPolygon","coordinates":[[[[31.63881603,49.523561266],[31.638822629,49.523516266],[31.638099413,49.523524898],[31.63737523,49.523533518],[31.636651324,49.523542142],[31.635927554,49.523550752],[31.635203923,49.523559456],[31.634475748,49.523568126],[31.633749216,49.523576797],[31.633025998,49.523585398],[31.632302366,49.523593994],[31.631556911,49.523602871],[31.630776085,49.523612108],[31.629945249,49.523622042],[31.629101429,49.523632048],[31.628302095,49.523641494],[31.627522096,49.523650798],[31.626697887,49.523660494],[31.625761778,49.523671584],[31.625756286,49.523716671],[31.626357096,49.523709527],[31.626934427,49.523702647],[31.62751162,49.523695855],[31.630115344,49.523664955],[31.630913159,49.523655488],[31.631575594,49.523647608],[31.632268828,49.52363933],[31.63299108,49.523630726],[31.633720099,49.523622074],[31.634452986,49.52361336],[31.63519402,49.523604523],[31.635943755,49.523595563],[31.636313858,49.523591136],[31.63668037,49.523586776],[31.637403172,49.523578144],[31.638114787,49.523569611],[31.63881603,49.523561266]]]]},"id":"171"},{"type":"Feature","properties":{"id":"172"},"geometry":{"type":"MultiPolygon","coordinates":[[[[31.638112005,49.528362444],[31.638118743,49.528317354],[31.637423496,49.528325652],[31.636745529,49.528333808],[31.636085117,49.528341635],[31.63544099,49.528349321],[31.634813866,49.528356849],[31.634194063,49.528364168],[31.632954317,49.528378966],[31.632334527,49.528386364],[31.631714585,49.52839367],[31.631094781,49.528401062],[31.630475391,49.52840845],[31.629866775,49.528415643],[31.629273918,49.528422689],[31.628696809,49.52842958],[31.628135031,49.528436226],[31.627588184,49.528442709],[31.627056532,49.528449029],[31.626535653,49.528455164],[31.626053187,49.528460869],[31.625593098,49.528466295],[31.625172942,49.528471299],[31.625167034,49.528516297],[31.625667733,49.528510379],[31.626149923,49.528504676],[31.627120394,49.528493214],[31.628195441,49.528480468],[31.628799638,49.528473244],[31.62995524,49.528459564],[31.631220818,49.528444535],[31.631791021,49.528437757],[31.632367026,49.528430942],[31.632947588,49.528423965],[31.633532294,49.528417027],[31.634120868,49.528410018],[31.634714565,49.528402955],[31.635326634,49.528395669],[31.636011095,49.528387478],[31.636710335,49.528379129],[31.637410555,49.528370785],[31.638112005,49.528362444]]]]},"id":"172"},{"type":"Feature","properties":{"id":"173"},"geometry":{"type":"MultiPolygon","coordinates":[[[[31.555689504,49.553996631],[31.555734007,49.553960763],[31.555281214,49.553582488],[31.554743732,49.553124032],[31.554266489,49.552717137],[31.554077346,49.552563909],[31.553655119,49.552221929],[31.5532816,49.551919369],[31.552916384,49.551623439],[31.552555129,49.55133078],[31.552366536,49.551177997],[31.552205717,49.551047204],[31.55189523,49.550794701],[31.551593875,49.550549637],[31.551452921,49.550434928],[31.55129237,49.550304672],[31.550990455,49.550059967],[31.550688529,49.549815172],[31.550386757,49.549570465],[31.550084989,49.549325757],[31.549944859,49.549212125],[31.549786929,49.549082612],[31.549493517,49.548841838],[31.549202142,49.548602788],[31.548561327,49.548077012],[31.548385506,49.54793044],[31.547585356,49.547263438],[31.547487679,49.54725508],[31.548507033,49.548104799],[31.549890828,49.549240182],[31.551399027,49.550463076],[31.551886108,49.55085918],[31.552312642,49.551206146],[31.553342732,49.552040622],[31.554212055,49.552744838],[31.555226516,49.55360991],[31.555689504,49.553996631]]]]},"id":"173"},{"type":"Feature","properties":{"id":"174"},"geometry":{"type":"MultiPolygon","coordinates":[[[[31.541910342,49.547324898],[31.541532078,49.547016502],[31.541149186,49.546704295],[31.540764805,49.546390909],[31.540358804,49.546059888],[31.539916622,49.545699352],[31.539458546,49.545325818],[31.53900374,49.544954924],[31.538539414,49.5445763],[31.538085977,49.54420667],[31.53768286,49.543877923],[31.537306695,49.543571149],[31.536931876,49.54326556],[31.536874652,49.543294844],[31.537316375,49.543655213],[31.537758506,49.544015669],[31.538201334,49.544376762],[31.538644708,49.544738393],[31.539088904,49.54510057],[31.539533784,49.545463294],[31.539979362,49.545826564],[31.540449145,49.546209721],[31.541108416,49.546747206],[31.541769997,49.547286601],[31.542429836,49.547824626],[31.542951487,49.548249923],[31.543008588,49.548220357],[31.542632757,49.547913879],[31.542274203,49.547621573],[31.541910342,49.547324898]]]]},"id":"174"},{"type":"Feature","properties":{"id":"175"},"geometry":{"type":"MultiPolygon","coordinates":[[[[31.556967905,49.540016617],[31.557023025,49.540046027],[31.557501193,49.539378989],[31.557749631,49.539032509],[31.557997941,49.538686028],[31.558246372,49.538339546],[31.558494675,49.537993064],[31.558742975,49.537646492],[31.558991395,49.537300098],[31.559239688,49.536953525],[31.559487963,49.53660704],[31.559736387,49.536260555],[31.559984655,49.53591407],[31.560233072,49.535567314],[31.560481774,49.535220288],[31.560730736,49.534873],[31.560979859,49.534525353],[31.561229102,49.534177434],[31.561478646,49.533829246],[31.561728448,49.533480697],[31.561932697,49.533195622],[31.562060726,49.533017016],[31.561994399,49.533003259],[31.561767025,49.533320516],[31.561590024,49.533567508],[31.561351557,49.533900325],[31.561107432,49.534241003],[31.560863151,49.53458168],[31.560620069503724,49.53492247982086],[31.560618992,49.534922447],[31.560374843,49.535263124],[31.560130691,49.535603799],[31.559886535,49.535944475],[31.559642376,49.53628515],[31.559154047,49.536966497],[31.558909891,49.537307162],[31.558665719,49.537647834],[31.558421543,49.537988506],[31.557933318,49.538669858],[31.557688994,49.539010519],[31.55744537,49.539350569],[31.557240503,49.539636355],[31.556967905,49.540016617]]]]},"id":"175"},{"type":"Feature","properties":{"id":"176"},"geometry":{"type":"MultiPolygon","coordinates":[[[[31.561530153,49.558821366],[31.56208472,49.559180663],[31.563390752,49.560258866],[31.564041604,49.56079616],[31.565248307,49.5617676],[31.566340273,49.562646637],[31.566925048,49.56240373],[31.567401208,49.562812632],[31.566906225,49.563087102],[31.567993725,49.563972339],[31.56929472,49.565039886],[31.570631493,49.566136735],[31.571688641,49.567018277],[31.571952259,49.567259741],[31.572006284,49.567231674],[31.57174416,49.566991395],[31.571218723,49.566553339],[31.57075465,49.566166402],[31.570685794,49.566108937],[31.570285056,49.565780051],[31.569813547,49.565393232],[31.569349256,49.565012314],[31.568902396,49.564645553],[31.568474862,49.564294775],[31.567957756,49.563871705],[31.567064396,49.563143853],[31.567002054,49.563093089],[31.567495627,49.562819321],[31.566941678,49.562343534],[31.566355232,49.562587143],[31.566059934,49.562349452],[31.565147808,49.56161514],[31.564653919,49.561217595],[31.564160023,49.560820047],[31.56409564,49.560768096],[31.563260122,49.56007844],[31.562597306,49.559531168],[31.562136431,49.559150695],[31.561860101,49.558971685],[31.561581726,49.558791399],[31.561530153,49.558821366]]]]},"id":"176"},{"type":"Feature","properties":{"id":"177"},"geometry":{"type":"MultiPolygon","coordinates":[[[[31.556170882,49.55415459],[31.556136001,49.554228568],[31.556189425,49.554332677],[31.55636924,49.554511361],[31.556396351,49.55460357],[31.557505756,49.555515887],[31.557984879,49.555842036],[31.558397371,49.55619804],[31.558435639,49.556277836],[31.559837736,49.557434281],[31.561530153,49.558821366],[31.561581726,49.558791399],[31.560882998,49.558223132],[31.559993763,49.557500024],[31.559891287,49.557416648],[31.5592863,49.556913069],[31.561065934,49.555946932],[31.561048098,49.555896798],[31.560963461,49.555942778],[31.560322252,49.556291375],[31.55924373,49.556877566],[31.558497836,49.556256486],[31.558459831,49.55617724],[31.558037682,49.555812888],[31.557579569,49.555501015],[31.557558019,49.55548637],[31.556985486,49.555015229],[31.556460996,49.554584316],[31.556435313,49.554496619],[31.556434537,49.554494183],[31.556252134,49.554312956],[31.556208571,49.554227993],[31.556170882,49.55415459]]]]},"id":"177"},{"type":"Feature","properties":{"id":"178"},"geometry":{"type":"MultiPolygon","coordinates":[[[[31.587544094,49.559296991],[31.587524333,49.559252689],[31.587443988,49.559276872],[31.586892518,49.55944578],[31.586867549,49.559457811],[31.586148699,49.559804505],[31.585982312,49.559884739],[31.585436264,49.560126068],[31.584732564,49.560436994],[31.584401277,49.560583449],[31.584041211,49.560738843],[31.583685452,49.5608923],[31.583349614,49.561000228],[31.583226552,49.561039715],[31.582811267,49.561183609],[31.582651693,49.561252928],[31.582448034,49.561351831],[31.58200124,49.561568752],[31.581694588,49.561727087],[31.581485784,49.561834947],[31.581391819,49.561877352],[31.581264677,49.561934786],[31.580799232,49.562113702],[31.580761921,49.562128069],[31.580359006,49.562340476],[31.580298273,49.562402305],[31.580110139,49.562593577],[31.580062383,49.56261972],[31.580281435,49.562849849],[31.580337945,49.56302832],[31.580265935,49.563219269],[31.580171012,49.563320386],[31.579782271,49.563594766],[31.579424238,49.563918656],[31.57914567,49.564097077],[31.579101958,49.564120825],[31.577259239,49.565122876],[31.577206174,49.565151674],[31.576624738,49.565467845],[31.575456826,49.565956009],[31.575494126,49.565993801],[31.57664087190419,49.565514558164814],[31.576665796,49.565504142],[31.576928952140502,49.56536104787263],[31.577890508,49.564838191],[31.579146234,49.564155348],[31.57947691,49.56394803],[31.579835923,49.56362324],[31.580226487,49.563347618],[31.580330434,49.563236775],[31.580408844,49.563029152],[31.580346583,49.562832919],[31.580151813,49.562634727],[31.580356561,49.562426504],[31.580411236,49.56237083],[31.580801445,49.562165067],[31.580834447,49.562152375],[31.581333508,49.561964832],[31.581641328,49.561817566],[31.582044259,49.561603985],[31.582478476,49.561379772],[31.582687349,49.561290431],[31.582846607,49.561222282],[31.583258148,49.561079703],[31.583380244,49.561040576],[31.583719963,49.560931323],[31.584079341,49.560776281],[31.584439836,49.560620797],[31.584771413,49.560474171],[31.585475099,49.560163236],[31.586022266,49.559921384],[31.58618991,49.55984061],[31.586908761,49.559493924],[31.58692815,49.559484541],[31.587544094,49.559296991]]]]},"id":"178"},{"type":"Feature","properties":{"id":"179"},"geometry":{"type":"MultiPolygon","coordinates":[[[[31.597925783,49.557876873],[31.597852068,49.557902102],[31.596585352,49.558335214],[31.596216342,49.55846136],[31.595577902,49.558679266],[31.5948544840884,49.55892623438896],[31.594854347484038,49.55892725202761],[31.594689642,49.55898251],[31.594685913,49.559034544],[31.5962485,49.558501173],[31.598564109,49.557709395],[31.600715295,49.556978241],[31.602892742,49.556251484],[31.60266279,49.555955142],[31.603118617,49.555796296],[31.603300604,49.556115373],[31.603385433,49.556087075],[31.605169684,49.555476987],[31.606941528,49.554870013],[31.607017277,49.554793275],[31.605868086,49.555186936],[31.605137507,49.555437177],[31.604856708,49.555533186],[31.603995535,49.555827549],[31.603921964,49.555852691],[31.603338382,49.556052276],[31.603155854,49.55573239],[31.602826757,49.555846995],[31.602570814,49.55593627],[31.602800086,49.556231884],[31.602528361,49.556322567],[31.600916622,49.556860498],[31.600683549,49.556938348],[31.599731538,49.557261907],[31.598767416,49.557589595],[31.598532074,49.557669582],[31.597925783,49.557876873]]]]},"id":"179"},{"type":"Feature","properties":{"id":"180"},"geometry":{"type":"MultiPolygon","coordinates":[[[[31.588767647,49.561079272],[31.590282526,49.560554235],[31.592354334,49.559831068],[31.594220191,49.559194723],[31.594280235,49.559174057],[31.594307705,49.55914119],[31.594331552,49.559092907],[31.594469933,49.55873947],[31.594482307,49.558691105],[31.594567057,49.558143207],[31.594786444,49.556824011],[31.594963749,49.555605271],[31.595133559,49.554617285],[31.595330093,49.553473785],[31.595267023,49.553469512],[31.595259889,49.553496428],[31.59517352,49.554056997],[31.595087942,49.55461271],[31.595002362,49.555168424],[31.59493578,49.555600385],[31.594917333,49.555724136],[31.594834513,49.556279604],[31.594754392,49.556816476],[31.594751264,49.556835692],[31.594659017,49.557400078],[31.594538396,49.558138393],[31.594444749,49.558688915],[31.594435668,49.558731648],[31.594303229,49.559084595],[31.594271629,49.559126429],[31.593840987,49.559273298],[31.592719996,49.559655638],[31.592293668,49.559801005],[31.591613363,49.560038613],[31.590367095,49.560473708],[31.590249944,49.560514592],[31.588741337,49.561037438],[31.588215621,49.560200693],[31.588004944,49.559845497],[31.589598699,49.559159954],[31.591414678,49.558378783],[31.591349088,49.558353093],[31.590146383,49.55887051],[31.589406407,49.559188847],[31.589287549,49.559239882],[31.587980595,49.559802061],[31.587759859,49.559408381],[31.587623945,49.559313807],[31.587547523,49.559142638],[31.587524333,49.559252689],[31.587561871,49.559336781],[31.587699417,49.559432541],[31.58794689,49.559875517],[31.588151033,49.560217358],[31.588677025,49.561054552],[31.588698417,49.561090348],[31.588767647,49.561079272]]]]},"id":"180"},{"type":"Feature","properties":{"id":"181"},"geometry":{"type":"MultiPolygon","coordinates":[[[[31.596710449,49.545024952],[31.596786846,49.54502434],[31.597326744,49.545000142],[31.597802126,49.544982812],[31.599935283,49.544963192],[31.601647106,49.54493065],[31.602103432,49.544927264],[31.602093631,49.544579765],[31.602604973,49.544568003],[31.60261449,49.544923505],[31.605083542,49.544905317],[31.606449337,49.544880632],[31.606586191,49.544862623],[31.607133125,49.544861544],[31.608635,49.54491422],[31.608642861,49.544869509],[31.607134906,49.544816605],[31.606579129,49.54481771],[31.606441447,49.544835792],[31.606047365,49.544842905],[31.605977837,49.544844173],[31.605082147,49.544860354],[31.602986227,49.544875855],[31.602682337,49.544878084],[31.602672693,49.544521504],[31.602023264,49.544536337],[31.602033076,49.544882847],[31.601645714,49.544885677],[31.599933768,49.544918229],[31.599858172,49.544918986],[31.597799784,49.544937841],[31.597322469,49.544955244],[31.596793763,49.544978991],[31.596718192,49.544978479],[31.596710449,49.545024952]]]]},"id":"181"},{"type":"Feature","properties":{"id":"182"},"geometry":{"type":"MultiPolygon","coordinates":[[[[31.577206174,49.565151674],[31.577259239,49.565122876],[31.576641838,49.56462604],[31.576038471,49.564140458],[31.575445745,49.563663407],[31.574876586,49.563205426],[31.57431397,49.562752617],[31.573757481,49.56230471],[31.573223201,49.561874778],[31.57273374,49.561480816],[31.572249713,49.561091209],[31.571769927,49.56070505],[31.571294633,49.560322429],[31.570822625,49.559942528],[31.570282682,49.559507955],[31.569682983,49.559025151],[31.568494912,49.558068806],[31.56791105,49.557598715],[31.567334809,49.557134883],[31.566753142,49.556666592],[31.566169576,49.556196762],[31.565672716,49.555796867],[31.565233199,49.555442917],[31.564577927,49.554915315],[31.564518183,49.554938833],[31.564787695,49.555155729],[31.56546897,49.55570431],[31.566325992,49.556394307],[31.566975049,49.556916814],[31.56754965,49.557379111],[31.568245418,49.557938671],[31.568978245,49.558528111],[31.569621504,49.559045427],[31.570189763,49.559502446],[31.570743045,49.559947378],[31.57127237,49.560373764],[31.571748468,49.560757473],[31.572192177,49.561115107],[31.57264147,49.561477286],[31.57309117,49.561839643],[31.573577372,49.56223134],[31.574053519,49.562614491],[31.574529535,49.562997739],[31.575005836,49.563380885],[31.575958307,49.564147461],[31.576508152,49.564589903],[31.577206174,49.565151674]]]]},"id":"182"},{"type":"Feature","properties":{"id":"183"},"geometry":{"type":"MultiPolygon","coordinates":[[[[31.586273525,49.557380081],[31.586247632,49.557337707],[31.585540013,49.557609861],[31.584791874,49.557897506],[31.584042483,49.558185686],[31.583294464,49.558473231],[31.582546575,49.55876078],[31.581798828,49.559048234],[31.581072774,49.559327405],[31.580374987,49.559595646],[31.579711436,49.559850759],[31.579069316,49.560097581],[31.578427204,49.560344401],[31.577989098,49.560510492],[31.577674376,49.56019328],[31.576951097,49.559604699],[31.576895436,49.559631314],[31.577238582,49.559913866],[31.577608664,49.560218562],[31.577792827,49.560399772],[31.578321276,49.560919994],[31.578863996,49.561454266],[31.579358826,49.56194131],[31.579423035,49.562003224],[31.580004,49.562563512],[31.580062383,49.56261972],[31.580110139,49.562593577],[31.579421258,49.561921307],[31.578033167,49.560548153],[31.578822317,49.560244781],[31.579375328,49.560032223],[31.579972607,49.559802575],[31.580293671,49.559679157],[31.580622095,49.559552829],[31.581306246,49.559289874],[31.581997615,49.559024096],[31.582686765,49.558759106],[31.583397608,49.558485744],[31.584123209,49.558206819],[31.584861343,49.557922963],[31.585618253,49.557631967],[31.586273525,49.557380081]]]]},"id":"183"},{"type":"Feature","properties":{"id":"184"},"geometry":{"type":"MultiPolygon","coordinates":[[[[31.583706115,49.55352498],[31.583677727,49.553483659],[31.583011914,49.553739674],[31.582358331,49.55399101],[31.581717986,49.554237236],[31.581120493,49.554466991],[31.580529141,49.554694267],[31.579937908,49.55492163],[31.579352235,49.555146783],[31.578784112,49.55536516],[31.578207476,49.555586875],[31.577369944,49.555908923],[31.575845365,49.556494946],[31.575197864,49.555548196],[31.575161952,49.55556203],[31.575809438,49.556508771],[31.575299754,49.556704668],[31.57470861,49.556931914],[31.574381984,49.557057514],[31.574311386,49.557085639],[31.573898382,49.556691569],[31.573844242,49.556726471],[31.57489706,49.557728838],[31.57546018,49.558264957],[31.576895436,49.559631314],[31.576951097,49.559604699],[31.575516804,49.558236067],[31.574353339,49.557125802],[31.574421514,49.557094523],[31.575219539,49.556787735],[31.575742871,49.556586551],[31.576283603,49.556378682],[31.576845077,49.556162876],[31.577420608,49.555941608],[31.578009075,49.555715402],[31.578598794,49.555488662],[31.579188645,49.555261918],[31.579782815,49.555033505],[31.580389077,49.554800415],[31.581009809,49.554561772],[31.581650451,49.55431538],[31.58233411,49.5540525],[31.58302109,49.553788391],[31.583706115,49.55352498]]]]},"id":"184"},{"type":"Feature","properties":{"id":"185"},"geometry":{"type":"MultiPolygon","coordinates":[[[[31.564448346,49.547765077],[31.564415718,49.547816335],[31.565048275,49.5484289],[31.565487892,49.54885442],[31.565924127,49.549276847],[31.566370678,49.549709165],[31.566645723,49.54997546],[31.5668657,49.55018062],[31.567788246,49.551041104],[31.568546888,49.551748684],[31.568586533,49.551785686],[31.570034264,49.553135785],[31.570550708,49.553617461],[31.570818919,49.553867602],[31.571069146,49.554104014],[31.571592693,49.554598871],[31.571857598,49.554849254],[31.572124539,49.555101443],[31.57266657,49.555613707],[31.573242977,49.556158343],[31.57380337,49.556687835],[31.573844242,49.556726471],[31.573898382,49.556691569],[31.573179051,49.556016224],[31.57243379,49.55531648],[31.570868656,49.553846964],[31.570589041,49.553585582],[31.570549532,49.55354858],[31.570031606,49.55306455],[31.569854529,49.552899031],[31.569067092,49.552163002],[31.568140736,49.5512971],[31.568099998,49.55125901],[31.567170024,49.550389695],[31.56670336,49.549953354],[31.566245013,49.549508537],[31.565345792,49.548635961],[31.564448346,49.547765077]]]]},"id":"185"},{"type":"Feature","properties":{"id":"186"},"geometry":{"type":"MultiPolygon","coordinates":[[[[31.572507215,49.541349575],[31.572407262,49.541338344],[31.571455874,49.54208697],[31.570995531,49.542449129],[31.57063592,49.542723353],[31.56997264,49.543229003],[31.569329237,49.543719605],[31.569272729,49.54376267],[31.568711333,49.544184158],[31.568093844,49.544647718],[31.567703868,49.544940572],[31.567476383,49.545109936],[31.566857402,49.545570515],[31.566238562,49.54603118],[31.565709978,49.5464246],[31.565619572,49.546491752],[31.565054973,49.546910949],[31.565006865,49.546948325],[31.565022019,49.546965256],[31.565029106,49.547173019],[31.564765261,49.547407539],[31.564398226,49.547733564],[31.564365504,49.547775642],[31.564415718,49.547816335],[31.564448346,49.547765077],[31.564820999,49.547434058],[31.565003728,49.54727172],[31.565098756,49.547187249],[31.565090639,49.546953313],[31.56595924,49.546307987],[31.567528686,49.545141914],[31.568763549,49.544213618],[31.569831604,49.543402384],[31.571048464,49.542478057],[31.572440304,49.541417644],[31.572507215,49.541349575]]]]},"id":"186"},{"type":"Feature","properties":{"id":"187"},"geometry":{"type":"MultiPolygon","coordinates":[[[[31.587524333,49.559252689],[31.587547523,49.559142638],[31.58702123,49.558175606],[31.586820307,49.55783163],[31.586652478,49.557544471],[31.586315744,49.556968255],[31.586181815,49.556739],[31.586021502,49.556501259],[31.585786267,49.556152334],[31.585509906,49.555749322],[31.585089838,49.555137011],[31.586687818,49.555327043],[31.588398404,49.555530436],[31.588405884,49.555485628],[31.587552808,49.555384216],[31.586699598,49.555282717],[31.58505567,49.555087198],[31.584423587,49.554165538],[31.584353776,49.554179066],[31.585250346,49.555484436],[31.585958614,49.556515601],[31.586117494,49.556756113],[31.586955979,49.558191183],[31.587481327,49.559156498],[31.587524333,49.559252689]]]]},"id":"187"},{"type":"Feature","properties":{"id":"188"},"geometry":{"type":"MultiPolygon","coordinates":[[[[31.58131511,49.549694953],[31.581214975,49.549552181],[31.580752453,49.549117107],[31.580766682,49.549080441],[31.580761832,49.549022415],[31.580840477,49.548527434],[31.580866039,49.548365791],[31.581188367,49.54806733],[31.581893823,49.547469158],[31.582857853,49.546883654],[31.582998182,49.546746753],[31.583100584,49.546620696],[31.583400598,49.546656337],[31.58364754,49.546685723],[31.584189121,49.546750157],[31.584479213,49.546784643],[31.585176879,49.54686767],[31.585865867,49.546949639],[31.586582694,49.547034963],[31.587394946,49.547131467],[31.588184036,49.547225349],[31.588973268,49.547319235],[31.589770353,49.54741399],[31.589778093,49.547369272],[31.588660848,49.547236396],[31.587535193,49.547102545],[31.586187422,49.546942198],[31.585130858,49.546816509],[31.58412049,49.546696296],[31.58313452,49.546578971],[31.583073422,49.546557984],[31.582934243,49.546729248],[31.582860565,49.546819922],[31.581842437,49.547438813],[31.581132619,49.548040719],[31.580799185,49.548349528],[31.580691202,49.549030035],[31.580708943,49.549078997],[31.580663814,49.549098063],[31.580690313,49.549136392],[31.581154443,49.549574629],[31.581249744,49.54971121],[31.58131511,49.549694953]]]]},"id":"188"},{"type":"Feature","properties":{"id":"189"},"geometry":{"type":"MultiPolygon","coordinates":[[[[31.580404904,49.548719446],[31.580663814,49.549098063],[31.580708943,49.549078997],[31.579769262,49.547679762],[31.579800111,49.547427889],[31.578894389,49.546135725],[31.578768379,49.545944201],[31.58060859,49.546163212],[31.580644878,49.546121872],[31.58050121,49.546104727],[31.580092127,49.546056062],[31.57873573,49.545894574],[31.578198359,49.545078109],[31.578178278,49.544962946],[31.578096191,49.544852869],[31.577532006,49.544096336],[31.577078763,49.543488683],[31.57690625,49.543257311],[31.576518726,49.5427409],[31.576307522,49.54245949],[31.576047595,49.542138047],[31.575756482,49.541778042],[31.57576635,49.541672471],[31.575701327,49.541662425],[31.575703637,49.541781395],[31.576245363,49.542480039],[31.576876122,49.543324144],[31.577456098,49.544100298],[31.578110328,49.544975804],[31.578130283,49.545089879],[31.57883062,49.546154102],[31.579735385,49.547444999],[31.579701209,49.547690634],[31.58005358,49.548205943],[31.580404904,49.548719446]]]]},"id":"189"},{"type":"Feature","properties":{"id":"190"},"geometry":{"type":"MultiPolygon","coordinates":[[[[31.561541136,49.537558459],[31.563085034,49.538132706],[31.564505725,49.538661091],[31.563838089,49.539234188],[31.562652117,49.54025238],[31.561504852,49.541237246],[31.560857381,49.541793051],[31.560293207,49.54227733],[31.560336017,49.5423149],[31.560836976,49.541884951],[31.561469971,49.541341625],[31.562085671,49.540813166],[31.562685363,49.540298325],[31.563270137,49.539796221],[31.563841277,49.539305962],[31.564194135,49.539003027],[31.564566213,49.538683608],[31.565856639,49.539163452],[31.567185339,49.539657492],[31.567212625,49.539615937],[31.565890616,49.53912433],[31.564348243,49.538550749],[31.564715176,49.538030785],[31.565081963,49.5375109],[31.56520421,49.537337608],[31.565326469,49.537164315],[31.565448728,49.536991023],[31.565815637,49.536471045],[31.566182387,49.535951166],[31.566536788,49.535448717],[31.567153133,49.534575141],[31.567091918,49.534554236],[31.566755702,49.535030763],[31.56641424,49.5355148],[31.5660597,49.536017429],[31.565882358,49.536268653],[31.565705014,49.536519966],[31.565350445,49.537022592],[31.564995882,49.537525136],[31.564818681,49.537776358],[31.564641602,49.5380274],[31.564288017,49.538528323],[31.563113663,49.538091574],[31.561570651,49.537517704],[31.561541136,49.537558459]]]]},"id":"190"},{"type":"Feature","properties":{"id":"191"},"geometry":{"type":"MultiPolygon","coordinates":[[[[31.567185339,49.539657492],[31.568560527,49.540168852],[31.56971799,49.540599235],[31.568931624,49.541184624],[31.568106412,49.541798829],[31.567494629,49.542254255],[31.566887334,49.542706295],[31.566280153,49.543158241],[31.565672974,49.543610185],[31.565065632,49.544062224],[31.563851204,49.544966094],[31.563305508,49.545372217],[31.563347507,49.545409157],[31.563911563,49.54498951],[31.564530413,49.544528857],[31.565149388,49.544068201],[31.565768228,49.543607541],[31.566387318,49.543146788],[31.567007253,49.542685411],[31.567628004,49.54222332],[31.568278598,49.541739072],[31.568949083,49.541239882],[31.569369252,49.540927217],[31.569779189,49.540622027],[31.570471368,49.54087935],[31.570523439,49.540953225],[31.570704277,49.54100539],[31.570580864,49.540926891],[31.570732668,49.540965065],[31.570634335,49.540897746],[31.570583356,49.540824229],[31.57057283,49.540555849],[31.57059873,49.540465329],[31.570759247,49.539905828],[31.570914138,49.539365797],[31.571053492,49.538880036],[31.571187083,49.538414105],[31.571402461,49.537662896],[31.571442223,49.537482041],[31.571563141,49.536933371],[31.571592321,49.536830207],[31.571581748,49.536761062],[31.571568282,49.536545435],[31.571739587,49.536180684],[31.571676901,49.536157436],[31.571674535,49.536164918],[31.571498754,49.536539571],[31.571512532,49.536760422],[31.571498438,49.536892304],[31.571494594,49.536927695],[31.571347906,49.537589175],[31.571333398,49.537654703],[31.571173927,49.538211326],[31.571002162,49.538811115],[31.570920341,49.539096652],[31.570841047,49.539373034],[31.570696495,49.539878084],[31.570559046,49.540357567],[31.570504,49.540549714],[31.570514797,49.540833208],[31.57052489,49.540847498],[31.568591227,49.540128545],[31.567212652,49.539615946],[31.567185339,49.539657492]]]]},"id":"191"},{"type":"Feature","properties":{"id":"192"},"geometry":{"type":"MultiPolygon","coordinates":[[[[31.580550188,49.542204054],[31.58129535,49.542292691],[31.58221738,49.542402426],[31.583124946,49.542510411],[31.583369179,49.542535995],[31.584155363,49.54261838],[31.58425232,49.542627418],[31.585001718,49.542697101],[31.586021053,49.542791927],[31.587954748,49.54297173],[31.588829679,49.543053072],[31.589669015,49.543131162],[31.590516907,49.54320995],[31.59052506,49.543165321],[31.589061214,49.543029239],[31.587526482,49.54288653],[31.587457923,49.542880144],[31.585890158,49.542734309],[31.584330418,49.542589194],[31.584167516,49.542574063],[31.583137113,49.542466183],[31.583068983,49.542459174],[31.580495195,49.542152545],[31.579574803,49.542042858],[31.579557988,49.54208592],[31.580550188,49.542204054]]]]},"id":"192"},{"type":"Feature","properties":{"id":"193"},"geometry":{"type":"MultiPolygon","coordinates":[[[[31.572644941,49.552059984],[31.573015038,49.552601171],[31.571719768,49.553098909],[31.570549532,49.55354858],[31.570589041,49.553585582],[31.57156259,49.553211449],[31.572287213,49.552932869],[31.573009452,49.552655256],[31.573640358,49.552412781],[31.574248718,49.55217884],[31.57501701,49.551883509],[31.576926639,49.551149428],[31.577080901,49.551375084],[31.577100272,49.551337111],[31.576962562,49.551135594],[31.577487497,49.550933699],[31.578042634,49.550720273],[31.578429617,49.550571488],[31.578818684,49.550421918],[31.579205524,49.55027313],[31.579799757,49.550044717],[31.580398874,49.549814364],[31.58099978,49.549583297],[31.580971396,49.549541975],[31.578706787,49.550412661],[31.578428646,49.550006018],[31.578143237,49.549588976],[31.577791378,49.549075729],[31.577438321,49.548560682],[31.577054533,49.547997912],[31.576831443,49.547670369],[31.576790381,49.547701155],[31.576781409,49.547707823],[31.577354043,49.548545355],[31.577722545,49.549084083],[31.578394346,49.550066345],[31.578646931,49.550435746],[31.577381208,49.55092236],[31.576121771,49.551406538],[31.574442046,49.552052471],[31.5730749,49.552578179],[31.572791682,49.552163929],[31.572485742,49.551716586],[31.572182369,49.551272676],[31.57212898,49.551194657],[31.572078939,49.551232109],[31.572644941,49.552059984]]]]},"id":"193"},{"type":"Feature","properties":{"id":"194"},"geometry":{"type":"MultiPolygon","coordinates":[[[[31.581657951,49.540645392],[31.581601644,49.540576163],[31.581485827,49.540489282],[31.581476222,49.540721279],[31.58062567,49.540105825],[31.579431223,49.539241502],[31.578836231,49.53885535],[31.578773703,49.538814843],[31.577291107,49.537852634],[31.576871362,49.53757469],[31.575808467,49.53704893],[31.575632848,49.536962109],[31.574987088,49.536486607],[31.574400766,49.536179091],[31.573386916,49.535736598],[31.572673824,49.53543408],[31.572628795,49.535411684],[31.57270463,49.534974234],[31.572752067,49.534701008],[31.572833323,49.534232311],[31.572915962,49.533755808],[31.57300031,49.533269243],[31.573086219,49.532773704],[31.573172112,49.532278156],[31.573258155,49.531782526],[31.573332895,49.531351092],[31.573263398,49.531351522],[31.573141703,49.532052676],[31.573038442,49.532648424],[31.572935165,49.533244172],[31.572812996,49.533948472],[31.572694371,49.534632307],[31.572564743,49.535379976],[31.572244732,49.53522159],[31.57218761,49.535195533],[31.572146591,49.535231676],[31.572203989,49.535257849],[31.572634036,49.535470798],[31.573348772,49.535774052],[31.574359733,49.536215352],[31.574939226,49.536519222],[31.575585663,49.536995182],[31.576825547,49.537608491],[31.577242013,49.537884343],[31.578382252,49.538624279],[31.579381176,49.539272483],[31.580423724,49.540026915],[31.581473484,49.540786529],[31.581537031,49.540772198],[31.581594592,49.540664848],[31.58284391,49.542185312],[31.583068983,49.542459174],[31.583137113,49.542466183],[31.582545277,49.541737693],[31.581883763,49.540923491],[31.581657951,49.540645392]]]]},"id":"194"},{"type":"Feature","properties":{"id":"195"},"geometry":{"type":"MultiPolygon","coordinates":[[[[31.568099998,49.55125901],[31.568140736,49.5512971],[31.568180387648834,49.55126732823408],[31.568204283916952,49.55124948020223],[31.568652024,49.550913965],[31.569166521,49.550528507],[31.56971704,49.550115925],[31.570311295,49.549670685],[31.570905388,49.549225442],[31.571499622,49.548780106],[31.572093831,49.548334866],[31.572687905,49.547889525],[31.573282107,49.547444269],[31.573876284,49.546999011],[31.574474107,49.546550906],[31.575076544,49.546099325],[31.575645596,49.545672829],[31.577369268,49.54438087],[31.577337928,49.544335756],[31.577067005,49.544538776],[31.576746146,49.544238873],[31.57669231,49.544236832],[31.577038975,49.544559771],[31.576089818,49.545271228],[31.575671162,49.545585005],[31.57525039,49.545900481],[31.574823317,49.546220572],[31.574360201,49.546567613],[31.57332841,49.547340968],[31.572782301,49.547750193],[31.572236459,49.548159325],[31.571690456,49.548568544],[31.57114432,49.548977761],[31.57059845,49.549386885],[31.570077516,49.549777236],[31.569563173,49.550162609],[31.56905415,49.550544146],[31.568570065,49.55090683],[31.568099998,49.55125901]]]]},"id":"195"},{"type":"Feature","properties":{"id":"196"},"geometry":{"type":"MultiPolygon","coordinates":[[[[31.593557007,49.544398903],[31.593625416,49.544405105],[31.59381114,49.54327635],[31.593902516,49.542720596],[31.593998875,49.542134664],[31.594094919,49.541550718],[31.594191424,49.540964066],[31.594288404,49.540374006],[31.594385998,49.539780537],[31.594484203,49.539183561],[31.594582897,49.538583087],[31.59468219,49.537979286],[31.594781972,49.537371896],[31.594985229,49.536135832],[31.595076115,49.535583215],[31.595201393,49.534821192],[31.595305982,49.534184522],[31.595420043,49.533490481],[31.595527877,49.532835134],[31.595638833,49.532159941],[31.595813255,49.531098893],[31.595743759,49.531099517],[31.595504857,49.532548038],[31.595332958,49.533598501],[31.595191679,49.534441682],[31.595084765,49.535076888],[31.59498773,49.535678189],[31.594893066,49.53626395],[31.594798071,49.536851331],[31.594702222,49.537433398],[31.5946076,49.53800864],[31.594513139,49.538582451],[31.594418827,49.539155625],[31.594324649,49.539728267],[31.594230496,49.540300271],[31.594136491,49.540871385],[31.594042634,49.541441779],[31.593948788,49.542011274],[31.593849616,49.542615164],[31.593805679,49.542883747],[31.593732905,49.543210373],[31.593725961,49.54325716],[31.593641629,49.543827627],[31.593557007,49.544398903]]]]},"id":"196"},{"type":"Feature","properties":{"id":"197"},"geometry":{"type":"MultiPolygon","coordinates":[[[[31.605977837,49.544844173],[31.606047365,49.544842905],[31.606088506,49.544519258],[31.606171551,49.543867503],[31.606256334,49.543234539],[31.606338409,49.542627803],[31.606418483,49.542017455],[31.606502228,49.541380265],[31.606585495,49.540746213],[31.606755379,49.539453318],[31.606837198,49.538830218],[31.606918538,49.538210167],[31.607000027,49.537589684],[31.607088719,49.536915121],[31.607169253,49.536302173],[31.607249144,49.535693091],[31.607327906,49.535092894],[31.607405201,49.534505187],[31.607479789,49.533937236],[31.607557906,49.533341544],[31.607635208,49.532753198],[31.607717318,49.532128316],[31.607792374,49.531556597],[31.607867441,49.530984509],[31.607798082,49.530984969],[31.60764286,49.53216631],[31.607565221,49.532758244],[31.607487442,49.533350079],[31.607409813,49.533941743],[31.60725759,49.535100719],[31.607182184,49.535675207],[31.607106651,49.536249632],[31.607031255,49.536824129],[31.606955857,49.537398545],[31.606880305,49.537973051],[31.606804903,49.538547458],[31.6067295,49.539121963],[31.606653957,49.539696469],[31.606579188,49.54026575],[31.606504758,49.540832531],[31.606429334,49.541407036],[31.606354587,49.541975975],[31.606282681,49.542524249],[31.606205211,49.543113385],[31.606134443,49.543652415],[31.606055326,49.54425485],[31.605977837,49.544844173]]]]},"id":"197"},{"type":"Feature","properties":{"id":"198"},"geometry":{"type":"MultiPolygon","coordinates":[[[[31.591414678,49.558378783],[31.591605227,49.55714371],[31.59169227,49.556578926],[31.591778028,49.556023036],[31.591863646,49.555467774],[31.591949401,49.554912064],[31.592035153,49.554356451],[31.592120766,49.55380074],[31.592208399,49.553232908],[31.592351162,49.552307291],[31.592440059,49.551731194],[31.592525336,49.55117836],[31.592451239,49.551216892],[31.592366137,49.551767479],[31.592273948,49.55236486],[31.592189169,49.552912937],[31.59210469,49.553460025],[31.592020359,49.554006124],[31.591936176,49.554551323],[31.591852018,49.555095623],[31.591768147,49.555638942],[31.591683971,49.556183332],[31.591599016,49.556733386],[31.591512462,49.557293854],[31.591423709,49.55786968],[31.591349088,49.558353093],[31.591414678,49.558378783]]]]},"id":"198"},{"type":"Feature","properties":{"id":"199"},"geometry":{"type":"MultiPolygon","coordinates":[[[[31.583038837,49.532636182],[31.582793731,49.534032182],[31.582524868,49.535563272],[31.582315851,49.53682168],[31.582142073,49.537867816],[31.581963403,49.53894342],[31.581921286,49.539221996],[31.581707684,49.540026378],[31.581601644,49.540576163],[31.581657951,49.540645392],[31.581719005,49.540328932],[31.581776087,49.540033038],[31.581848486,49.539760096],[31.581989852,49.539228026],[31.581996781,49.539182319],[31.582032118,49.538948011],[31.582042254,49.538886594],[31.582091292,49.538591623],[31.582192813,49.537980476],[31.582260849,49.537571555],[31.582315505,49.537242269],[31.582486775,49.536211068],[31.582583635,49.53562749],[31.582593579,49.535568222],[31.58269287,49.535002203],[31.582756255,49.534641522],[31.582819651,49.534280661],[31.582956183,49.533502558],[31.583099525,49.532686022],[31.583618761,49.532740306],[31.583877675,49.531245212],[31.583808178,49.531245739],[31.583558249,49.532688489],[31.583038837,49.532636182]]]]},"id":"199"},{"type":"Feature","properties":{"id":"200"},"geometry":{"type":"MultiPolygon","coordinates":[[[[31.616334158,49.536559769],[31.617351841,49.536482301],[31.618483794,49.536396166],[31.620249226,49.536261711],[31.620807442,49.536219205],[31.621346996,49.536178164],[31.621852777,49.536139664],[31.622321222,49.536103925],[31.622313582,49.536059634],[31.620198423,49.536220683],[31.619698027,49.536258775],[31.619243295,49.536293338],[31.618799199,49.536327187],[31.618324395,49.536363304],[31.617695467,49.536411193],[31.616722762,49.536485229],[31.614589029,49.53664766],[31.613645363,49.536719466],[31.612803787,49.536783414],[31.611922372,49.536850551],[31.610319739,49.536972388],[31.610312975,49.537017827],[31.611584811,49.536921151],[31.612533885,49.536848952],[31.613483094,49.536776754],[31.6144323,49.53670445],[31.615381366,49.536632237],[31.616334158,49.536559769]]]]},"id":"200"},{"type":"Feature","properties":{"id":"201"},"geometry":{"type":"MultiPolygon","coordinates":[[[[31.609453813,49.550735037],[31.610563641,49.550355341],[31.611277147,49.550111224],[31.61308961,49.549491069],[31.614824564,49.548897451],[31.615700158,49.548597913],[31.616618987,49.548283498],[31.617537804,49.547969068],[31.618456761,49.547654549],[31.619375554,49.547340112],[31.620414192,49.54698468],[31.62147423,49.546621941],[31.62239355,49.54630722],[31.623332726,49.545985798],[31.624056266,49.545738094],[31.624047574,49.545683266],[31.622026969,49.546374833],[31.621223469,49.546649887],[31.620357816,49.54694613],[31.619504799,49.547238056],[31.618651772,49.547529984],[31.617798596,49.547821897],[31.616945549,49.548113803],[31.616092491,49.548405794],[31.615286425,49.548681511],[31.614534297,49.548938926],[31.613768119,49.549201089],[31.612966073,49.549475473],[31.612115605,49.54976646],[31.61126249,49.550058334],[31.610485437,49.550324162],[31.609901395,49.550523952],[31.609446255,49.550679686],[31.609006674,49.550830054],[31.608574479,49.55097795],[31.608147419,49.551124005],[31.608138156,49.551185073],[31.608575367,49.551035501],[31.609008543,49.550887344],[31.609453813,49.550735037]]]]},"id":"201"},{"type":"Feature","properties":{"id":"202"},"geometry":{"type":"MultiPolygon","coordinates":[[[[31.614827,49.547078881],[31.615579097,49.546821464],[31.616384993,49.546545754],[31.617238155,49.546253842],[31.618091168,49.545961843],[31.618944171,49.545669928],[31.619797302,49.545377998],[31.620650285,49.54508607],[31.62151578,49.544789825],[31.622171179,49.544565527],[31.622163274,49.544520418],[31.620808677,49.544984054],[31.619914678,49.54528997],[31.619831674,49.545318378],[31.618439355,49.545794918],[31.617518914,49.54610988],[31.616673406,49.546399241],[31.615819534,49.546691401],[31.614757796,49.547054799],[31.613884999,49.547353455],[31.612859243,49.547704348],[31.611960009,49.548012052],[31.610664318,49.548455345],[31.609944853,49.548701478],[31.609370136,49.5488981],[31.608885114,49.549064029],[31.6084386,49.549216766],[31.60843078,49.549267241],[31.608867268,49.54911793],[31.609299598,49.548970024],[31.609739161,49.548819654],[31.610194283,49.548663928],[31.610778301,49.548464137],[31.611555323,49.548198297],[31.612408404,49.547906431],[31.613258686,49.547615522],[31.614060714,49.547341046],[31.614827,49.547078881]]]]},"id":"202"},{"type":"Feature","properties":{"id":"203"},"geometry":{"type":"MultiPolygon","coordinates":[[[[31.628083662,49.539080423],[31.627994398,49.539081286],[31.628097579,49.539696437],[31.628200901,49.540311597],[31.628252984,49.540622013],[31.628304073,49.540926756],[31.6284074,49.541541916],[31.628510591,49.542157066],[31.628608296,49.542738919],[31.628697063,49.542735629],[31.628515659,49.541654401],[31.628439321,49.541199947],[31.628362869,49.540743955],[31.628257059,49.540113765],[31.628155617,49.539509321],[31.628083662,49.539080423]]]]},"id":"203"},{"type":"Feature","properties":{"id":"204"},"geometry":{"type":"MultiPolygon","coordinates":[[[[31.634226721,49.540512456],[31.633615054,49.540520103],[31.633079252,49.54052678],[31.632766925,49.540530644],[31.632770615,49.540556382],[31.636097077,49.540514861],[31.636101537,49.540488997],[31.634226721,49.540512456]]]]},"id":"204"},{"type":"Feature","properties":{"id":"205"},"geometry":{"type":"MultiPolygon","coordinates":[[[[31.61318992,49.533768795],[31.614403849,49.533676406],[31.615494237,49.533593488],[31.615856269465578,49.5335659200771],[31.616045797,49.533551488],[31.616504663,49.533516511],[31.616476275,49.533481861],[31.61616535590085,49.53350549501077],[31.615546636,49.533552526],[31.615102162,49.533586442],[31.61470346,49.533616751],[31.614224398,49.533653179],[31.613262806,49.533726375],[31.612062423,49.533817687],[31.61205930896785,49.53381792397555],[31.610780019,49.533915277],[31.61077437,49.533952551],[31.612131901,49.533849331],[31.61318992,49.533768795]]]]},"id":"205"},{"type":"Feature","properties":{"id":"206"},"geometry":{"type":"MultiPolygon","coordinates":[[[[31.610683436,49.534152178],[31.609960695,49.538896109],[31.609675616,49.540716728],[31.609477493,49.542046815],[31.609458765,49.542180459],[31.609528902,49.54217516],[31.609651261,49.541349792],[31.609744336,49.540721213],[31.609806549,49.540324006],[31.609816071,49.540263567],[31.609924215,49.539572962],[31.610029413,49.538900593],[31.610071507,49.538621468],[31.610191371,49.537825483],[31.610312975,49.537017827],[31.610319739,49.536972388],[31.610430164,49.536239548],[31.610559462,49.535380337],[31.610662502,49.534696353],[31.61077437,49.533952551],[31.610780019,49.533915277],[31.611000902,49.532453551],[31.611213049,49.531001283],[31.612153181,49.530989085],[31.612793201,49.530980867],[31.613283441,49.530974464],[31.61394157,49.530965934],[31.613941548,49.530920978],[31.611149751,49.530957098],[31.611014439,49.5319514],[31.610892304,49.532690357],[31.610683436,49.534152178]]]]},"id":"206"},{"type":"Feature","properties":{"id":"207"},"geometry":{"type":"MultiPolygon","coordinates":[[[[31.624146,49.545136],[31.624154,49.545181],[31.625155,49.545125],[31.626341,49.545059],[31.627146,49.545014],[31.628089,49.544962],[31.629076,49.54491],[31.62907,49.544862],[31.628615,49.544887],[31.627467,49.544951],[31.62633,49.545015],[31.625203,49.545077],[31.624146,49.545136]]]]},"id":"207"},{"type":"Feature","properties":{"id":"208"},"geometry":{"type":"MultiPolygon","coordinates":[[[[31.624814,49.548854],[31.624872,49.548837],[31.62483,49.548801],[31.624813,49.548786],[31.624688,49.548248],[31.624623,49.547967],[31.624572,49.547667],[31.624442,49.546903],[31.624283,49.545974],[31.624154,49.545181],[31.624146,49.545136],[31.62397,49.544075],[31.623778,49.542919],[31.623668,49.542265],[31.623564,49.541645],[31.62346,49.541024],[31.623356,49.540403],[31.623347,49.540354],[31.623247,49.539783],[31.623205,49.53954],[31.623133,49.539129],[31.623134,49.539076],[31.623071,49.539076],[31.62307,49.539131],[31.623186,49.539788],[31.623294,49.540408],[31.623502,49.541649],[31.623716,49.542924],[31.623908,49.544079],[31.624092,49.545185],[31.624221,49.545979],[31.62438,49.546908],[31.62451,49.547671],[31.624561,49.547973],[31.624627,49.548254],[31.624754,49.548802],[31.624814,49.548854]]]]},"id":"208"},{"type":"Feature","properties":{"id":"209"},"geometry":{"type":"MultiPolygon","coordinates":[[[[31.60765,49.554567],[31.607721,49.55456],[31.6077,49.554528],[31.607612,49.554516],[31.607874,49.552909],[31.608138,49.551185],[31.608147,49.551124],[31.608431,49.549267],[31.608439,49.549217],[31.608705,49.5475],[31.608759,49.547154],[31.608809,49.546838],[31.608857,49.546549],[31.608905,49.546275],[31.608955,49.54598],[31.609017,49.545619],[31.609093,49.545216],[31.609174,49.544795],[31.609104,49.544802],[31.609099,49.544836],[31.608992,49.545423],[31.608957,49.545563],[31.60875,49.54677],[31.608528,49.54818],[31.608358,49.54929],[31.608283,49.549778],[31.608237,49.550078],[31.608035,49.551408],[31.607905,49.552256],[31.607761,49.553195],[31.607713,49.553505],[31.607631,49.554032],[31.607535,49.554552],[31.60765,49.554567]]]]},"id":"209"},{"type":"Feature","properties":{"id":"210"},"geometry":{"type":"MultiPolygon","coordinates":[[[[31.607685,49.554621],[31.607915,49.55455],[31.609008,49.55419],[31.611295,49.553425],[31.614403,49.552385],[31.616327,49.551735],[31.616958,49.551522],[31.620068,49.550457],[31.621544,49.549954],[31.624584,49.548922],[31.624576,49.548874],[31.623312,49.549303],[31.622416,49.549607],[31.621805,49.549815],[31.621512,49.549914],[31.620036,49.550418],[31.619499,49.550601],[31.618569,49.55092],[31.617672,49.551227],[31.616926,49.551482],[31.616888,49.551495],[31.615181,49.552071],[31.614371,49.552345],[31.614277,49.552377],[31.613371,49.55268],[31.612467,49.552982],[31.611767,49.553216],[31.611287,49.553377],[31.61085,49.553523],[31.610416,49.553668],[31.60997,49.553818],[31.609507,49.553972],[31.609034,49.55413],[31.608557,49.554287],[31.608081,49.554443],[31.607721,49.55456],[31.60765,49.554567],[31.607685,49.554621]]]]},"id":"210"},{"type":"Feature","properties":{"id":"211"},"geometry":{"type":"MultiPolygon","coordinates":[[[[31.601138162,49.511178231],[31.601207191,49.51117889],[31.601338969,49.510202843],[31.601467097,49.509253763],[31.601507733,49.50895272],[31.601555466,49.508571145],[31.601641298,49.507884951],[31.601730482,49.507171888],[31.60173616,49.50712645],[31.601751043,49.506885779],[31.601768652,49.50660121],[31.601787543,49.50629569],[31.601795811,49.506160976],[31.601889669,49.505220395],[31.601907131,49.505065785],[31.601981305,49.504408372],[31.602024308,49.504027296],[31.602190081,49.502558849],[31.602210865,49.502388627],[31.602292168,49.501725066],[31.602439296,49.500439057],[31.602522612,49.499710848],[31.602582687,49.499185626],[31.602513677,49.49918611],[31.602505325,49.499258982],[31.602500593,49.499300355],[31.60237698,49.50038013],[31.602223218,49.501723023],[31.60206722,49.503070017],[31.601912285,49.504407678],[31.601786797,49.505594915],[31.601726821,49.506162394],[31.601661525,49.507169872],[31.601572299,49.507883393],[31.601398114,49.509254165],[31.601271085,49.510194351],[31.601138162,49.511178231]]]]},"id":"211"},{"type":"Feature","properties":{"id":"212"},"geometry":{"type":"MultiPolygon","coordinates":[[[[31.585524099,49.530955673],[31.585593139,49.530954705],[31.585783077,49.529321894],[31.585939063,49.527980817],[31.585944275,49.527935974],[31.585959503,49.52780506],[31.586135757,49.52608587],[31.586184073,49.525620415],[31.586194389,49.525548838],[31.586239615,49.525086136],[31.586362958,49.52406372],[31.586434206,49.523241756],[31.586438091,49.523196824],[31.586466574,49.522868688],[31.586467269,49.522863499],[31.586567408,49.522105036],[31.586680948,49.521021577],[31.586732169,49.520533308],[31.586779216,49.52008348],[31.586829716,49.519602297],[31.586885808,49.519067036],[31.586943964,49.518512191],[31.586948664,49.518467349],[31.586881555,49.518465349],[31.586761109,49.51959716],[31.586603158,49.521104588],[31.58649835,49.522104584],[31.586365936,49.523234983],[31.586283379,49.524019516],[31.586278692,49.524063999],[31.586115077,49.525618722],[31.585992691,49.526799229],[31.585870966,49.527973341],[31.585726192,49.529218115],[31.585636246,49.529991458],[31.585524099,49.530955673]]]]},"id":"212"},{"type":"Feature","properties":{"id":"213"},"geometry":{"type":"MultiPolygon","coordinates":[[[[31.588253466,49.504178599],[31.588322133,49.504183114],[31.588373074,49.503726574],[31.588431895,49.503208041],[31.588492396,49.502641063],[31.588667372,49.501108548],[31.588748602,49.500441652],[31.588830397,49.499843979],[31.588875367,49.499526546],[31.589072575,49.497812083],[31.589003592,49.497810868],[31.588806708,49.499523173],[31.588800945,49.499573204],[31.588683421,49.50043806],[31.588612292,49.501056845],[31.588607168,49.501101653],[31.588430717,49.502636543],[31.588253466,49.504178599]]]]},"id":"213"},{"type":"Feature","properties":{"id":"214"},"geometry":{"type":"MultiPolygon","coordinates":[[[[31.565398,49.507238],[31.565529,49.506237],[31.565537,49.506178],[31.565623,49.505519],[31.5657,49.504926],[31.565769,49.504405],[31.565795,49.504208],[31.565827,49.503968],[31.565884,49.503546],[31.565944,49.5031],[31.566011,49.502599],[31.566093,49.501995],[31.566195,49.50124],[31.566313,49.500361],[31.566432,49.499481],[31.566511,49.498894],[31.566553,49.498587],[31.566695,49.497531],[31.566733,49.497317],[31.566994,49.495628],[31.566916,49.495641],[31.566793,49.496462],[31.56663,49.497505],[31.566538,49.498181],[31.566442,49.49889],[31.566384,49.499327],[31.566275,49.500131],[31.566187,49.500788],[31.566093,49.501482],[31.565875,49.503097],[31.565782,49.50379],[31.565726,49.504204],[31.56569,49.504477],[31.565648,49.504798],[31.565636,49.50489],[31.5656,49.505165],[31.565507,49.50588],[31.565399,49.506701],[31.565326,49.507257],[31.565398,49.507238]]]]},"id":"214"},{"type":"Feature","properties":{"id":"215"},"geometry":{"type":"MultiPolygon","coordinates":[[[[31.637457,49.501117],[31.637412,49.501084],[31.636533,49.501058],[31.634857,49.500932],[31.63453,49.500886],[31.634191,49.500718],[31.632996,49.500127],[31.632799,49.499896],[31.632248,49.499759],[31.63214,49.499777],[31.631986,49.499801],[31.631835,49.499915],[31.631772,49.500162],[31.631602,49.501245],[31.631564,49.501485],[31.631441,49.502265],[31.631324,49.503012],[31.631283,49.503279],[31.631129,49.504283],[31.63105,49.5048],[31.63099,49.505283],[31.630867,49.506289],[31.630829,49.506596],[31.630743,49.507298],[31.630619,49.508317],[31.630566,49.508424],[31.6304,49.509615],[31.63036,49.50976],[31.63043,49.509772],[31.630442,49.509723],[31.630469,49.509618],[31.630634,49.508432],[31.630688,49.508319],[31.630812,49.507302],[31.630898,49.5066],[31.630936,49.506292],[31.631059,49.505288],[31.631118,49.504807],[31.631198,49.504288],[31.631352,49.503282],[31.631393,49.503018],[31.63151,49.50227],[31.631632,49.50149],[31.63167,49.501249],[31.631841,49.500168],[31.631901,49.499928],[31.632017,49.499841],[31.632232,49.499803],[31.632742,49.499922],[31.632939,49.500152],[31.634138,49.500747],[31.634482,49.500918],[31.634836,49.500975],[31.636461,49.501098],[31.63653,49.501103],[31.637457,49.501117]]]]},"id":"215"},{"type":"Feature","properties":{"id":"216"},"geometry":{"type":"MultiPolygon","coordinates":[[[[31.600364,49.435071],[31.600307,49.435096],[31.600869,49.435461],[31.600792,49.435694],[31.600856,49.435899],[31.601166,49.436482],[31.601221,49.436584],[31.601447,49.437073],[31.601584,49.437368],[31.601743,49.437661],[31.602071,49.438246],[31.602237,49.438542],[31.602567,49.43913],[31.602898,49.439721],[31.603401,49.440618],[31.603744,49.441229],[31.603898,49.441536],[31.604394,49.442573],[31.604757,49.443327],[31.605327,49.444517],[31.605858,49.445601],[31.606173,49.44624],[31.606496,49.446904],[31.606876,49.447734],[31.606944,49.447725],[31.606847,49.447514],[31.606758,49.447319],[31.60657,49.446909],[31.606563,49.446893],[31.606532,49.446822],[31.606397,49.446548],[31.606239,49.446227],[31.606081,49.445907],[31.605924,49.445588],[31.605606,49.444941],[31.605476,49.444678],[31.605394,49.444507],[31.605076,49.443843],[31.604825,49.443319],[31.604635,49.442923],[31.604461,49.442561],[31.604288,49.4422],[31.604118,49.441845],[31.603966,49.441528],[31.603853,49.441293],[31.60381,49.441216],[31.603638,49.440909],[31.603468,49.440606],[31.603132,49.440007],[31.602966,49.439711],[31.6028,49.439416],[31.602634,49.43912],[31.602469,49.438825],[31.602303,49.438531],[31.602138,49.438236],[31.601973,49.437942],[31.601809,49.437649],[31.601677,49.437414],[31.601651,49.437357],[31.601514,49.437061],[31.601376,49.436764],[31.601287,49.436571],[31.601231,49.436468],[31.601072,49.436176],[31.60093,49.435917],[31.600921,49.435884],[31.600857,49.435679],[31.600934,49.435447],[31.600364,49.435071]]]]},"id":"216"},{"type":"Feature","properties":{"id":"217"},"geometry":{"type":"MultiPolygon","coordinates":[[[[31.612525393,49.460069361],[31.613497723,49.460737617],[31.613814579,49.460847413],[31.614197474,49.460899375],[31.614342428,49.460919373],[31.614996568,49.460880837],[31.616068019,49.460817486],[31.61660906,49.46078551],[31.617423555,49.46073609],[31.618253482,49.460685848],[31.619377745,49.460617891],[31.620523855,49.460550241],[31.621395375,49.460498747],[31.622871659,49.460411325],[31.623778442,49.460357851],[31.624700062,49.460303518],[31.625326877,49.460266418],[31.62562972,49.460248405],[31.626261113,49.460211169],[31.62689936,49.46017323],[31.628194724,49.460093967],[31.628193228,49.460049021],[31.627865853,49.460069011],[31.627540506,49.460088943],[31.627217351,49.460108657],[31.626896168,49.460128322],[31.626740955,49.460137762],[31.626576763,49.46014749],[31.626259274,49.460166233],[31.625744092,49.46019668],[31.625629205,49.460203467],[31.625316708,49.460221949],[31.625005715,49.460240322],[31.624696417,49.460258619],[31.624388622,49.460276789],[31.624082345,49.460294884],[31.623777722,49.460312895],[31.623474478,49.460330833],[31.623172751,49.460348687],[31.62287410769748,49.46036627549551],[31.622872554,49.460366367],[31.622573585,49.460384064],[31.622276243,49.460401614],[31.621980212,49.460419127],[31.621685573,49.46043652],[31.621392299,49.460453839],[31.621100307,49.460471066],[31.620809778,49.460488281],[31.620520406,49.460505342],[31.619660098,49.460556162],[31.619375843,49.460572954],[31.619274484,49.46057893],[31.618811043,49.460607054],[31.618530719,49.460623975],[31.618251623,49.460640912],[31.617973781,49.460657766],[31.61769718,49.460674546],[31.61742182,49.460691144],[31.617147702,49.460707759],[31.616874811,49.460724326],[31.616650012,49.460737941],[31.616603078,49.460740721],[31.61633242,49.460756737],[31.616062851,49.460772661],[31.615526775,49.460804441],[31.615260254,49.460820207],[31.614994849,49.460835891],[31.614730341,49.460851528],[31.614466868,49.460867119],[31.614343331,49.460874424],[31.61419719,49.460854428],[31.613895568,49.460813095],[31.613818089,49.460802517],[31.613532077,49.46069866],[31.613529468,49.460697718],[31.612567563,49.460033787],[31.612525393,49.460069361]]]]},"id":"217"},{"type":"Feature","properties":{"id":"218"},"geometry":{"type":"MultiPolygon","coordinates":[[[[31.567979,49.442477],[31.568792,49.442102],[31.569373,49.441757],[31.569471,49.441712],[31.57001,49.441461],[31.570705,49.441132],[31.572273,49.440391],[31.573207,49.439952],[31.573827,49.439658],[31.57498,49.439099],[31.575374,49.438907],[31.576179,49.438396],[31.576446,49.438227],[31.576805,49.438061],[31.578033,49.437489],[31.578194,49.437421],[31.57966,49.436903],[31.579716,49.436832],[31.578163,49.437381],[31.577993,49.437453],[31.577388,49.437734],[31.576766,49.438024],[31.576397,49.438195],[31.576137,49.43836],[31.575549,49.438735],[31.57534,49.438868],[31.574941,49.439061],[31.573791,49.43962],[31.573518,49.439752],[31.573177,49.439912],[31.57252,49.440219],[31.572236,49.440352],[31.571715,49.440599],[31.570656,49.4411],[31.569974,49.441423],[31.569432,49.441675],[31.569335,49.44172],[31.568765,49.442061],[31.567956,49.442435],[31.567979,49.442477]]]]},"id":"218"},{"type":"Feature","properties":{"id":"219"},"geometry":{"type":"MultiPolygon","coordinates":[[[[31.641233054,49.467263949],[31.641270364,49.467213157],[31.640229783,49.46735072],[31.638959826,49.467611369],[31.63784258,49.467636215],[31.637502034,49.46756067],[31.637986339,49.467455391],[31.639024821,49.467255704],[31.639633123,49.46692359],[31.640031959,49.466845272],[31.640467659,49.466946615],[31.640986939,49.466639643],[31.641872215,49.466419365],[31.642189454,49.465972694],[31.641519547,49.465212339],[31.641286516,49.464731815],[31.641171343,49.464169983],[31.64119356,49.463956062],[31.641441852,49.463594292],[31.641999985,49.46380147],[31.641956475,49.464183913],[31.641654371,49.464522535],[31.641850073,49.465103033],[31.642549272,49.465496658],[31.642822748,49.465138217],[31.643777258,49.463847022],[31.644069298,49.463451043],[31.64479995,49.4624727],[31.645361301,49.461708628],[31.645985468,49.460884584],[31.646778132,49.459809673],[31.647258415,49.459199013],[31.647177514,49.45920327],[31.6467164,49.4597897],[31.645936183,49.460847719],[31.64592346,49.46086489],[31.645681476,49.461184367],[31.645299292,49.461688925],[31.645084808,49.461980997],[31.644737789,49.462453176],[31.644629885,49.462597684],[31.644338224,49.462988179],[31.644008002,49.463430449],[31.64400715,49.46343143],[31.64371511,49.463827498],[31.643638532,49.463931056],[31.643239839,49.46447037],[31.642760736,49.465118432],[31.642527074,49.465424737],[31.641912579,49.46507877],[31.641727494,49.464529998],[31.642024111,49.464197542],[31.642046754,49.463998816],[31.64207202,49.463776467],[31.641521703,49.463572229],[31.641409996,49.463530664],[31.641241258,49.463776502],[31.641125615,49.463945041],[31.641102068,49.464171452],[31.641218892,49.464741653],[31.641347522,49.465006775],[31.641456044,49.46523048],[31.641854171,49.465682471],[31.642111874,49.465974902],[31.642018251,49.466106739],[31.641821372,49.46638392],[31.641810702,49.466386541],[31.641188145,49.46654151],[31.640950228,49.466600711],[31.640677422,49.466761869],[31.640451868,49.466895249],[31.640033756,49.466797993],[31.639655685,49.466872241],[31.639599609,49.466883242],[31.63901821,49.467200712],[31.638991597,49.467215265],[31.637965704,49.467412528],[31.63774495,49.467460426],[31.636308008,49.467015501],[31.633783015,49.466233604],[31.633739754,49.466269871],[31.634600339,49.466536347],[31.635360498,49.466771671],[31.636064964,49.466989766],[31.63672195,49.467193122],[31.637417094,49.467408351],[31.637651332,49.467480857],[31.637439705,49.467526847],[31.637415888,49.467579357],[31.637832263,49.467681453],[31.638395784,49.467668931],[31.638971596,49.46765605],[31.640100186,49.46742447],[31.640247097,49.467394279],[31.641233054,49.467263949]]]]},"id":"219"},{"type":"Feature","properties":{"id":"220"},"geometry":{"type":"MultiPolygon","coordinates":[[[[31.63032863,49.510537626],[31.630429855,49.509771587],[31.63016494,49.509725976],[31.629008327,49.509723124],[31.62829124,49.50973292],[31.626669628,49.509755032],[31.626498927,49.509757331],[31.625137027,49.509768915],[31.624081131,49.509777881],[31.623094977,49.509786242],[31.62043756,49.509819297],[31.619799033,49.509827826],[31.61959685,49.509830516],[31.617986435,49.509826106],[31.617135972,49.509829692],[31.616654019,49.509841003],[31.615934752,49.509853215],[31.615303091,49.509857657],[31.614722965,49.509858017],[31.614344099,49.509862248],[31.61410909,49.509875292],[31.614058246,49.509879568],[31.614011917,49.509884154],[31.613969662,49.509888871],[31.613862764,49.509914125],[31.613829014,49.509936681],[31.61367816,49.510072884],[31.613623383,49.510401458],[31.612632211,49.510431448],[31.612089844,49.510456277],[31.612050402,49.511247316],[31.611798149,49.51124034],[31.610984182,49.511286005],[31.609802573,49.51124756],[31.609288359,49.511257666],[31.607747163,49.511285983],[31.607073809,49.511258401],[31.605594258,49.511205936],[31.605407514,49.511199308],[31.604575703,49.51119972],[31.603726699,49.511200122],[31.603439639,49.511200262],[31.602883967,49.511194948],[31.602044337,49.511186914],[31.601207191,49.51117889],[31.601206179,49.511223838],[31.602043311,49.511231862],[31.602882943,49.511239895],[31.603439167,49.511245218],[31.603726753,49.511245078],[31.604575757,49.511244667],[31.60540565,49.511244266],[31.605590502,49.511250823],[31.607069764,49.51130328],[31.60714185,49.511306126],[31.607780018,49.511332275],[31.609290379,49.511302638],[31.6098019,49.511292552],[31.610985416,49.51133105],[31.611799646,49.511285384],[31.611868678,49.511287287],[31.612117147,49.511294159],[31.612156826,49.510498273],[31.612636235,49.510476328],[31.613686793,49.510444544],[31.613734184,49.510099191],[31.613882049,49.509965688],[31.613901198,49.509952902],[31.613987409,49.509932515],[31.614022942,49.509928551],[31.614067849,49.509924119],[31.614116457,49.509920016],[31.614347642,49.509907183],[31.614723581,49.509902999],[31.615303486,49.509902622],[31.615936031,49.509898188],[31.616656156,49.509885957],[31.617137446,49.509874665],[31.617987979,49.509871069],[31.619596614,49.509875481],[31.61980044,49.509872762],[31.620438926,49.509864243],[31.623096084,49.509831188],[31.624082032,49.509822827],[31.625137915,49.509813861],[31.626500092,49.509802286],[31.626671055,49.50979995],[31.628292696,49.509777847],[31.629008929,49.509768079],[31.630155821,49.509770915],[31.630356099,49.509805387],[31.630259841,49.510533765],[31.630151912,49.511350566],[31.630065557,49.512003919],[31.63004169,49.512168898],[31.629923141,49.512988004],[31.629780257,49.513975047],[31.629708454,49.514479003],[31.629643714,49.514933535],[31.629578959,49.515388059],[31.629514202,49.515842555],[31.629449458,49.516297034],[31.629384699,49.516751503],[31.629319953,49.517205954],[31.6293092,49.517281447],[31.629255247,49.517660387],[31.629190553,49.518114802],[31.629158213,49.518342019],[31.629125858,49.518569217],[31.628996078,49.519477967],[31.628866044,49.520386527],[31.628801025,49.520840717],[31.628736176,49.521296822],[31.62880493,49.521297906],[31.628869774,49.520844885],[31.628934792,49.520390695],[31.629064797,49.51948217],[31.629140634,49.518952513],[31.629194604,49.518573394],[31.629226971,49.518346168],[31.629259311,49.518118961],[31.629324004,49.517664537],[31.629377957,49.517285596],[31.62938871,49.517210103],[31.629453456,49.516755652],[31.6295182,49.516301183],[31.629582957,49.515846713],[31.629647699,49.515392208],[31.629712454,49.514937684],[31.629777221,49.514483107],[31.629848996,49.513979232],[31.629991892,49.512992242],[31.630110427,49.512173128],[31.630134334,49.512007951],[31.630220688,49.511354418],[31.63032863,49.510537626]]]]},"id":"220"},{"type":"Feature","properties":{"id":"221"},"geometry":{"type":"MultiPolygon","coordinates":[[[[31.663227052,49.440860351],[31.663266835,49.440823682],[31.661758502,49.440142243],[31.66127506,49.439924733],[31.65946658,49.438938525],[31.657928654,49.437816869],[31.657746847,49.437652612],[31.656710635,49.436716062],[31.655682399,49.435786639],[31.655047192,49.435298336],[31.654220438,49.434900971],[31.653225827,49.434653258],[31.651791047,49.434666827],[31.65179302,49.434711808],[31.653224285,49.434698226],[31.653995972,49.434891496],[31.654180972,49.434937834],[31.654863406,49.435265818],[31.655003238,49.435333021],[31.655618786,49.435804303],[31.655638807,49.43582242],[31.656467008,49.436571586],[31.657414566,49.437428694],[31.65787388,49.437844152],[31.658457946,49.438270118],[31.659419269,49.438971273],[31.659509851,49.439020664],[31.659929778,49.439249687],[31.660316642,49.439460664],[31.660677057,49.439657209],[31.661232639,49.439960191],[31.661596524,49.440123605],[31.661654382560176,49.44014958552702],[31.661712227,49.440175566],[31.661712241,49.440175566],[31.662536062,49.440545521],[31.662635831,49.440590319],[31.663160035,49.44082974],[31.663227052,49.440860351]]]]},"id":"221"},{"type":"Feature","properties":{"id":"222"},"geometry":{"type":"MultiPolygon","coordinates":[[[[31.632159162,49.45401902],[31.632221198,49.454013464],[31.633147465,49.453929684],[31.63395297,49.453781631],[31.634166448,49.453742389],[31.634684883,49.453727563],[31.634888426,49.453721806],[31.635468697,49.45381489],[31.635868241,49.453879016],[31.63624884,49.453915047],[31.636594315,49.453947746],[31.636629594,49.453957271],[31.637026335,49.454063997],[31.637118716,49.454088875],[31.637635343,49.45428002],[31.637993578,49.454435278],[31.638589859,49.454693731],[31.639154446,49.45501372],[31.639565703,49.455103004],[31.640777386,49.45538078],[31.640862667,49.455400368],[31.64129201,49.455498794],[31.641470754,49.455539055],[31.641798433,49.455612967],[31.642214611,49.455855591],[31.642510166,49.455904725],[31.642750728,49.455990934],[31.64314937,49.456528076],[31.643252482,49.456650051],[31.643422953,49.456674782],[31.643712445,49.456652826],[31.644112243,49.456490711],[31.644362516,49.456439239],[31.644873985,49.456485922],[31.645032232,49.45719778],[31.645042211,49.457242355],[31.645047971,49.457268387],[31.645116228,49.457261963],[31.644937376,49.45645725],[31.644868253,49.456441117],[31.644359916,49.456394322],[31.644087445,49.456448762],[31.643691506,49.45660999],[31.643423815,49.456629833],[31.643290911,49.456612725],[31.643212766,49.456510384],[31.642803152,49.455961729],[31.642539386,49.455864003],[31.642252211,49.455817907],[31.641823125,49.455571002],[31.641483855,49.455494928],[31.63958547,49.455059938],[31.639194838,49.454977275],[31.638635763,49.454660184],[31.637687215,49.454250395],[31.637142431,49.454046659],[31.636600439,49.453902971],[31.635873041,49.453834171],[31.634884731,49.453676917],[31.634161785,49.45370143],[31.633137484,49.453885206],[31.632153794,49.45398217],[31.632090217,49.453989292],[31.632159162,49.45401902]]]]},"id":"222"},{"type":"Feature","properties":{"id":"223"},"geometry":{"type":"MultiPolygon","coordinates":[[[[31.598725,49.530808],[31.598794,49.530808],[31.598992,49.529372],[31.599003,49.52929],[31.599074,49.528684],[31.599145,49.528086],[31.599215,49.527489],[31.599284,49.526893],[31.599354,49.526298],[31.599457,49.525444],[31.599529,49.524859],[31.599565,49.524561],[31.599601,49.524264],[31.599674,49.52367],[31.599746,49.523076],[31.599818,49.522482],[31.599831,49.522379],[31.599895,49.521888],[31.600049,49.520699],[31.600115,49.520193],[31.600116,49.520181],[31.600155,49.519799],[31.600186,49.519485],[31.600218,49.519174],[31.600254,49.518814],[31.600297,49.518392],[31.600301,49.518347],[31.600232,49.518346],[31.600149,49.519179],[31.59998,49.520703],[31.599826,49.521894],[31.599749,49.522486],[31.599605,49.523672],[31.59946,49.524855],[31.599285,49.526296],[31.599185,49.527153],[31.599076,49.528089],[31.598923,49.529367],[31.598725,49.530808]]]]},"id":"223"},{"type":"Feature","properties":{"id":"224"},"geometry":{"type":"MultiPolygon","coordinates":[[[[31.628908,49.470179],[31.628956,49.470212],[31.629496,49.469743],[31.629873,49.469416],[31.630316,49.469031],[31.630365,49.468991],[31.630804,49.468626],[31.631614,49.467954],[31.631733,49.46786],[31.63178,49.467824],[31.632626,49.467158],[31.633525,49.46645],[31.63374,49.46627],[31.633783,49.466234],[31.634171055759168,49.465908953220236],[31.634171,49.465909],[31.634556,49.465586],[31.634939,49.465264],[31.635235,49.465017],[31.635332,49.464941],[31.635742,49.464622],[31.635635,49.464635],[31.63518,49.464989],[31.634943,49.465188],[31.634609,49.465468],[31.63393,49.466037],[31.633672,49.466254],[31.63347,49.466422],[31.633329,49.466534],[31.632472,49.467209],[31.632243,49.467389],[31.63219,49.46743],[31.632154,49.467459],[31.631813,49.467727],[31.631643,49.467861],[31.631559,49.467927],[31.631293,49.468147],[31.63054,49.468772],[31.630414,49.468876],[31.630277,49.46899],[31.630128,49.46912],[31.629957,49.469269],[31.629826,49.469383],[31.629452,49.469708],[31.628908,49.470179]]]]},"id":"224"},{"type":"Feature","properties":{"id":"225"},"geometry":{"type":"MultiPolygon","coordinates":[[[[31.561879084,49.555922064],[31.563265161,49.555432029],[31.564518183,49.554938833],[31.564577927,49.554915315],[31.564857829,49.554805099],[31.56498233,49.554798816],[31.565187679,49.554821611],[31.565385088,49.554797404],[31.566255572,49.554351805],[31.566284971,49.554354108],[31.566369941,49.554406405],[31.566494357,49.554419102],[31.566801607,49.554302266],[31.566897349,49.554165923],[31.566924021,49.554043044],[31.566955072,49.553928838],[31.566944222,49.553867246],[31.566753088,49.553664211],[31.566825524,49.553575597],[31.566885956,49.553501458],[31.566770773,49.55329391],[31.566523219,49.553135915],[31.566303817,49.553089359],[31.566256558,49.553052657],[31.56696205,49.552669023],[31.567770743,49.552229311],[31.568586533,49.551785686],[31.568546888,49.551748684],[31.567974352,49.552060023],[31.567282687,49.55243613],[31.566688357,49.552759245],[31.566212163,49.553018129],[31.565411927,49.552396657],[31.565272005,49.552305979],[31.565141502,49.552315169],[31.565089631,49.55235377],[31.563628171,49.553439072],[31.563569901,49.553457482],[31.563286971,49.553488278],[31.563148281,49.553549377],[31.563008607,49.553641396],[31.56299942,49.553644377],[31.562168087,49.552974886],[31.561206102,49.552200307],[31.560442726,49.551585568],[31.560019192,49.551244502],[31.559968844,49.551275566],[31.560932824,49.552051791],[31.561538881,49.552539816],[31.562138558,49.553022753],[31.562936413,49.55366518],[31.562896227,49.553678518],[31.561125671,49.554992357],[31.561101893,49.55506518],[31.561093384,49.555091096],[31.561624169,49.555578055],[31.561211206,49.55578025],[31.561048098,49.555896798],[31.561065934,49.555946932],[31.561088374,49.556009246],[31.561271398,49.556136878],[31.561879084,49.555922064]],[[31.566674925572084,49.55366349043577],[31.5667628293445,49.55376598358947],[31.56690166402856,49.55390797105694],[31.566891863933208,49.55401287198047],[31.566787329582866,49.554254461129226],[31.566588060977526,49.55434664614732],[31.566475359881046,49.554385851217226],[31.566378992276835,49.55436571888796],[31.5663022248633,49.55431803702239],[31.566215657354416,49.55432863299654],[31.56548718360045,49.55470055023276],[31.56537121580553,49.55475035090124],[31.56523564781993,49.55477048307194],[31.565082112992865,49.55476306595738],[31.564941644959582,49.5547673043087],[31.5648077103232,49.554765185133085],[31.563862001122423,49.555143456523176],[31.561297642840522,49.556084354164625],[31.561247009014572,49.556056805617416],[31.561168608251812,49.556015482767435],[31.561158731415606,49.555984362330825],[31.561151812,49.555987194],[31.561123504,49.555906945],[31.561257962,49.555813717],[31.561719489,49.555587733],[31.561167367,49.555081176],[31.561189686,49.555013201],[31.562939475,49.553714747],[31.56296785,49.553705264],[31.563049908,49.553678507],[31.563192951,49.553584355],[31.563313368,49.553531295],[31.563591323,49.553500996],[31.563671144,49.553475751],[31.565175929,49.552358244],[31.565246501,49.552353242],[31.565360627,49.552427265],[31.566263266,49.553128332],[31.566486111,49.553175624],[31.56671073,49.553318957],[31.566810147,49.553497968],[31.566674925572084,49.55366349043577]]]]},"id":"225"},{"type":"Feature","properties":{"id":"226"},"geometry":{"type":"MultiPolygon","coordinates":[[[[31.627605557441633,49.539037349625886],[31.627669930457994,49.53903386849499],[31.627584099769514,49.53848036552806],[31.627519726753153,49.53809395408042],[31.627471446990892,49.53778412647843],[31.627428531646647,49.537526515516014],[31.627390980720445,49.53727934696478],[31.6273480653762,49.53703217716346],[31.62731051445,49.53678152482071],[31.627272963523787,49.536534352501604],[31.62723541259758,49.536283697605604],[31.62719249725334,49.53603652276871],[31.627154946327135,49.535782383956956],[31.62710666656486,49.535493430003875],[31.627053022384565,49.535162697478924],[31.626956462860033,49.53453604024138],[31.62690281867973,49.534194856811745],[31.626849174499434,49.533878041494496],[31.626800894737165,49.53357863172484],[31.626757979392927,49.533310553979476],[31.626715064048692,49.53304595632146],[31.626580953597944,49.53221037536608],[31.626489758491438,49.53164286848877],[31.626452207565233,49.53137478012644],[31.62640929222099,49.53111365368467],[31.626355648040693,49.530793336677675],[31.626296639442366,49.530793336677675],[31.626323461532518,49.53096394056222],[31.626355648040693,49.531197214297805],[31.62639856338493,49.531433968592665],[31.62643611431114,49.53166724008516],[31.62646830081932,49.531903992103445],[31.626511216163557,49.53213726135287],[31.62654340267174,49.5323740110946],[31.626580953597944,49.532607278100954],[31.626602411270067,49.53272913355713],[31.626656055450365,49.53307729032941],[31.626693606376573,49.533310553979476],[31.62673652172081,49.533543816516314],[31.626768708228987,49.533780559445276],[31.6268062591552,49.53402426420379],[31.626849174499434,49.53428537509661],[31.626897454261698,49.53457433619195],[31.626945734023973,49.53487025843463],[31.626988649368204,49.53513136480788],[31.627020835876387,49.535357655869696],[31.6270583868026,49.53558046450688],[31.6270959377288,49.53579979076704],[31.627160310745165,49.5362454029944],[31.627197861671373,49.536464726270566],[31.62723541259758,49.53668752986075],[31.627267599105753,49.53691033243519],[31.627374887466353,49.537589177766996],[31.62748217582695,49.53828193840956],[31.627605557441633,49.539037349625886]]]]},"id":"226"},{"type":"Feature","properties":{"id":"227"},"geometry":{"type":"MultiPolygon","coordinates":[[[[31.631575226783674,49.538090472882324],[31.631494760513228,49.53808699168397],[31.63106560707085,49.535451653387376],[31.63094758987419,49.53474144544332],[31.630604267120287,49.53211637161473],[31.63046479225151,49.530873416126205],[31.63043797016136,49.53074807432265],[31.630368232726976,49.530751556043754],[31.63039505481712,49.53087689783838],[31.630411148071207,49.53102661122742],[31.630443334579393,49.531305146545044],[31.63047552108757,49.53159412525953],[31.63050234317772,49.53187613898434],[31.630529165267866,49.53211985323836],[31.630534529685896,49.53215815108209],[31.630577445030134,49.53244364315335],[31.630614995956343,49.5327500230334],[31.63065791130058,49.5330598825497],[31.630695462226793,49.53336625856706],[31.630738377571028,49.53368655871368],[31.63077592849724,49.533996412292886],[31.630818843841475,49.53429930097172],[31.630856394767687,49.53458826198472],[31.630877852439802,49.53474492687998],[31.630904674529955,49.53491203554808],[31.630952954292216,49.535211437149535],[31.631006598472514,49.535531725204294],[31.631103157997053,49.536137481655935],[31.63115143775932,49.53640554389617],[31.63119435310356,49.53667012336684],[31.6312372684478,49.536927738843545],[31.631280183792036,49.537188834224864],[31.63136601448051,49.53770405835177],[31.63140356540672,49.537961668378294],[31.631430387496874,49.538128766047784],[31.63151621818535,49.538132247243155],[31.631521582603376,49.53821231466827],[31.631548404693522,49.538459478500904],[31.631569862365648,49.53869967877429],[31.63161814212791,49.539124377817714],[31.631676126540878,49.53915042778811],[31.631687879562303,49.539155707928835],[31.631575226783674,49.538090472882324]]]]},"id":"227"},{"type":"Feature","properties":{"id":"228"},"geometry":{"type":"MultiPolygon","coordinates":[[[[31.6178799673257,49.539187814954516],[31.61787986755365,49.53918703801986],[31.6187918216413,49.539102046479286],[31.618888,49.539093],[31.619929,49.538995],[31.620962,49.538898],[31.621188264735228,49.53887680837602],[31.62198901176445,49.53880063216],[31.62234797506395,49.538767938361644],[31.622909,49.538715],[31.622902,49.53867],[31.620876585071983,49.538860423625714],[31.617874503135603,49.539145264560695],[31.61787413112734,49.539142705620506],[31.617871,49.539143],[31.617878,49.539188],[31.6178799673257,49.539187814954516]]]]},"id":"228"},{"type":"Feature","properties":{"id":"229"},"geometry":{"type":"MultiPolygon","coordinates":[[[[31.623045,49.538467],[31.622948,49.537801],[31.62292656054136,49.537662859158246],[31.622847318649217,49.53717839043638],[31.622826377301575,49.53701984025471],[31.622813,49.536935],[31.622793660091336,49.53681327233958],[31.62277758121483,49.536722342829954],[31.62274686401661,49.53651967751582],[31.622745,49.536508],[31.622744103785923,49.53650244347273],[31.622707843780443,49.53629066025897],[31.622709925034158,49.536290521646514],[31.622668,49.536023],[31.622624,49.535749],[31.62259134647766,49.535544915485374],[31.622579097747725,49.53547602308468],[31.622536182403483,49.53519751153432],[31.622534595765835,49.535187214534965],[31.622497,49.534952],[31.62248925577681,49.53490209278388],[31.62247717380516,49.53483544414613],[31.622467509606988,49.534766452884405],[31.62246,49.534721],[31.62243509268735,49.53456394555634],[31.622423529624864,49.534494262806525],[31.622385978698656,49.534267967747155],[31.622387973696725,49.534267834873866],[31.622352458509692,49.53404487842196],[31.622348427772444,49.53404515312655],[31.62232420281593,49.53387221179459],[31.622315,49.533816],[31.622305640047703,49.53376033291529],[31.622273325920023,49.533592557801306],[31.6222544977404,49.53346017927155],[31.622238,49.533365],[31.62221531185471,49.53323006524116],[31.62219822406761,49.53313995828506],[31.622160673141405,49.532917138522166],[31.622123122215196,49.532690836160775],[31.6221146591967,49.53263983315951],[31.622085,49.532465],[31.622047,49.53224],[31.622009,49.532016],[31.62200117466392,49.531969871703126],[31.62196755409233,49.5317925795318],[31.621947235299885,49.5316519133467],[31.621933,49.531568],[31.62191496528993,49.53146216472774],[31.621892452239916,49.5313434450271],[31.621854901313704,49.531124098769126],[31.621822714805525,49.53092912349128],[31.621833443641584,49.53083163556073],[31.62183692073607,49.53083160362531],[31.621837,49.530831],[31.621775,49.530828],[31.621762,49.53093],[31.621947,49.532021],[31.6221,49.532918],[31.622362,49.534499],[31.622606,49.536027],[31.622789,49.53718],[31.622886,49.537805],[31.623071,49.539076],[31.623134,49.539076],[31.623045,49.538467]]]]},"id":"229"},{"type":"Feature","properties":{"id":"230"},"geometry":{"type":"MultiPolygon","coordinates":[[[[31.620696307,49.522941281],[31.620696304643182,49.52294130016449],[31.620696377,49.522941317],[31.6206669257572,49.523180194993955],[31.620641005,49.52339097],[31.620582523777543,49.523865004476576],[31.620583,49.523865],[31.620529,49.524303],[31.620528507442778,49.524303004409646],[31.620528507,49.524303008],[31.620470152,49.52477623],[31.62047010919821,49.524776577761244],[31.620468040568404,49.52479338521802],[31.620467540210846,49.52479745058438],[31.620465397332286,49.52481486130655],[31.62046367064085,49.524828890540626],[31.62046325445449,49.52483227202253],[31.620461749444594,49.52484450011125],[31.620460152625956,49.52485747413888],[31.620458540126016,49.52487057557587],[31.62045810333985,49.52487412442962],[31.620457467538525,49.5248792902661],[31.62045478820793,49.52490105961945],[31.62045478820793,49.524908879099186],[31.62045318563748,49.52491408038013],[31.620449423789896,49.524944645100085],[31.620449423789896,49.524947182592484],[31.62044890374146,49.52494887045333],[31.62044405937187,49.52498823058066],[31.62044405937187,49.52500637884131],[31.620439769232775,49.52502308762821],[31.620438694953844,49.52503181606124],[31.620438694953844,49.525044682258226],[31.62043565346486,49.52505652792343],[31.620433330534095,49.525075401555796],[31.620433330532773,49.52508298564515],[31.620432316049893,49.5250836441613],[31.620431537702235,49.52508996817569],[31.620427966117784,49.525118987022445],[31.620427581250652,49.525122114038055],[31.62042725422158,49.52512477112392],[31.620426598794214,49.52513009642044],[31.62042260169975,49.52516257250308],[31.620422111348745,49.52516655656699],[31.62042165989397,49.52517022460203],[31.62041723728172,49.525206157983675],[31.620417064696767,49.525207560223045],[31.620416968480306,49.525208341974334],[31.620414825619754,49.52522575255019],[31.620412605263798,49.525243792770205],[31.620412108,49.525247833],[31.620356837,49.525695633],[31.620300901,49.526148819],[31.62024463,49.526606322],[31.620206052600178,49.526918732509024],[31.62018792,49.527065785],[31.620187894081948,49.52706578523809],[31.620187893,49.527065794],[31.620131305,49.527525005],[31.62007569642806,49.52797599708792],[31.620075706,49.527975997],[31.62006892901997,49.52803095565191],[31.620022476,49.528408204],[31.619969461,49.528838037],[31.619916431,49.52926778],[31.6198634,49.529697523],[31.619810506,49.530127356],[31.619757487,49.530557099],[31.619826844,49.530556362],[31.619870189,49.530204412],[31.619913508,49.529853181],[31.61995684,49.52950186],[31.619978499,49.529326339],[31.620026049818,49.528940936211995],[31.620047214,49.528769399],[31.620122575,49.528157391],[31.620205507,49.527485016],[31.620278427,49.526893222],[31.620344698,49.526356227],[31.620399182,49.525913994],[31.620443631,49.525553599],[31.620533347589276,49.52482593888448],[31.62053334,49.524825939],[31.62057975,49.524449377],[31.620579755440314,49.524449376917204],[31.620623499564772,49.52409491866787],[31.6206264495849,49.52406619465433],[31.620627045199875,49.52406618841835],[31.620628395,49.524055251],[31.620681264,49.523626308],[31.620763705,49.52295699],[31.620696307,49.522941281]]]]},"id":"230"},{"type":"Feature","properties":{"id":"231"},"geometry":{"type":"MultiPolygon","coordinates":[[[[31.524635553359925,49.49221461538677],[31.524490714073124,49.491744210342944],[31.524476062367803,49.491685204092455],[31.524460565,49.49163425],[31.524442593654953,49.49157492353424],[31.524426341056767,49.491528170956144],[31.524394154548585,49.491416666383444],[31.52435660362238,49.491305161556745],[31.524324417114205,49.491190171938186],[31.52430832386011,49.49113441929862],[31.524254679679817,49.4909567073362],[31.524222850531057,49.49085923842935],[31.524213,49.490842],[31.52421688606952,49.49084131673503],[31.52421662120765,49.49084088000182],[31.524212625,49.490841581],[31.52415461985149,49.490738645386266],[31.524147391319218,49.49072672619185],[31.524083018302864,49.49061521979352],[31.52402704473031,49.49051220278971],[31.524019071,49.490498048],[31.524019329213516,49.49049800270586],[31.524019299242667,49.49049794754578],[31.524019,49.490498],[31.524009711454383,49.490481423518595],[31.52388453483576,49.49026676066165],[31.523842004638894,49.49018388062387],[31.523822452,49.490149183],[31.52378762937394,49.49008738561103],[31.523755788803044,49.490033291655585],[31.52371918265594,49.48996591878204],[31.523689561,49.489913352],[31.523690486728164,49.48991318961204],[31.523690482385497,49.48991318201725],[31.523689616,49.489913334],[31.523622549,49.489794439],[31.52362258230184,49.489794433157705],[31.5236216783523,49.48979285226161],[31.523551940917912,49.48967437444474],[31.5234768390655,49.489559380995324],[31.523425080869405,49.489468861646124],[31.523405,49.489437],[31.52340665268476,49.489436709705004],[31.523406465324314,49.48943641413016],[31.523405229,49.489436631],[31.5233306,49.489316955],[31.52333076057342,49.48931692683091],[31.523317835948617,49.48929593751779],[31.523256,49.489197],[31.523256823888296,49.48919685524206],[31.52325672016802,49.48919668680255],[31.523255653,49.489196874],[31.52318054339835,49.489076508843425],[31.523180514,49.489076514],[31.523105195,49.48895584],[31.523087416260175,49.48892731208639],[31.523026227950993,49.488834567581904],[31.522951126098576,49.48871608744577],[31.52291444272438,49.48865009814595],[31.522878301,49.48859218],[31.522878327821697,49.488592175295125],[31.522802362,49.488470525],[31.52274431772607,49.48837742692365],[31.522725820541325,49.488350191097574],[31.522617716013297,49.48817462819145],[31.522573914297105,49.48810435168553],[31.522573884,49.488104357],[31.52249744714037,49.4879818658526],[31.522497395,49.487981875],[31.52243208880982,49.487877090080815],[31.52242004871363,49.48785884027091],[31.522372834242162,49.48778216279179],[31.522344167,49.487736228],[31.52234444437447,49.48773617934501],[31.52234443859076,49.48773617136105],[31.522344167,49.487736219],[31.522331864821375,49.48771881423113],[31.522302031516972,49.48767763162912],[31.522173285484257,49.487496422316596],[31.522087454795784,49.487374454132436],[31.522075982942525,49.48735706542299],[31.522002734,49.487253508],[31.521918022,49.487133751],[31.521833725,49.487014435],[31.52177270354369,49.48692812675295],[31.521749496459904,49.48689703288901],[31.521720179533446,49.48685386435529],[31.52166592,49.48677717],[31.521667793806465,49.48677684129682],[31.521667693515266,49.486776702849674],[31.521666,49.486777],[31.521582,49.486659],[31.521582302025237,49.486658947106164],[31.521499331,49.486541621],[31.5214165,49.48642448],[31.52141774934577,49.48642426084454],[31.521417743149858,49.486424252291336],[31.521416445,49.48642448],[31.521333904,49.486307771],[31.521251668,49.486191484],[31.521251933343667,49.486191437456846],[31.52125060558313,49.48618960453007],[31.521170139312684,49.486078087796955],[31.521138068457528,49.48603086337346],[31.521088054683258,49.485960154793545],[31.521088025,49.48596016],[31.521006949,49.485845375],[31.520926137,49.485731219],[31.52092729538127,49.48573101579152],[31.520848274230897,49.48561807858796],[31.520846801033578,49.485617121541644],[31.520845601,49.485617332],[31.52084430655455,49.48561550103098],[31.52084290981287,49.48561459365322],[31.520762443542424,49.48550656055307],[31.52068734169001,49.48539155731354],[31.520606875419563,49.48527655380389],[31.520531773567143,49.4851650349911],[31.52053093452872,49.485163835820195],[31.52053,49.485164],[31.520451,49.485051],[31.520451877389807,49.48505084573811],[31.52045165387731,49.48505052628947],[31.52045096,49.485050648],[31.520372483,49.484937956],[31.52032104461528,49.4848640847664],[31.520306468009895,49.484844416989404],[31.521078349739934,49.48470164216195],[31.521060106,49.484659852],[31.521061343200824,49.48465967094119],[31.521036028861943,49.484600467103384],[31.520991535199745,49.484607137582934],[31.52096722,49.484611676],[31.52096670053538,49.484611772611984],[31.520993113517704,49.484666682192625],[31.520223763826504,49.484815930544265],[31.520395166779263,49.48506735330967],[31.5203976631164,49.48507094079522],[31.520405658536266,49.48508274573912],[31.520516802,49.485245809],[31.520516772851785,49.48524581092531],[31.520576086,49.485332825],[31.5206348243612,49.485419011687405],[31.520635,49.485419],[31.520752,49.48559],[31.520751595608765,49.485590026777594],[31.520751714706364,49.48559019910305],[31.520754452807157,49.48559446816794],[31.5207803,49.485632422],[31.520832117336667,49.48570572927442],[31.520869731903023,49.48575747577437],[31.520890248004914,49.4857879397678],[31.52098675,49.485924331],[31.52098229931309,49.48592462511195],[31.520982323108548,49.4859246604454],[31.520986764,49.485924367],[31.521102156,49.486087519],[31.521099777647258,49.48608767615999],[31.521100100723572,49.48608812454272],[31.521102,49.486088],[31.521216,49.486248],[31.521212616723318,49.486248224510575],[31.52121278119859,49.4862484585593],[31.521215892,49.486248253],[31.52132781115779,49.48640669907756],[31.521327888,49.486406694],[31.521419631651614,49.48653641546095],[31.521438360214177,49.48656248676174],[31.521500956433524,49.486651947621674],[31.521546967336246,49.48671695385121],[31.521547298,49.486716932],[31.521654702517782,49.4868687846263],[31.521654712,49.486868784],[31.521708004,49.486944048],[31.521760897,49.487018855],[31.521760156495368,49.48701890393512],[31.521760225295964,49.487019002262585],[31.521760258825267,49.487019049092346],[31.521761,49.487019],[31.5218454302871,49.48713800649991],[31.521867513656556,49.487168849934136],[31.521900870514745,49.487216750257375],[31.521969375,49.487313557],[31.522122682,49.487530478],[31.522228870026684,49.48768052322076],[31.522275209426823,49.48774384255677],[31.522279442899972,49.48775209288416],[31.522280273,49.487753269],[31.522289717269253,49.48776840359084],[31.52236640453333,49.48788671846397],[31.5224038129488,49.48795152060036],[31.52245,49.488025],[31.522446368912856,49.48802523977164],[31.52244646314453,49.488025403008],[31.522450019,49.488025168],[31.52252628887376,49.48814749850052],[31.522538065910283,49.48816549952133],[31.522579348797578,49.48823254326546],[31.522623758,49.48830371],[31.522709876,49.488441762],[31.522708243822454,49.488441869832336],[31.52270824493912,49.488441871645804],[31.522709904,49.488441762],[31.522795538,49.488579015],[31.522795522859415,49.48857901600057],[31.52285478575524,49.488673964107235],[31.522967219352658,49.48885199110716],[31.52305305004114,49.488984409696364],[31.523133516311592,49.48912031261286],[31.523219347000065,49.489252730476274],[31.523299813270512,49.489385147981515],[31.523385643958985,49.489521049785495],[31.523466110229432,49.48964998191744],[31.523503661155644,49.489712705534515],[31.523518522523812,49.48974028755888],[31.523541413,49.489780825],[31.523576310936544,49.4898426544651],[31.523616313934266,49.48991132979173],[31.523691415786686,49.490043745515486],[31.523728299850603,49.490111936871536],[31.523762777504114,49.490173014764224],[31.523763,49.490173],[31.523837,49.490304],[31.523836703158963,49.49030401952359],[31.52387125276356,49.49036517300907],[31.523986458778325,49.49056295108187],[31.524036413759365,49.49065780310755],[31.524056998,49.490694292],[31.524055677055614,49.4906943792934],[31.524055678475666,49.49069438198973],[31.52405704,49.490694292],[31.524102736139913,49.49077526118267],[31.524131298065125,49.490824294082024],[31.524158120155278,49.4908800470748],[31.524165783606463,49.49090194999765],[31.524195671081486,49.490960191890686],[31.524186172306063,49.49096080889987],[31.524208956056704,49.491036779954634],[31.524266062,49.491225073],[31.52426543835644,49.49122511422212],[31.524265451949887,49.49122515837102],[31.524266063,49.491225118],[31.524307911,49.491362855],[31.524307869825343,49.49136285772228],[31.524309170818306,49.49136714888881],[31.524394154548585,49.49164315978071],[31.524431886023482,49.491771830878726],[31.52443719,49.491789336],[31.524449056105496,49.49182843727212],[31.52457118034357,49.49222506878085],[31.52457118034357,49.49223900663614],[31.52459263801569,49.49239580723469],[31.524598357444237,49.49245400956975],[31.524611819,49.492560477],[31.524608911577914,49.49256066931803],[31.52460891728918,49.49256070394216],[31.524611806,49.492560513],[31.524621398105502,49.49263636802567],[31.524624631808535,49.49265597212609],[31.524689132840408,49.492653126492336],[31.524635553359925,49.49221461538677]]],[[[31.521335945253767,49.48630741294779],[31.521333904,49.486307771],[31.52133594525934,49.48630741295548],[31.521335945253767,49.48630741294779]]]]},"id":"231"},{"type":"Feature","properties":{"id":"232"},"geometry":{"type":"MultiPolygon","coordinates":[[[[31.522610099,49.484431644],[31.522569791,49.484438854],[31.523401152,49.485704514],[31.524577778,49.487453761],[31.526096837,49.489702841],[31.527455989,49.491725053],[31.52798164,49.492505079],[31.52798141,49.49258636],[31.527035625,49.495094209],[31.526191182,49.497373703],[31.526189141,49.497379179],[31.526095139,49.497364446],[31.526097483,49.49735808],[31.524242038483294,49.497048834748206],[31.524242,49.497049],[31.524237192120136,49.497067544679474],[31.524235309,49.497075509],[31.526055929,49.497379038],[31.526001533,49.49752532],[31.525946986,49.49767223],[31.525892024,49.497819681],[31.525837049,49.497967661],[31.525836927302258,49.497967987870275],[31.525837,49.497968],[31.525782,49.498116],[31.525781831068606,49.498115971891615],[31.525781783,49.498116101],[31.525726215,49.4982657],[31.52567037,49.49841574],[31.525614662,49.498565608],[31.525557796,49.498718166],[31.525501936,49.498868655],[31.525446669,49.499017004],[31.52539227,49.499163285],[31.525338601,49.499307498],[31.525285662,49.499449751],[31.52528565500016,49.499449769831514],[31.525285704,49.499449778],[31.525233454,49.49959025],[31.525233438237944,49.49959024737233],[31.525181839,49.499728959],[31.52513094,49.499865915],[31.525080619,49.500001262],[31.525030754,49.500134999],[31.524981700858877,49.50026695014315],[31.524982,49.500267],[31.524933,49.500398],[31.524932992421334,49.50039799873689],[31.524884905,49.500527227],[31.524837368,49.500655047],[31.524790259,49.500781609],[31.524789359718643,49.500784024140565],[31.524743342,49.500907694],[31.52474331286215,49.50090768914261],[31.524743301,49.500907721],[31.524689918,49.501051313],[31.524620638,49.501237661],[31.524457898139726,49.5016749294353],[31.524453646,49.501686358],[31.524479443,49.501701772],[31.524488861,49.501706796],[31.524504348950167,49.50166507965726],[31.524504,49.501665],[31.524578,49.501467],[31.524578061218186,49.501467013946794],[31.524578113623516,49.50146687313362],[31.524578078,49.501466865],[31.524649137,49.501275841],[31.524668902524958,49.50122270528374],[31.524717852,49.501091021],[31.524784498,49.500911848],[31.524849241,49.500737872],[31.52491210549171,49.500569024077535],[31.524912,49.500569],[31.52492378680387,49.500537631892925],[31.524973652,49.500403624],[31.525033445,49.500242911],[31.52509118155739,49.50008753386709],[31.525091169,49.500087531],[31.525147031,49.499937356],[31.525147043904028,49.499937358946305],[31.525147045,49.499937356],[31.525147163530175,49.49993703734569],[31.525147,49.499937],[31.525201,49.499792],[31.525201104367163,49.49979202380876],[31.52520114873272,49.499791904537226],[31.525201142,49.499791903],[31.525209612713006,49.499769129293],[31.525253654,49.499650621],[31.52528057749711,49.499578333204184],[31.525305104,49.499512388],[31.52530513597793,49.4995123953012],[31.525355589,49.4993767],[31.52540517269125,49.4992435135737],[31.525405122,49.499243502],[31.52558297550847,49.498765359453394],[31.52562699,49.498646994],[31.525670001,49.498531367],[31.525712723,49.498416638],[31.525712733127843,49.49841661070532],[31.525712695,49.498416602],[31.525728586413226,49.49837388586325],[31.52575503,49.49830262],[31.525797172,49.498189421],[31.525821532894884,49.49812397573159],[31.525839011,49.498076994],[31.525880546,49.497965305],[31.525921819,49.497854353],[31.525921850054168,49.49785436009026],[31.525962816,49.497744121],[31.526003509,49.49763459],[31.526044037,49.497525769],[31.526044042155135,49.497525755145176],[31.526044024,49.497525751],[31.526084262,49.497417622],[31.52608427546145,49.49741762507346],[31.52608429,49.497417586],[31.526096103,49.497385764],[31.526221721,49.497406694],[31.526290535,49.497222682],[31.526332082,49.497111443],[31.52637334,49.497001021],[31.526414446,49.49689122],[31.5264554,49.496781599],[31.526496505,49.496671708],[31.526517058,49.496616767],[31.526517064198043,49.49661675041513],[31.526517058,49.496616749],[31.526524793147026,49.49659606910658],[31.526537624,49.496561736],[31.52655929240505,49.49650381331246],[31.526578868,49.496451458],[31.526588179552732,49.49642656052648],[31.526620124,49.496341054],[31.526642081648646,49.49628240954202],[31.526661629,49.49623012],[31.52668865737231,49.49615784655349],[31.526703354,49.496118503],[31.52674534,49.496006283],[31.526787602,49.495893244],[31.526830167,49.495779415],[31.526830170100784,49.49577941570797],[31.526873036,49.495664785],[31.526873037998243,49.495664779652785],[31.526873022,49.495664776],[31.526886973853685,49.49562748784241],[31.526916179,49.495549336],[31.526928890786728,49.495515394528745],[31.526959695,49.495433007],[31.526994157098606,49.49534083062184],[31.527003486,49.495315841],[31.52703330945568,49.49523612945275],[31.527047649,49.495197785],[31.52704765519982,49.49519778641557],[31.527092056703047,49.49507901294363],[31.527092,49.495079],[31.52712688229187,49.49498598055501],[31.527137008,49.494958931],[31.527182183572567,49.494838124862056],[31.527182136,49.494838114],[31.527227662,49.494716317],[31.527227665610543,49.49471631782437],[31.527227676,49.49471629],[31.52727357549717,49.494593531113516],[31.527273575,49.494593531],[31.527366709,49.494344462],[31.527366733032824,49.494344467487295],[31.527414536,49.494216595],[31.527414541092437,49.494216581359204],[31.527414522,49.494216577],[31.527427331498668,49.49418232051912],[31.527463356,49.494085824],[31.527513499,49.493951816],[31.527565088,49.493814058],[31.527618152,49.493672074],[31.527672953,49.493525531],[31.527755745,49.493303869],[31.527808491,49.493163054],[31.527914448340944,49.49287958856761],[31.52791441,49.492879589],[31.52793838809044,49.492815450042606],[31.5279691674821,49.49273298690841],[31.527969,49.492733],[31.527985511227666,49.49268927582303],[31.528022752,49.492589677],[31.528022902,49.492561085],[31.528023019,49.492499405],[31.52782094,49.492199632],[31.527700119,49.492020321],[31.527583995,49.49184787],[31.527493885,49.491714219],[31.527472031,49.491681667],[31.527363949,49.491520893],[31.527259239,49.49136518],[31.527157733,49.49121398],[31.527058923,49.491067042],[31.526962917,49.490924256],[31.52688524005847,49.49080861428031],[31.52687,49.490786],[31.52687004460882,49.490785992020804],[31.526869743,49.490785543],[31.526778959,49.490650533],[31.52669047,49.490518967],[31.526604259,49.490390556],[31.52660424531031,49.490390535625934],[31.526604232,49.490390538],[31.526519887,49.490265048],[31.52651992360846,49.49026504147033],[31.526437338,49.490142247],[31.526277118,49.48990388],[31.526198825,49.489787327],[31.526135133,49.489692555],[31.526134732,49.489692016],[31.526120657,49.489671213],[31.526042613,49.489555558],[31.525964847,49.489440434],[31.525887467,49.489325867],[31.525810387211273,49.48921177435707],[31.525810378,49.489211776],[31.525796588297666,49.48919135379999],[31.525733676,49.489098252],[31.525657375,49.488985213],[31.52558135,49.488872722],[31.525430366,49.488649179],[31.525355419,49.488538127],[31.525280722,49.488427533],[31.525206315,49.488317388],[31.525132158,49.488207702],[31.525058414,49.488098456],[31.524984934,49.487989669],[31.52491173,49.48788125],[31.524838789,49.487773182],[31.52483878459183,49.48777317547344],[31.524838748,49.487773182],[31.524765959,49.48766542],[31.524765999372743,49.48766541279912],[31.524765986,49.487665393],[31.524693447,49.487557963],[31.524621045,49.487450802],[31.524615672,49.487442927],[31.52454909215603,49.487343983564045],[31.524549,49.487344],[31.524477,49.487237],[31.524477228456472,49.487236959295274],[31.524405872,49.487131047],[31.524334549,49.487024974],[31.52433011722313,49.487018379731104],[31.524263434,49.486919243],[31.524263484781255,49.48691923394288],[31.524192443,49.486813728],[31.524121659,49.486708563],[31.52408968986431,49.48666096092205],[31.524051083,49.486603569],[31.523997018366984,49.48652319431431],[31.523980632,49.486498862],[31.523909849,49.486393598],[31.52383839,49.486287346],[31.523766268,49.486180095],[31.523766259703088,49.486180082664205],[31.523766241,49.486180086],[31.52369329,49.486071648],[31.523693323764462,49.486071641977944],[31.523619609,49.485962168],[31.523545347,49.485851662],[31.523470409,49.485740159],[31.523439169,49.485693771],[31.523395637,49.485627496],[31.52332103044774,49.485513994569146],[31.523321,49.485514],[31.523245,49.485399],[31.52324543003928,49.485398923275774],[31.523245194,49.485398564],[31.523192748206288,49.4853187016113],[31.52316882,49.485282277],[31.523168827245055,49.48528227570783],[31.52312363991894,49.485213426053946],[31.523091709143067,49.48516477473827],[31.523091646,49.485164786],[31.523052194814433,49.485104721857],[31.523013574,49.485046027],[31.522934811,49.484925956],[31.522774333,49.484681731],[31.52274941929614,49.484643765995585],[31.522692713,49.484557443],[31.522610099,49.484431662],[31.522610109588264,49.48443166011163],[31.522610099,49.484431644]]]]},"id":"232"},{"type":"Feature","properties":{"id":"233"},"geometry":{"type":"MultiPolygon","coordinates":[[[[31.514050269,49.476385796],[31.514075713,49.476431333],[31.515120336,49.477317724],[31.515553042,49.477684933],[31.516164445,49.478203736],[31.516410454,49.478412551],[31.516632861,49.478601192],[31.516837202,49.478774586],[31.517206025,49.479087563],[31.517374826,49.479230796],[31.517535498,49.479367124],[31.517977723,49.479742325],[31.518113703,49.479857671],[31.518243431,49.479967838],[31.51836895,49.480074284],[31.51849081,49.480177646],[31.518609276,49.480278186],[31.518724703537124,49.48037609901118],[31.518725,49.480376],[31.51876133210731,49.48040718773814],[31.51883834,49.480472549],[31.518949077,49.480566553],[31.519057495,49.480658471],[31.519148285,49.480735394],[31.519070879,49.480762614],[31.518037541,49.481107475],[31.517745791,49.481204796],[31.5177727,49.481239102],[31.51777528944584,49.48124240885514],[31.517780514,49.481249045],[31.51778049158162,49.4812490522493],[31.5177805,49.481249063],[31.51781759,49.481237054],[31.517801437,49.481216512],[31.518056372,49.481131461],[31.519090139,49.480786519],[31.520137322,49.480418206],[31.520452654,49.480307406],[31.520427143,49.480285706],[31.520117648,49.480394481],[31.519185112,49.480722495],[31.518800804,49.480396435],[31.51860879,49.480233499],[31.518416639,49.480070464],[31.518224614,49.479907528],[31.518224609897725,49.479907524518865],[31.5182246,49.479907528],[31.518032549,49.479744573],[31.51803257287319,49.4797445646036],[31.517955470900322,49.47967917998625],[31.517840618998676,49.47958178237939],[31.51784,49.479582],[31.517648,49.479419],[31.51750506762556,49.47929702106265],[31.517456568,49.47925586],[31.517264701,49.479093102],[31.517073098,49.478930523],[31.516953073688,49.478828662971104],[31.516881633,49.478768043],[31.516881640497726,49.47876804036303],[31.516881633,49.478768034],[31.516690309,49.478605733],[31.516499261,49.478443603],[31.516308339,49.478281571],[31.516117605106796,49.478119786859345],[31.516117,49.47812],[31.515929666452458,49.477960273501566],[31.515926513,49.477957597],[31.515735319,49.477795285],[31.515544139,49.477633163],[31.515436811593595,49.47754207524105],[31.515353141,49.477471075],[31.51535314950037,49.477471072010495],[31.5153531,49.47747103],[31.515162461,49.477309267],[31.514971548,49.477147323],[31.514780498,49.476985198],[31.514683930346422,49.47690320846405],[31.514589298,49.476822903],[31.51447676539238,49.47672740685242],[31.514397878,49.476660491],[31.514297436696634,49.47657522977343],[31.514070828,49.476382934],[31.514070893460044,49.476382924879175],[31.514070883,49.476382916],[31.514050269,49.476385796]]]]},"id":"233"},{"type":"Feature","properties":{"id":"234"},"geometry":{"type":"MultiPolygon","coordinates":[[[[31.520838733,49.478678277],[31.520424969,49.478821679],[31.51984406,49.479191652],[31.519930586,49.47971901],[31.519372778,49.479242828],[31.518952798,49.478886348],[31.518192597,49.478235916],[31.517699007,49.477813708],[31.517576905,49.477709266],[31.516963088,49.477178944],[31.51665653,49.476914142],[31.516578117,49.476846485],[31.516115821,49.476461849],[31.515879514,49.47626544],[31.515756965,49.476163334],[31.515607963,49.47609984],[31.515402658,49.476105378],[31.514566452,49.476222236],[31.514043676,49.476295291],[31.514024748,49.476261405],[31.513973737,49.476169889],[31.513922865,49.476078463],[31.513871854,49.475986938],[31.51382083,49.475895512],[31.51376982,49.475803996],[31.51371881,49.475712471],[31.5136678,49.475620955],[31.513616915,49.475529618],[31.51356603,49.475438363],[31.513515283,49.475347386],[31.513464674,49.4752565],[31.513414066,49.475165793],[31.513363581,49.475075175],[31.513313111,49.474984567],[31.513289933,49.474942913],[31.513262641,49.47489359],[31.513212309,49.474802344],[31.513161853,49.474710827],[31.51311126,49.474619131],[31.513060528,49.474527255],[31.513009672,49.474435019],[31.512958679,49.474342685],[31.512907685,49.474250089],[31.51285643,49.474157215],[31.512805037,49.47406417],[31.512753643,49.473970847],[31.512701988,49.473877253],[31.512650195,49.47378348],[31.512598416,49.473689527],[31.512593088,49.473679862],[31.512546209,49.473595295],[31.512493741,49.473500883],[31.512441286,49.473406301],[31.512388555,49.47331135],[31.512335687,49.47321603],[31.512282695,49.473120539],[31.512229564,49.473024689],[31.512176158,49.47292847],[31.512122628,49.472831981],[31.512068836,49.472735133],[31.512015044,49.472638015],[31.511960852,49.472540537],[31.51190666,49.472442781],[31.511852192,49.472344664],[31.5117976,49.472246198],[31.511742747,49.472147353],[31.511697472,49.47206569],[31.511687755,49.472048158],[31.511632626,49.471948693],[31.511577372,49.47184877],[31.511521857,49.471748585],[31.511466065,49.471647943],[31.51141015,49.47154703],[31.511354097,49.471445659],[31.511297782,49.471343937],[31.511241191,49.471241847],[31.511184476,49.471139397],[31.511127485,49.471036497],[31.511070371,49.470933238],[31.511012981200526,49.470829582664265],[31.511012994,49.47082961],[31.510897565,49.470621095],[31.510839512,49.470516208],[31.510781198,49.470410962],[31.510663908,49.470199102],[31.510545694,49.469985535],[31.51048618,49.469878112],[31.510426404,49.46977015],[31.510366353,49.469661829],[31.510306191,49.469553058],[31.510283556,49.469512221],[31.51024825,49.469443046],[31.510191428,49.469331963],[31.510134356,49.469220153],[31.510057632,49.469069969],[31.510038378,49.469032217],[31.510019138,49.468994383],[31.509988084,49.468933695],[31.509964192,49.468879452],[31.509860632,49.468644061],[31.509807989,49.468524562],[31.509754823,49.468403805],[31.509701132,49.46828178],[31.509611804,49.468079151],[31.509569197,49.467982219],[31.509560652,49.467954536],[31.509521032,49.467825442],[31.509457601,49.467618271],[31.50938394,49.467378012],[31.509378168,49.467349375],[31.509351006,49.467211478],[31.509296558,49.466935424],[31.509269272,49.466796987],[31.509241986,49.46665838],[31.509214576,49.466519404],[31.509187166,49.466380068],[31.509159619,49.466240553],[31.509132085,49.466101127],[31.509104676,49.465961702],[31.509071384,49.46579292],[31.50904903,49.46568321],[31.509020793,49.465544136],[31.508992419,49.46540533],[31.508964307,49.465266624],[31.508936057,49.465128089],[31.508907945,49.464989742],[31.508879696,49.464851567],[31.508851709,49.46471349],[31.508823584,49.464575584],[31.508795597,49.464437866],[31.50876761,49.46430023],[31.50873961,49.464162693],[31.508711624,49.464025245],[31.508683624,49.463887878],[31.508655624,49.463750611],[31.508599915,49.463476246],[31.508571902,49.463339158],[31.508544041,49.46320216],[31.50851618,49.463065072],[31.508508531,49.463027507],[31.508488871,49.462927984],[31.508461838,49.462790716],[31.508434819,49.462653277],[31.508407648,49.46251583],[31.50838063,49.462378481],[31.508353597,49.462241213],[31.508326565,49.462104134],[31.50830529,49.461996141],[31.508308729,49.461935207],[31.508791043,49.461247987],[31.508862631,49.461146012],[31.509144932,49.461231515],[31.509614268,49.461373648],[31.510377706,49.461604894],[31.511212169,49.461857599],[31.51210675,49.462133561],[31.512498434,49.462254336],[31.512829267,49.462356432],[31.512990773,49.46240619],[31.513026142,49.462458552],[31.513029481,49.462463523],[31.513049679,49.46257816],[31.513058680002423,49.462629178997574],[31.513070857,49.4626982],[31.513092036,49.462818231],[31.513113215,49.462938451],[31.513134394,49.463058671],[31.513176738,49.463299282],[31.513197917,49.463419682],[31.51321922,49.463540172],[31.513229251,49.463597445],[31.513255482,49.463782087],[31.513272634,49.463903611],[31.513289924,49.464025324],[31.5133246,49.464269748],[31.513332216,49.464323757],[31.513333583,49.464330959],[31.513344912,49.464391937],[31.51336772,49.464513964],[31.513390377,49.464635901],[31.513413171,49.464757838],[31.51343598,49.464879784],[31.513458637,49.465001721],[31.513481446,49.465123658],[31.513504103,49.465245595],[31.513515929,49.46530918],[31.513526071,49.465367622],[31.513546935,49.465489811],[31.513567937,49.465612099],[31.513588939,49.465734477],[31.513609928,49.465857025],[31.513631068,49.465979583],[31.513652057,49.466102311],[31.513673184,49.466225228],[31.513694298,49.466348325],[31.513696633,49.466362459],[31.513751679,49.466466329],[31.51381295,49.46658186],[31.513873172,49.466695574],[31.513953989,49.466848219],[31.514013011,49.466959497],[31.514070046,49.467067169],[31.514200878,49.467037446],[31.514275743,49.467019023],[31.514264271,49.466992932],[31.514186758,49.467012057],[31.514095573,49.467032766],[31.513737315,49.466356511],[31.513557107,49.465306028],[31.51337338,49.464320875],[31.513270414,49.463594644],[31.513069912,49.462456407],[31.513022343,49.462386136],[31.511229765,49.461833204],[31.508842251,49.461110138],[31.508267606,49.461928925],[31.508263879,49.461997403],[31.508467479,49.463031025],[31.509030343,49.46579643],[31.509343008,49.46738234],[31.509528913,49.467988615],[31.509948601,49.468941718],[31.510244472,49.469521054],[31.511658511,49.472074883],[31.512554125,49.473688965],[31.51325097,49.474952116],[31.514017095,49.476326619],[31.515407924,49.476132217],[31.515596381,49.476127166],[31.515728547,49.476183505],[31.516545365,49.476862934],[31.517543876,49.477725527],[31.518919907,49.4789027],[31.519972664,49.479796489],[31.519889052,49.479206642],[31.52045063,49.478842534],[31.520854337,49.478704726],[31.520838733,49.478678277]]]]},"id":"234"},{"type":"Feature","properties":{"id":"235"},"geometry":{"type":"MultiPolygon","coordinates":[[[[31.544396937,49.446878628],[31.544599532,49.446835707],[31.544806139,49.446791921],[31.545015641,49.446747522],[31.545437167,49.446658218],[31.545648473,49.446613386],[31.54581572001271,49.44657796207139],[31.545860483,49.446568472],[31.546072479,49.446523557],[31.546284625,49.446478553],[31.546407177623717,49.446452621178665],[31.546464292353733,49.446440516771034],[31.54646430117714,49.44644053398105],[31.546496896,49.446433637],[31.546709042,49.446388632],[31.546921187,49.446343725],[31.547133319,49.446298718],[31.547345818464784,49.44625372439396],[31.547345808,49.446253703],[31.547558669,49.446208587],[31.547558688899553,49.44620862768199],[31.547558711,49.446208623],[31.547771958,49.446163355],[31.547985618,49.446118094],[31.548200243,49.446072564],[31.548416122,49.44602687],[31.54863338,49.445980825],[31.548851891,49.445934518],[31.549071781,49.445887859],[31.549293477,49.445840867],[31.54946204773578,49.44580517862475],[31.549517047,49.445793523],[31.54951705216157,49.445793533551374],[31.549517102,49.445793523],[31.549742395,49.445745746],[31.549969756,49.445697527],[31.550199061,49.445648974],[31.550199080755476,49.44564896980916],[31.550199074,49.445648956],[31.550276548421035,49.445632536158044],[31.550430446,49.445599889],[31.55052874531534,49.44557908038732],[31.550663831,49.445550443],[31.55066384944412,49.44555048070198],[31.5506639,49.44555047],[31.550899404831647,49.44550053518466],[31.550899393,49.445500511],[31.55113716,49.445450118],[31.551377188,49.445399238],[31.55138018457229,49.44539860278721],[31.551619601,49.445347827],[31.551865805,49.44529563],[31.552118226,49.445242136],[31.552377429,49.445187164],[31.552534882673037,49.44515382860403],[31.55264398,49.445130704],[31.55264399196802,49.44513072846244],[31.553201717,49.445012475],[31.553494571,49.444950409],[31.553494640775412,49.444950394199196],[31.553494626,49.444950364],[31.55375169830897,49.44489586699751],[31.553798020169836,49.44488604117598],[31.553798,49.444886],[31.554114,49.444819],[31.554114017152862,49.444819035091356],[31.55426123588647,49.444787848003756],[31.554442763,49.444749363],[31.55444277628467,49.444749390151536],[31.554442777,49.44474939],[31.554787133,49.444676318],[31.555149356,49.444599532],[31.55553234,49.44451832],[31.555940248,49.444431826],[31.556378737906375,49.44433893568034],[31.556378718,49.444338895],[31.55663414094274,49.44428474270404],[31.556855761,49.444237718],[31.557364317543435,49.44412992564026],[31.557364316,49.444129923],[31.557362025061,49.44412600421501],[31.557349505,49.444104718],[31.557214357892153,49.444133353030395],[31.557047948,49.444168642],[31.556918406490954,49.44419610650192],[31.556788879,49.444223598],[31.556530086,49.44427849],[31.556271581,49.444333292],[31.55611874026139,49.44436566240805],[31.556013255,49.44438803],[31.55575526,49.444442731],[31.555556358035812,49.44448489681186],[31.55549758,49.44449736],[31.555240039,49.444551988],[31.555240039,49.444551988],[31.5551959750915,49.44456132392346],[31.55518710407734,49.444563203445995],[31.554982634,49.444606525],[31.554752413542516,49.44465531039684],[31.55475241354247,49.44465531039685],[31.554725229,49.444661071],[31.554467837,49.444715697],[31.55395261,49.444824957],[31.553694927,49.444879582],[31.553437105,49.444934206],[31.553415594769092,49.44493876322686],[31.553179256,49.444988865],[31.552921336,49.445043542],[31.552891089105177,49.445049953350306],[31.552663361,49.445098245],[31.552405262,49.445152957],[31.552147162,49.445207669],[31.551888952171065,49.445262363820895],[31.551888964,49.445262388],[31.551767472124343,49.44528814127076],[31.55163067,49.44531717],[31.551517636240497,49.44534110028694],[31.551372347,49.445371898],[31.551113942,49.44542667],[31.55103933036567,49.44544248538261],[31.550855535,49.445481459],[31.550338362,49.445591046],[31.549820897,49.445700711],[31.549691576,49.445728153],[31.549691572011334,49.44572815384605],[31.549691576,49.445728162],[31.549635227237786,49.44574010537167],[31.54956224,49.445755587],[31.549303306,49.445810463],[31.549044496,49.445865339],[31.54878546105708,49.44592020593902],[31.548785465,49.445920214],[31.548526488,49.445975106],[31.54852648002248,49.44597508969051],[31.548267538,49.446029962],[31.548008601,49.446084835],[31.54774968519478,49.44613969450921],[31.547749705,49.446139735],[31.547490837,49.446194607],[31.547490822266838,49.446194576878426],[31.546973111,49.446304313],[31.54684371,49.446331748],[31.546714309,49.446359183],[31.546455631,49.446413972],[31.54645559366556,49.4464139799153],[31.546455603,49.446413999],[31.546229711730476,49.44646186929794],[31.54619691331384,49.44646882291255],[31.546197,49.446469],[31.545938,49.446524],[31.545937846657374,49.44652368610231],[31.545679497,49.446578487],[31.545420816,49.446633265],[31.5454207913517,49.44663327022817],[31.545420802,49.446633292],[31.545311879583448,49.446656371563385],[31.545162149,49.446688131],[31.54503727896732,49.44671458781704],[31.544904,49.446743],[31.544903922951235,49.446742842600386],[31.544903619,49.446742907],[31.544384337,49.446852899],[31.544396937,49.446878628]]]]},"id":"235"},{"type":"Feature","properties":{"id":"236"},"geometry":{"type":"MultiPolygon","coordinates":[[[[31.569094,49.43866],[31.568921106289373,49.438477549350594],[31.568894615245025,49.43844965636384],[31.568894558,49.43844969],[31.56888379746189,49.43843835379701],[31.568693,49.43824],[31.568653782793195,49.438200591489746],[31.568487818,49.438033965],[31.568487916125868,49.43803390607845],[31.568301322563084,49.437824960161784],[31.56829583,49.437819177],[31.568176065292196,49.437693068556804],[31.568096,49.437609],[31.567897,49.437399],[31.56789677840148,49.437398767321554],[31.567896636,49.437398851],[31.567818627639785,49.43731670902177],[31.567697,49.437189],[31.567497,49.436979],[31.567365664364463,49.43683974462765],[31.567297879,49.436768369],[31.567133380957287,49.43659515000515],[31.567098,49.436558],[31.567050479368366,49.43650785259978],[31.566898715,49.43634804],[31.56678718024131,49.43623058925338],[31.566699,49.436138],[31.566524,49.435954],[31.566449,49.435875],[31.566427,49.435902],[31.566951,49.436455],[31.567362,49.436887],[31.567723,49.437267],[31.568048,49.43761],[31.568347,49.437924],[31.568624,49.438216],[31.568883,49.438489],[31.569128,49.438746],[31.569324,49.438953],[31.569350900069303,49.43893008512615],[31.569269129231436,49.43884398790851],[31.569094,49.43866]]]]},"id":"236"},{"type":"Feature","properties":{"id":"237"},"geometry":{"type":"MultiPolygon","coordinates":[[[[31.631820587482196,49.467859250195026],[31.631780183002796,49.46782385593397],[31.63178,49.467824],[31.63175625311395,49.46784218910421],[31.63173333,49.467860243],[31.631735676329047,49.467862258152635],[31.631796819717028,49.467913847886244],[31.631811596,49.467896704],[31.633058207,49.468986109],[31.633911512,49.469496298],[31.635282381,49.469997938],[31.63609957,49.470155732],[31.637370045,49.470145439],[31.638522474,49.470037143],[31.639271194,49.46992934],[31.63929423,49.4698984],[31.638900585507354,49.46995506782756],[31.638515,49.470011],[31.637367,49.470119],[31.63672,49.470124],[31.636720181720552,49.470123775012645],[31.636164554050634,49.47012823064368],[31.636105276,49.470128706],[31.636104569471648,49.470128569605805],[31.636006439187934,49.47010962570795],[31.635917792676377,49.470092512637486],[31.635298551,49.469972969],[31.634943495,49.469843],[31.634841313516908,49.46980560593914],[31.633935969,49.469474304],[31.633792361,49.469388451],[31.633089062,49.468967947],[31.633088982409802,49.46896787750159],[31.633077736,49.468958115],[31.632408706,49.468373334],[31.631833849,49.467870891],[31.631820587482196,49.467859250195026]]]]},"id":"237"},{"type":"Feature","properties":{"id":"238"},"geometry":{"type":"MultiPolygon","coordinates":[[[[31.639271194,49.46992934],[31.638522474,49.470037143],[31.637370045,49.470145439],[31.63609957,49.470155732],[31.635282381,49.469997938],[31.633911512,49.469496298],[31.633058207,49.468986109],[31.631811596,49.467896704],[31.631796819717028,49.467913847886244],[31.631797,49.467914],[31.631796988636065,49.467914013245256],[31.632037567,49.468124267],[31.632037678977635,49.46812436486687],[31.632038,49.468124],[31.632145319802166,49.468218441425904],[31.632263375,49.46832162],[31.632263390831067,49.46832163382916],[31.632263403,49.46832162],[31.632341137522754,49.4683895491375],[31.632465828,49.468498472],[31.63253295852848,49.46855712085962],[31.632532958528582,49.46855712085971],[31.632643934002175,49.4686540750342],[31.632644,49.468654],[31.632826,49.468813],[31.6328258294535,49.468813193812544],[31.632826016,49.468813357],[31.633012985,49.468976603],[31.63303120277044,49.46899259059764],[31.633037642,49.468998217],[31.633063008186266,49.46901338262158],[31.633228176,49.469112097],[31.633434187,49.469235293],[31.633585063,49.469325535],[31.633771564,49.469436982],[31.633895258,49.469510919],[31.633970649,49.469538552],[31.634185745,49.469617219],[31.634367616372703,49.46968381680914],[31.634397514,49.469694757],[31.63439750932374,49.46969476303458],[31.634397542,49.469694775],[31.634606867,49.469771336],[31.634783100291227,49.46983581986096],[31.634785216,49.469836594],[31.634989474,49.469911406],[31.634989496394915,49.469911414188694],[31.634989515,49.469911388],[31.635104704610324,49.469953540021685],[31.63519155,49.469985295],[31.63527161,49.470014585],[31.635403605,49.47004011],[31.635622648,49.470082391],[31.635646256323184,49.47008695102527],[31.63584252,49.470124851],[31.636062736016193,49.47016737154451],[31.636063,49.470167],[31.636085950815712,49.470171868354846],[31.636095798,49.470173772],[31.636276309057443,49.47017229897116],[31.636308,49.470172],[31.63630797117984,49.47017204059795],[31.636308167,49.470172039],[31.636550440413004,49.47017007327251],[31.636550447,49.470170064],[31.636628509215825,49.470169431816515],[31.636785608,49.470168141],[31.63678590141506,49.47016813869282],[31.636786,49.470168],[31.637014,49.470166],[31.63701375354856,49.470166347043865],[31.637014395,49.470166342],[31.637015310421845,49.47016633442184],[31.637125891,49.470165419],[31.637237387,49.470164496],[31.637237387,49.470164496],[31.637238200968444,49.4701644896063],[31.637372192,49.470163401],[31.637463613,49.470154814],[31.637575565411993,49.470144292920374],[31.637695034,49.470133023],[31.637834202383072,49.47011998813517],[31.637922649,49.470111677],[31.63805308687951,49.47009941992211],[31.638146401,49.470090632],[31.638354276634683,49.470071119048505],[31.638366,49.47007],[31.638365985862617,49.47007001992211],[31.638366480070633,49.4700699735316],[31.638366484,49.470069968],[31.638382683270894,49.4700684462924],[31.638527408,49.470054805],[31.638584669,49.4700466],[31.638804182,49.470014967],[31.638968556845626,49.46999133447409],[31.639018841,49.469984094],[31.63901883228748,49.46998410626543],[31.639018855,49.469984103],[31.639255786,49.469949993],[31.639271194,49.46992934]]]]},"id":"238"},{"type":"Feature","properties":{"id":"239"},"geometry":{"type":"MultiPolygon","coordinates":[[[[31.61404836,49.466631173],[31.614030374,49.466644813],[31.614021381,49.466651637],[31.614053014,49.466668968],[31.61462146,49.467020775],[31.614866965,49.46713607],[31.615331784,49.467333444],[31.615694358,49.467486689],[31.617073101,49.467792789],[31.617714212,49.467743308],[31.618287375,49.46769909],[31.618369626,49.467692658],[31.619039919,49.467651538],[31.619275369,49.467637135],[31.619425312,49.467628547],[31.619501977,49.467617246],[31.619717617,49.467586544],[31.619931437,49.467556139],[31.620362648,49.467494713],[31.620799317,49.46740939],[31.620964595,49.467376436],[31.621244004,49.467280585],[31.621658482,49.467048544],[31.622051643,49.466827935],[31.622027887,49.46680585],[31.621844629,49.46690858],[31.621629739,49.467029144],[31.621430787,49.467140674],[31.621221984,49.467257752],[31.621005432,49.467332084],[31.620948379,49.46735161],[31.620787362,49.467383571],[31.620569436,49.467426866],[31.620376978,49.467465063],[31.62035414,49.467468315],[31.620136818,49.467499254],[31.619921647,49.46752993],[31.619814861,49.467545128],[31.61970831,49.467560263],[31.619492449,49.467591002],[31.619419094,49.467601876],[31.619266531,49.467610817],[31.619031591,49.467625121],[31.618540138,49.467655215],[31.618362705,49.46766606],[31.618282717,49.467672292],[31.618009164,49.467693493],[31.617704671,49.467717063],[31.617355419,49.467744166],[31.617075231,49.467765849],[31.616907174,49.467728426],[31.615709488,49.467461579],[31.615353777,49.467310593],[31.614889082,49.467113273],[31.614648453,49.46700032],[31.614627525,49.466988607],[31.614078653,49.466647795],[31.61404836,49.466631173]]]]},"id":"239"},{"type":"Feature","properties":{"id":"240"},"geometry":{"type":"MultiPolygon","coordinates":[[[[31.637549,49.531888],[31.637556,49.531843],[31.637257,49.531847],[31.636845,49.531852],[31.636433,49.531857],[31.636022,49.531862],[31.63561,49.531868],[31.635199,49.531873],[31.634788,49.531878],[31.634377,49.531883],[31.633965,49.531888],[31.633554,49.531893],[31.633143,49.531898],[31.632732,49.531904],[31.632321,49.531909],[31.63191,49.531914],[31.631705,49.531916],[31.631499,49.531919],[31.631294,49.531922],[31.631089,49.531924],[31.630883,49.531927],[31.630722,49.531929],[31.630727,49.531974],[31.631199,49.531968],[31.631598,49.531963],[31.631986,49.531958],[31.632375,49.531953],[31.632764,49.531948],[31.633152,49.531943],[31.63354,49.531938],[31.633929,49.531934],[31.634317,49.531929],[31.634706,49.531924],[31.635094,49.531919],[31.635483,49.531914],[31.635871,49.531909],[31.63626,49.531904],[31.636648,49.5319],[31.637037,49.531895],[31.637549,49.531888]]]]},"id":"240"},{"type":"Feature","properties":{"id":"241"},"geometry":{"type":"MultiPolygon","coordinates":[[[[31.641337603,49.461119255],[31.641383081,49.461089915],[31.641352986,49.461091489],[31.641185507,49.461099956],[31.640864507,49.46111618],[31.640711247,49.461123946],[31.640562967,49.461131472],[31.640419238,49.461138767],[31.640279509,49.461145914],[31.640141021,49.461152879],[31.640002409,49.461159943],[31.639863645,49.461166917],[31.639724895,49.461173971],[31.639585993,49.461181035],[31.639446953,49.46118809],[31.639307927,49.461195144],[31.639168611,49.461202199],[31.639022813,49.461209567],[31.638859898,49.461217791],[31.638694349,49.461226181],[31.638528248,49.461234651],[31.638362989,49.46124295],[31.638200336,49.461251272],[31.638042387,49.461259265],[31.637889278,49.461267027],[31.637739052,49.461274623],[31.637562607,49.461283563],[31.637376217,49.461292955],[31.637189538,49.461302447],[31.637026209,49.461310759],[31.636898354,49.461317177],[31.636774099,49.461323528],[31.636635472,49.461330498],[31.63648428,49.461338183],[31.636312248,49.461346874],[31.636138285,49.461355737],[31.635964597,49.461364509],[31.63579091,49.461373282],[31.635617209,49.461382144],[31.635443521,49.461390915],[31.635284605,49.461398986],[31.635155233,49.461405485],[31.635025032,49.461412066],[31.634868185,49.461420062],[31.634694221,49.461428833],[31.63452012,49.461437685],[31.634346004,49.461446455],[31.634171765,49.461455307],[31.633997525,49.461464167],[31.633823147,49.461472928],[31.63366892,49.461480767],[31.633529878,49.461487814],[31.633385871,49.461495101],[31.633234417,49.461502774],[31.633076327,49.46151076],[31.63290526,49.461519462],[31.6325558,49.461537162],[31.63220634,49.46155486],[31.632032789,49.461563626],[31.631854535,49.461572623],[31.631673398,49.461581784],[31.631489903,49.46159111],[31.631303924,49.461600501],[31.631115312,49.461610056],[31.630922989,49.461619759],[31.630729135,49.461629545],[31.630535833,49.461639419],[31.630344047,49.46164904],[31.630153104,49.461658749],[31.629962698,49.461668377],[31.629772995,49.461678012],[31.629583692,49.461687557],[31.629394265,49.461697102],[31.629204838,49.461706736],[31.628989439,49.461717612],[31.628179649,49.461758621],[31.627309252,49.461802594],[31.626435406,49.461846799],[31.625551462,49.461891547],[31.624650965,49.461937071],[31.624647591,49.461955659],[31.62532151,49.46193018],[31.625464656,49.461924792],[31.625085955,49.462299122],[31.624640736,49.462604612],[31.624453039,49.463081891],[31.624557963,49.463682324],[31.624693957,49.464179503],[31.624871721,49.464609383],[31.627887619,49.464769547],[31.628934296,49.464839023],[31.628610811,49.465351705],[31.627816348,49.466197296],[31.627795171,49.466271497],[31.62845099,49.46557349],[31.628647843,49.465363946],[31.628742803,49.465213515],[31.628892414,49.464976366],[31.628957437,49.464973084],[31.62918376,49.464961656],[31.62941007,49.464950236],[31.62963638,49.464938807],[31.629862137,49.464927378],[31.630086102,49.464916032],[31.630309376,49.464904668],[31.630531547,49.464893485],[31.630751235,49.464882366],[31.630970372,49.46487124],[31.631189494,49.464860211],[31.631408354,49.464849084],[31.631627214,49.464838055],[31.631845923,49.464826927],[31.632064369,49.464815889],[31.632282953,49.46480485],[31.632501523,49.464793721],[31.632720107,49.464782681],[31.632938815,49.46477165],[31.633157398,49.46476052],[31.633376257,49.464749479],[31.633594965,49.464738446],[31.634141761,49.464710706],[31.63469628,49.464682666],[31.635634805,49.464635114],[31.635672014,49.464606163],[31.635581985,49.46461071],[31.635411596,49.464619325],[31.635246587,49.464627709],[31.635083385,49.464636019],[31.634920858,49.464644246],[31.634758897,49.464652392],[31.634597626,49.464660617],[31.634436754,49.46466877],[31.634276448,49.464676833],[31.634117383,49.464684902],[31.633961215,49.464692815],[31.633813475,49.464700251],[31.633674286,49.464707299],[31.633533042,49.464714511],[31.633384322,49.464722028],[31.633233961,49.464729619],[31.633076689,49.464737613],[31.632756752,49.464753831],[31.632596859,49.464761891],[31.632436828,49.46476995],[31.632276797,49.464778099],[31.632116904,49.464786167],[31.631956873,49.464794315],[31.631796829,49.464802374],[31.631636935,49.464810432],[31.631476904,49.46481858],[31.631317011,49.464826646],[31.63115698,49.464834794],[31.630996949,49.464842851],[31.630837041,49.464850998],[31.63067701,49.464859055],[31.630516978,49.464867121],[31.630357085,49.464875267],[31.630197053,49.464883323],[31.630037008,49.464891469],[31.629877114,49.464899533],[31.629716945,49.464907589],[31.629556775,49.464915735],[31.629396467,49.46492388],[31.629236022,49.464931926],[31.629075424,49.464940072],[31.628910013,49.464948447],[31.62899361,49.464815822],[31.628894405,49.464809234],[31.628716511,49.464797464],[31.628536135,49.46478549],[31.628353288,49.46477333],[31.62816782,49.464761046],[31.627979593,49.464748568],[31.627891398,49.464742686],[31.62778872,49.464737242],[31.627595353,49.464726972],[31.627399089,49.464716587],[31.627199927,49.464706007],[31.626997882,49.464695223],[31.626792525,49.464684317],[31.626583996,49.464673306],[31.626371879,49.464661992],[31.626156037,49.464650557],[31.625936483,49.464638828],[31.625712805,49.464626978],[31.625484698,49.464614916],[31.625252052,49.464602544],[31.625014576,49.46458987],[31.624904048,49.464584001],[31.624734348,49.464173606],[31.624598869,49.463678414],[31.624560683,49.463459724],[31.62449509,49.463083743],[31.624678154,49.462618113],[31.624831353,49.462512993],[31.625086371,49.462337963],[31.625118484,49.462315999],[31.625297515,49.462139055],[31.625479352,49.461959249],[31.625517274,49.461921867],[31.625661169,49.461913061],[31.625846046,49.461903672],[31.626030233,49.461894363],[31.626213869,49.461885046],[31.626397229,49.461875819],[31.62658045,49.461866502],[31.626764913,49.461857201],[31.626950617,49.461847809],[31.627136459,49.461838425],[31.627322163,49.461829032],[31.627508571,49.461819558],[31.62769593,49.46181009],[31.627883702,49.461800631],[31.628071613,49.461791073],[31.628453806,49.46177175],[31.628645164,49.461762133],[31.628835985,49.461752417],[31.629026378,49.461742792],[31.62921637,49.461733166],[31.629405936,49.461723622],[31.629595376,49.461713987],[31.629784666,49.461704443],[31.629974093,49.461694897],[31.630163671,49.461685262],[31.630360698,49.46167533],[31.630555793,49.461665373],[31.630751992,49.461655522],[31.630947915,49.461645572],[31.631140238,49.461635869],[31.63133023,49.46162624],[31.631518691,49.461616684],[31.631706324,49.46160721],[31.631886371,49.461598041],[31.632048599,49.461589818],[31.632206826,49.461581833],[31.632352227,49.461574474],[31.632499682,49.461567041],[31.63265293,49.461559286],[31.632810054,49.461551293],[31.632953923,49.461544007],[31.633086331,49.461537363],[31.633219994,49.461530538],[31.633353091,49.461523803],[31.633493926,49.461516682],[31.633641933,49.461509156],[31.633801263,49.461501087],[31.633980482,49.461492087],[31.634163839,49.461482766],[31.634408213,49.46147039],[31.634469382,49.461467244],[31.634530414,49.461464197],[31.63471377,49.461454867],[31.634803228,49.461450411],[31.634885389,49.46144626],[31.635036982,49.461438495],[31.635359931,49.461422213],[31.635553093,49.461412411],[31.635746656,49.461402618],[31.635940508,49.461392743],[31.636134774,49.461382958],[31.636329453,49.461373081],[31.636524408,49.461363204],[31.636719501,49.461353335],[31.636904788,49.461343927],[31.637081785,49.461334997],[31.637261968,49.461325828],[31.637457475,49.461315958],[31.638026588,49.461287112],[31.638231073,49.461276771],[31.638453639,49.461265482],[31.638691943,49.461253409],[31.638949583,49.461240315],[31.639229442,49.461226124],[31.639546582,49.461210052],[31.639906809,49.461191779],[31.640343375,49.461169672],[31.641337603,49.461119255]]]]},"id":"241"},{"type":"Feature","properties":{"id":"242"},"geometry":{"type":"MultiPolygon","coordinates":[[[[31.544741218,49.542353889],[31.545060773,49.542618537],[31.545380331,49.542883184],[31.546020412,49.543413294],[31.546341612,49.543679215],[31.54666348,49.543945854],[31.546986194,49.54421304],[31.547309714,49.544480863],[31.54761338,49.544732329],[31.547889722,49.544961193],[31.548166054,49.545190048],[31.54844254,49.545419001],[31.54871983,49.545648492],[31.549007607,49.545886879],[31.549314692,49.546141163],[31.549372174,49.546112681],[31.549077605,49.54586875],[31.548478532,49.545372717],[31.548182063,49.545127238],[31.547887491,49.544883394],[31.547591028,49.544637922],[31.547291305,49.544389718],[31.546993354,49.544142969],[31.546697301,49.543897755],[31.546402896,49.543653997],[31.546109158,49.543410786],[31.545815161,49.543167305],[31.545515732,49.542919366],[31.545213582,49.542669071],[31.544911697,49.542419135],[31.544619758,49.542177376],[31.544349835,49.541953869],[31.543810562,49.541507123],[31.543630286,49.541357803],[31.543449748,49.541208285],[31.543268976,49.54105856],[31.542997309,49.540833683],[31.54272523,49.540608259],[31.542452476,49.540382393],[31.542179171,49.540156059],[31.541616821,49.539690321],[31.541558663,49.539718161],[31.541807076,49.539923879],[31.542070838,49.540142395],[31.542335307,49.540361459],[31.542865041,49.540800213],[31.54312978,49.541019374],[31.543394245,49.541238525],[31.543658712,49.541457495],[31.543922905,49.541676277],[31.544187253,49.541895156],[31.544451451,49.542114035],[31.544741218,49.542353889]]]]},"id":"242"},{"type":"Feature","properties":{"id":"243"},"geometry":{"type":"MultiPolygon","coordinates":[[[[31.5449579,49.524551415],[31.544658551,49.524978728],[31.544357362,49.525408549],[31.544037683,49.52586491],[31.543696546,49.526351938],[31.543346174,49.526851834],[31.543006734,49.52733627],[31.54267511,49.527809436],[31.542328828,49.528303699],[31.54196677,49.5288204],[31.541633981,49.529295181],[31.541378766,49.52965946],[31.541426184,49.529671994],[31.541442819,49.529676448],[31.54168054,49.529337189],[31.54191827,49.528997849],[31.542155998,49.528658598],[31.54239386,49.528319347],[31.542631581,49.527980095],[31.542869298,49.527640753],[31.543107013,49.5273015],[31.543344862,49.526962148],[31.543582556,49.526622894],[31.54382026,49.526283639],[31.544057961,49.525944295],[31.544295659,49.525605039],[31.544533354,49.525265783],[31.544769197,49.524929297],[31.544981876,49.52462561],[31.545179062,49.52434419],[31.545371569,49.5240693],[31.545581552,49.523769551],[31.545792648,49.523468291],[31.546071385,49.523070474],[31.546017435,49.523039188],[31.545439653,49.52386378],[31.5449579,49.524551415]]]]},"id":"243"},{"type":"Feature","properties":{"id":"244"},"geometry":{"type":"MultiPolygon","coordinates":[[[[31.544269359,49.446765629],[31.544256759,49.446739721],[31.543874911,49.446788976],[31.543555828,49.446830123],[31.543226789,49.446872541],[31.542886553,49.446916382],[31.542534141,49.446961837],[31.542173028,49.447008471],[31.541811486,49.447055024],[31.541449958,49.447101656],[31.541088291,49.447148287],[31.540364803,49.447241537],[31.540002982,49.447288255],[31.539641037,49.447334882],[31.539279091,49.447381498],[31.538916992,49.447428213],[31.538553652,49.447475088],[31.538188243,49.447522134],[31.538196703,49.447548548],[31.538818988,49.447468311],[31.539336888,49.447401583],[31.539794516,49.447342634],[31.540209287,49.447289164],[31.540947557,49.447193958],[31.54128366,49.447150628],[31.54160676,49.447108982],[31.541918648,49.447068769],[31.542220595,49.447029817],[31.542513275,49.446992055],[31.543074448,49.446919738],[31.543344045,49.446884923],[31.543607132,49.446851053],[31.543864015,49.446817842],[31.544115216,49.446785486],[31.544269359,49.446765629]]]]},"id":"244"},{"type":"Feature","properties":{"id":"245"},"geometry":{"type":"MultiPolygon","coordinates":[[[[31.607593897,49.518552693],[31.607524882,49.518550635],[31.607482309,49.518893868],[31.607444431,49.5191991],[31.607407855,49.519493551],[31.60737143,49.51978801],[31.607334853,49.52008246],[31.607298414,49.520376919],[31.607260834,49.520680533],[31.607216968,49.521034367],[31.607164034,49.521460778],[31.607096999,49.522001543],[31.607028848,49.522550743],[31.606963438,49.523078208],[31.606900282,49.523588426],[31.60686921,49.523838239],[31.606838601,49.524085174],[31.606719093,49.525049291],[31.606660478,49.525522056],[31.606602337,49.525990955],[31.606486879,49.526922007],[31.606429236,49.527386599],[31.606371417,49.527853518],[31.606254496,49.528795631],[31.606195397,49.529272163],[31.606135794,49.529752643],[31.606075714,49.53023717],[31.606015132,49.530725922],[31.606073715,49.530725293],[31.60608449,49.530725292],[31.606141501,49.530265468],[31.606198511,49.529805463],[31.606255671,49.529345368],[31.606315597,49.528861552],[31.606520609,49.527208462],[31.606577776,49.526747828],[31.606634927,49.526287112],[31.606692092,49.525826298],[31.606749103,49.525365393],[31.606802695,49.524933318],[31.606850614,49.524547696],[31.606895952,49.524182271],[31.606939672,49.523829254],[31.606982742,49.523482074],[31.607025809,49.523134345],[31.607069692,49.5227807],[31.607115013,49.522415373],[31.607164566,49.522015102],[31.607214759,49.521610785],[31.607369847,49.520359761],[31.607420524,49.519951137],[31.607460356,49.519629638],[31.607500501,49.51930599],[31.607541445,49.518975696],[31.607593897,49.518552693]]]]},"id":"245"},{"type":"Feature","properties":{"id":"246"},"geometry":{"type":"MultiPolygon","coordinates":[[[[31.570283694,49.50745769],[31.570352542,49.507461029],[31.57044907,49.506738086],[31.570546415,49.506009308],[31.570631996,49.505368371],[31.570717109,49.504730483],[31.570803506,49.504083801],[31.570886021,49.503466306],[31.570953741,49.502958926],[31.571014699,49.502502648],[31.57107037,49.502085268],[31.571122011,49.501698516],[31.571171547,49.501327211],[31.571218667,49.500975032],[31.571264024,49.500635433],[31.571308259,49.500303918],[31.571351525,49.499980036],[31.571393985,49.499662351],[31.571436293,49.499344934],[31.571479242,49.499022932],[31.57141042,49.499019324],[31.57134028,49.49954548],[31.571271448,49.500060854],[31.571202765,49.500574789],[31.571134572,49.501085307],[31.571067171,49.501590358],[31.571000901,49.502086866],[31.570936078,49.502571883],[31.570873167,49.503043879],[31.570811086,49.503508143],[31.570749155,49.503971956],[31.57068721,49.504435868],[31.570624785,49.504903458],[31.570560432,49.505385237],[31.570493989,49.505882914],[31.570418692,49.50644652],[31.570283694,49.50745769]]]]},"id":"246"}]}