{"type":"FeatureCollection","name":"кадастр_4","crs":{"type":"name","properties":{"name":"urn:ogc:def:crs:OGC:1.3:CRS84"}},"features":[{"type":"Feature","properties":{"id":"1","кадастр":"3222784400:02:002:0017","площа":6.42},"geometry":{"type":"MultiPolygon","coordinates":[[[[29.854348897933885,50.36921930107161],[29.85737442970268,50.367953281530866],[29.85542178153984,50.366078141879996],[29.85241770744316,50.367357898502014],[29.853372573852464,50.368281765521566],[29.853383302688524,50.36829545230517],[29.854348897933885,50.36921930107161]]]]},"id":"1"},{"type":"Feature","properties":{"id":"2","кадастр":"3222784400:02:002:0008","площа":2.37},"geometry":{"type":"MultiPolygon","coordinates":[[[[29.847557544708174,50.36689938004341],[29.850604534149088,50.36560592350073],[29.849992990493696,50.365024198747896],[29.849896430969164,50.36492154069837],[29.846849441528242,50.366215015894156],[29.847557544708174,50.36689938004341]]]]},"id":"2"},{"type":"Feature","properties":{"id":"3","кадастр":"3222784400:02:008:0014","площа":1.99},"geometry":{"type":"MultiPolygon","coordinates":[[[[29.875677824020308,50.369000316323785],[29.878199100494303,50.36789169052946],[29.877480268478315,50.36721418423794],[29.87494826316825,50.3683296692469],[29.875677824020308,50.369000316323785]]]]},"id":"3"},{"type":"Feature","properties":{"id":"4","кадастр":"3222784400:02:008:0013","площа":2.11},"geometry":{"type":"MultiPolygon","coordinates":[[[[29.876450300216597,50.36971885624526],[29.878971576690592,50.3686102472384],[29.878284931182783,50.36796012497054],[29.878199100494303,50.36789169052946],[29.875677824020308,50.369000316323785],[29.876450300216597,50.36971885624526]]]]},"id":"4"},{"type":"Feature","properties":{"id":"5","кадастр":"3222784400:02:008:0015","площа":2.13},"geometry":{"type":"MultiPolygon","coordinates":[[[[29.87412214279167,50.371381721192115],[29.876857995986864,50.370177347460924],[29.87613916397087,50.36951356023511],[29.873403310775675,50.370711107772834],[29.874057769775316,50.37131329168562],[29.87412214279167,50.371381721192115]]]]},"id":"5"},{"type":"Feature","properties":{"id":"6","кадастр":"3222784400:02:011:0007","площа":2.6},"geometry":{"type":"MultiPolygon","coordinates":[[[[29.843384027481,50.36746739479203],[29.84342694282524,50.36740580315998],[29.844467639923014,50.36650245003892],[29.843126535415568,50.36507894961686],[29.84162449836723,50.36572226759561],[29.843384027481,50.36746739479203]]]]},"id":"6"},{"type":"Feature","properties":{"id":"7","кадастр":"3222784800:00:007:0057","площа":1.87},"geometry":{"type":"MultiPolygon","coordinates":[[[[29.876493215560835,50.366303983791674],[29.87861752510063,50.36537323445526],[29.877845048904337,50.36463409697833],[29.87565636634819,50.36553064187557],[29.876493215560835,50.366303983791674]]]]},"id":"7"},{"type":"Feature","properties":{"id":"8","кадастр":"3222784400:02:011:0025","площа":2.93},"geometry":{"type":"MultiPolygon","coordinates":[[[[29.845529794692915,50.37012260247406],[29.846516847610395,50.369705169872205],[29.84659194946281,50.36967095392234],[29.845551252365034,50.36864446395314],[29.844553470611494,50.367645325724446],[29.844027757644575,50.36711837448676],[29.843984842300333,50.36707731310561],[29.843534231185835,50.36746739479203],[29.843491315841593,50.3675221428423],[29.843276739120405,50.36787800362941],[29.845529794692915,50.37012260247406]]]]},"id":"8"},{"type":"Feature","properties":{"id":"9","кадастр":"3222784400:02:011:0036","площа":2.87},"geometry":{"type":"MultiPolygon","coordinates":[[[[29.842654466628954,50.371347506451194],[29.84382390975944,50.37084796842411],[29.84428524971,50.37065636340179],[29.842611551284712,50.36897978645187],[29.84239697456352,50.369315106581006],[29.84104514122001,50.36973938579741],[29.842654466628954,50.371347506451194]]]]},"id":"9"},{"type":"Feature","properties":{"id":"10","кадастр":"3222784400:02:011:0012","площа":3.07},"geometry":{"type":"MultiPolygon","coordinates":[[[[29.84162449836723,50.36572226759561],[29.843126535415568,50.36507894961686],[29.844832420349046,50.36435349547708],[29.84396338462822,50.363511681019006],[29.840776920318525,50.36486678964783],[29.84162449836723,50.36572226759561]]]]},"id":"10"},{"type":"Feature","properties":{"id":"11","кадастр":"3222784400:02:011:0022","площа":1.01},"geometry":{"type":"MultiPolygon","coordinates":[[[[29.840776920318525,50.36486678964783],[29.84396338462822,50.363511681019006],[29.843673706054613,50.36323107288152],[29.840497970580973,50.364586189522385],[29.840776920318525,50.36486678964783]]]]},"id":"11"},{"type":"Feature","properties":{"id":"12","кадастр":"3222784400:02:002:0016","площа":9.28},"geometry":{"type":"MultiPolygon","coordinates":[[[[29.850325584411543,50.369575149131414],[29.853372573852464,50.368281765521566],[29.85241770744316,50.367357898502014],[29.8524069786071,50.367344211448],[29.851462841033857,50.3664340134957],[29.85143065452568,50.366406638850776],[29.851226806640543,50.366208172202825],[29.850711822509684,50.365715423833215],[29.850604534149088,50.36560592350073],[29.847557544708174,50.36689938004341],[29.848394393920817,50.367706917045616],[29.84935998916618,50.36863762061217],[29.850325584411543,50.369575149131414]]]]},"id":"12"},{"type":"Feature","properties":{"id":"13","кадастр":"3222784400:02:007:0001","площа":1.93},"geometry":{"type":"MultiPolygon","coordinates":[[[[29.863178730010908,50.36810383697553],[29.86364006996147,50.36787800362941],[29.864079952239912,50.36758373432334],[29.862320423126143,50.365996017282],[29.861311912536543,50.366420326175216],[29.863178730010908,50.36810383697553]]]]},"id":"13"},{"type":"Feature","properties":{"id":"14","кадастр":"3222784400:02:007:0025","площа":1.97},"geometry":{"type":"MultiPolygon","coordinates":[[[[29.853790998458784,50.37265449202392],[29.854381084442057,50.372613435433244],[29.854595661163252,50.37259290712457],[29.852052927017137,50.37030052345045],[29.851505756378096,50.37053318833602],[29.851988554000776,50.37115590344611],[29.85314726829521,50.37260659266467],[29.853790998458784,50.37265449202392]]]]},"id":"14"},{"type":"Feature","properties":{"id":"15","кадастр":"3222784400:02:007:0031","площа":1.82},"geometry":{"type":"MultiPolygon","coordinates":[[[[29.858608245849528,50.3701362887267],[29.85882282257072,50.369992582877096],[29.85939145088188,50.36962305155105],[29.857578277587812,50.36798749871933],[29.856644868850626,50.36837072954441],[29.858608245849528,50.3701362887267]]]]},"id":"15"},{"type":"Feature","properties":{"id":"16","кадастр":"3222784400:02:002:0014","площа":3.24},"geometry":{"type":"MultiPolygon","coordinates":[[[[29.851291179656904,50.37049897298321],[29.854348897933885,50.36921930107161],[29.853383302688524,50.36829545230517],[29.853372573852464,50.368281765521566],[29.850325584411543,50.369575149131414],[29.851291179656904,50.37049897298321]]]]},"id":"16"},{"type":"Feature","properties":{"id":"17","кадастр":"3222784400:02:011:0042","площа":3.03},"geometry":{"type":"MultiPolygon","coordinates":[[[[29.849864244460978,50.371114845558644],[29.851237535476603,50.370526345267436],[29.849199056625288,50.36856234379632],[29.8478686809539,50.36912349536879],[29.849864244460978,50.371114845558644]]]]},"id":"17"},{"type":"Feature","properties":{"id":"18","кадастр":"3222784400:02:007:0045","площа":2.03},"geometry":{"type":"MultiPolygon","coordinates":[[[[29.867191314697184,50.37208653936585],[29.86829638481132,50.371600694949734],[29.866558313369673,50.37004048487532],[29.86601114273063,50.37027999414107],[29.865453243255537,50.370526345267436],[29.867191314697184,50.37208653936585]]]]},"id":"18"},{"type":"Feature","properties":{"id":"19","кадастр":"3222784400:02:007:0036","площа":1.82},"geometry":{"type":"MultiPolygon","coordinates":[[[[29.860399961471476,50.36928089034986],[29.86058235168449,50.369137181909615],[29.861333370208662,50.36887713695903],[29.8594665527343,50.367193653593255],[29.858522415161055,50.3675905778163],[29.860399961471476,50.36928089034986]]]]},"id":"19"},{"type":"Feature","properties":{"id":"20","кадастр":"3222784400:02:007:0013","площа":2.54},"geometry":{"type":"MultiPolygon","coordinates":[[[[29.86263155937187,50.371764924604754],[29.86266374588005,50.37175123882188],[29.86373662948601,50.37127907689535],[29.861601591110148,50.36935616602582],[29.861011505126875,50.36958199233718],[29.860410690307535,50.369759915340694],[29.86263155937187,50.371764924604754]]]]},"id":"20"},{"type":"Feature","properties":{"id":"21","кадастр":"3222784400:02:007:0028","площа":5.09},"geometry":{"type":"MultiPolygon","coordinates":[[[[29.85936999320976,50.37320190983812],[29.85975623130791,50.37303084244967],[29.861580133438036,50.37223708169646],[29.861719608306803,50.37216865342358],[29.859520196914595,50.37018419057985],[29.85881209373466,50.370670049500475],[29.857589006423872,50.37142962178795],[29.85748171806328,50.37151173698258],[29.85936999320976,50.37320190983812]]]]},"id":"21"},{"type":"Feature","properties":{"id":"22","кадастр":"3222784400:02:007:0050","площа":1.92},"geometry":{"type":"MultiPolygon","coordinates":[[[[29.856526851653975,50.371600694949734],[29.85689163208,50.371320134640705],[29.857159852981486,50.37112853152509],[29.85491752624504,50.369102965550155],[29.85412359237663,50.36943144158236],[29.856526851653975,50.371600694949734]]]]},"id":"22"},{"type":"Feature","properties":{"id":"23","кадастр":"3222784400:02:008:0006","площа":2.11},"geometry":{"type":"MultiPolygon","coordinates":[[[[29.869219064712446,50.36682410047008],[29.87195491790764,50.36562645483231],[29.871171712875288,50.36490100906181],[29.868972301483073,50.36601654844481],[29.86859679222099,50.36624923433601],[29.869219064712446,50.36682410047008]]]]},"id":"23"},{"type":"Feature","properties":{"id":"24","кадастр":"3222784400:02:007:0061","площа":1.98},"geometry":{"type":"MultiPolygon","coordinates":[[[[29.866837263107218,50.369917308210745],[29.867663383483805,50.3695546195082],[29.867169857025072,50.3691166520969],[29.865474700927656,50.3675905778163],[29.864745140075602,50.36772060399501],[29.86450910568229,50.36781641253031],[29.866837263107218,50.369917308210745]]]]},"id":"24"},{"type":"Feature","properties":{"id":"25","кадастр":"3222784400:02:007:0022","площа":1.83},"geometry":{"type":"MultiPolygon","coordinates":[[[[29.861333370208662,50.36887713695903],[29.861601591110148,50.368781330565355],[29.862298965454016,50.368528127022365],[29.860389232635416,50.366803569656646],[29.8594665527343,50.367193653593255],[29.861333370208662,50.36887713695903]]]]},"id":"25"},{"type":"Feature","properties":{"id":"26","кадастр":"3222784400:02:007:0021","площа":2.61},"geometry":{"type":"MultiPolygon","coordinates":[[[[29.865764379501265,50.37270923408957],[29.866826534271166,50.37224392451832],[29.867191314697184,50.37208653936585],[29.865453243255537,50.370526345267436],[29.864938259124678,50.370752166009666],[29.86403703689567,50.371149060467346],[29.865764379501265,50.37270923408957]]]]},"id":"26"},{"type":"Feature","properties":{"id":"27","кадастр":"3222784400:02:007:0044","площа":2.54},"geometry":{"type":"MultiPolygon","coordinates":[[[[29.864938259124678,50.370752166009666],[29.865453243255537,50.370526345267436],[29.86601114273063,50.37027999414107],[29.863704442977824,50.368206488141205],[29.86326456069938,50.36848706686106],[29.862792491912764,50.36882239047204],[29.864938259124678,50.370752166009666]]]]},"id":"27"},{"type":"Feature","properties":{"id":"28","кадастр":"3222784400:02:007:0023","площа":2.18},"geometry":{"type":"MultiPolygon","coordinates":[[[[29.861719608306803,50.37216865342358],[29.86263155937187,50.371764924604754],[29.860410690307535,50.369759915340694],[29.85987424850456,50.369930994522605],[29.859509468078535,50.370177347460924],[29.861719608306803,50.37216865342358]]]]},"id":"28"},{"type":"Feature","properties":{"id":"29","кадастр":"3222784400:02:008:0044","площа":2.07},"geometry":{"type":"MultiPolygon","coordinates":[[[[29.867770671844404,50.36942459835488],[29.87065672874443,50.36815858429152],[29.870570898055952,50.36808330671576],[29.86999154090873,50.36754267334486],[29.86709475517265,50.36881554715673],[29.867770671844404,50.36942459835488]]]]},"id":"29"},{"type":"Feature","properties":{"id":"30","кадастр":"3222784400:02:008:0022","площа":2.01},"geometry":{"type":"MultiPolygon","coordinates":[[[[29.8712468147277,50.36871289730859],[29.87398266792289,50.367508455835655],[29.873306751251143,50.36687884926252],[29.870570898055952,50.36808330671576],[29.87065672874443,50.36815858429152],[29.87086057662956,50.36835019940009],[29.8712468147277,50.36871289730859]]]]},"id":"30"},{"type":"Feature","properties":{"id":"31","кадастр":"3222784400:02:008:0041","площа":2.06},"geometry":{"type":"MultiPolygon","coordinates":[[[[29.873478412628096,50.36696097233275],[29.875999689102095,50.36585229889354],[29.87524867057793,50.36515423195851],[29.872727394103922,50.36626292170586],[29.87293124198906,50.366468231779656],[29.873478412628096,50.36696097233275]]]]},"id":"31"},{"type":"Feature","properties":{"id":"32","кадастр":"3222784400:02:008:0035","площа":2.13},"geometry":{"type":"MultiPolygon","coordinates":[[[[29.873403310775675,50.370711107772834],[29.87613916397087,50.36951356023511],[29.87542033195488,50.368842920412064],[29.872684478759687,50.370047328013975],[29.8733711242675,50.37067689254833],[29.873403310775675,50.370711107772834]]]]},"id":"32"},{"type":"Feature","properties":{"id":"33","кадастр":"3222784400:02:008:0047","площа":2.14},"geometry":{"type":"MultiPolygon","coordinates":[[[[29.869176149368208,50.370690578641096],[29.872030019760054,50.36943828480884],[29.8719656467437,50.3693766957349],[29.87134337425224,50.36879501720487],[29.86847877502434,50.370054171151644],[29.869176149368208,50.370690578641096]]]]},"id":"33"},{"type":"Feature","properties":{"id":"34","кадастр":"3222784400:02:008:0046","площа":2.04},"geometry":{"type":"MultiPolygon","coordinates":[[[[29.86985206603996,50.37130644872953],[29.872684478759687,50.370047328013975],[29.872030019760054,50.36943828480884],[29.869176149368208,50.370690578641096],[29.869755506515425,50.37121064724081],[29.86985206603996,50.37130644872953]]]]},"id":"34"},{"type":"Feature","properties":{"id":"35","кадастр":"3222784400:02:007:0004","площа":1.96},"geometry":{"type":"MultiPolygon","coordinates":[[[[29.857159852981486,50.37112853152509],[29.85785722732536,50.37061530508206],[29.85578656196586,50.36874027062314],[29.85491752624504,50.369102965550155],[29.857159852981486,50.37112853152509]]]]},"id":"35"},{"type":"Feature","properties":{"id":"36","кадастр":"3222784400:02:002:0020","площа":3.22},"geometry":{"type":"MultiPolygon","coordinates":[[[[29.857438802719034,50.36793275120595],[29.860786199569628,50.366529824628586],[29.85988497734062,50.36568804877378],[29.856559038162153,50.36708415667161],[29.857438802719034,50.36793275120595]]]]},"id":"36"},{"type":"Feature","properties":{"id":"37","кадастр":"3222784400:02:007:0033","площа":1.99},"geometry":{"type":"MultiPolygon","coordinates":[[[[29.864079952239912,50.36758373432334],[29.864230155944743,50.36748792531828],[29.865238666534346,50.36721418423794],[29.863382577896036,50.36555117323972],[29.862320423126143,50.365996017282],[29.864079952239912,50.36758373432334]]]]},"id":"37"},{"type":"Feature","properties":{"id":"38","кадастр":"3222784400:02:011:0035","площа":2.9},"geometry":{"type":"MultiPolygon","coordinates":[[[[29.845551252365034,50.36864446395314],[29.84813690185539,50.36754267334486],[29.847117662429728,50.36655719920244],[29.844553470611494,50.367645325724446],[29.845551252365034,50.36864446395314]]]]},"id":"38"},{"type":"Feature","properties":{"id":"39","кадастр":"3222784400:02:002:0010","площа":3.22},"geometry":{"type":"MultiPolygon","coordinates":[[[[29.856559038162153,50.36708415667161],[29.85988497734062,50.36568804877378],[29.858983755111613,50.36484625798759],[29.855668544769205,50.36622870327386],[29.856559038162153,50.36708415667161]]]]},"id":"39"},{"type":"Feature","properties":{"id":"40","кадастр":"3222784400:02:011:0047","площа":3.02},"geometry":{"type":"MultiPolygon","coordinates":[[[[29.84659194946281,50.36967095392234],[29.8478686809539,50.36912349536879],[29.849199056625288,50.36856234379632],[29.84813690185539,50.36754267334486],[29.845551252365034,50.36864446395314],[29.84659194946281,50.36967095392234]]]]},"id":"40"},{"type":"Feature","properties":{"id":"41","кадастр":"3222784400:02:009:0015","площа":2.17},"geometry":{"type":"MultiPolygon","coordinates":[[[[29.865442514419478,50.36732368085957],[29.86652612686149,50.3669883466579],[29.864380359649584,50.3650584180484],[29.863404035568163,50.36548273532466],[29.865442514419478,50.36732368085957]]]]},"id":"41"},{"type":"Feature","properties":{"id":"42","кадастр":"3222784400:02:007:0053","площа":1.92},"geometry":{"type":"MultiPolygon","coordinates":[[[[29.854595661163252,50.37259290712457],[29.85502481460564,50.37254500770315],[29.855400323867713,50.37245605150649],[29.8554325103759,50.37242868033551],[29.852750301361006,50.370006269167234],[29.852052927017137,50.37030052345045],[29.854595661163252,50.37259290712457]]]]},"id":"42"},{"type":"Feature","properties":{"id":"43","кадастр":"3222784400:02:008:0020","площа":2.08},"geometry":{"type":"MultiPolygon","coordinates":[[[[29.870538711547773,50.371922310824054],[29.8733711242675,50.37067689254833],[29.872684478759687,50.370047328013975],[29.86985206603996,50.37130644872953],[29.870538711547773,50.371922310824054]]]]},"id":"43"},{"type":"Feature","properties":{"id":"44","кадастр":"3222784400:02:009:0004","площа":2.15},"geometry":{"type":"MultiPolygon","coordinates":[[[[29.86753463745109,50.36665301008662],[29.86836075782768,50.36614657893642],[29.866247177123945,50.36423714802659],[29.865313768386763,50.36464778481399],[29.86753463745109,50.36665301008662]]]]},"id":"44"},{"type":"Feature","properties":{"id":"45","кадастр":"3222784400:02:008:0003","площа":2.1},"geometry":{"type":"MultiPolygon","coordinates":[[[[29.86709475517265,50.36881554715673],[29.86999154090873,50.36754267334486],[29.86991643905632,50.36746739479203],[29.869326353073046,50.366919910815405],[29.8664188385009,50.36819964473707],[29.86709475517265,50.36881554715673]]]]},"id":"45"},{"type":"Feature","properties":{"id":"46","кадастр":"3222784400:02:009:0049","площа":2.17},"geometry":{"type":"MultiPolygon","coordinates":[[[[29.86652612686149,50.3669883466579],[29.867427349090498,50.36671460269573],[29.86753463745109,50.36665301008662],[29.865313768386763,50.36464778481399],[29.864380359649584,50.3650584180484],[29.86652612686149,50.3669883466579]]]]},"id":"46"},{"type":"Feature","properties":{"id":"47","кадастр":"3222784400:02:009:0031","площа":2.88},"geometry":{"type":"MultiPolygon","coordinates":[[[[29.86085057258598,50.36650245003892],[29.86256718635551,50.365783861412716],[29.86400485038749,50.36515423195851],[29.863382577896036,50.36457250166895],[29.86316800117485,50.36436718339368],[29.860002994537275,50.365715423833215],[29.86085057258598,50.36650245003892]]]]},"id":"47"},{"type":"Feature","properties":{"id":"48","кадастр":"3222784400:02:007:0026","площа":1.82},"geometry":{"type":"MultiPolygon","coordinates":[[[[29.855968952178873,50.372024953729294],[29.856526851653975,50.371600694949734],[29.85412359237663,50.36943144158236],[29.8534154891967,50.36972569943029],[29.855968952178873,50.372024953729294]]]]},"id":"48"},{"type":"Feature","properties":{"id":"49","кадастр":"3222784400:02:007:0015","площа":1.84},"geometry":{"type":"MultiPolygon","coordinates":[[[[29.85785722732536,50.37061530508206],[29.858608245849528,50.3701362887267],[29.856644868850626,50.36837072954441],[29.85578656196586,50.36874027062314],[29.85785722732536,50.37061530508206]]]]},"id":"49"},{"type":"Feature","properties":{"id":"50","кадастр":"3222784400:02:007:0059","площа":1.83},"geometry":{"type":"MultiPolygon","coordinates":[[[[29.8554325103759,50.37242868033551],[29.855765104293745,50.37218233908605],[29.855968952178873,50.372024953729294],[29.8534154891967,50.36972569943029],[29.853157997131266,50.36984203342499],[29.852750301361006,50.370006269167234],[29.8554325103759,50.37242868033551]]]]},"id":"50"},{"type":"Feature","properties":{"id":"51","кадастр":"3222784400:02:009:0022","площа":2.8},"geometry":{"type":"MultiPolygon","coordinates":[[[[29.866847991943278,50.36319685226344],[29.87086057662956,50.3614241905052],[29.870227575302046,50.36082188109368],[29.86620426177971,50.362601409559204],[29.866847991943278,50.36319685226344]]]]},"id":"51"},{"type":"Feature","properties":{"id":"52","кадастр":"3222784400:02:009:0009","площа":2.23},"geometry":{"type":"MultiPolygon","coordinates":[[[[29.862127304077063,50.363395331504805],[29.86542105674736,50.36195120497059],[29.864798784255903,50.36136943541999],[29.861505031585615,50.362813579655324],[29.862127304077063,50.363395331504805]]]]},"id":"52"},{"type":"Feature","properties":{"id":"53","кадастр":"3222784400:02:009:0036","площа":2.87},"geometry":{"type":"MultiPolygon","coordinates":[[[[29.857546091079634,50.36342270788675],[29.860700368881147,50.362074402313446],[29.860539436340254,50.36192382773986],[29.860239028930582,50.36163636586381],[29.8598635196685,50.36128730267372],[29.856698513030928,50.362635630606604],[29.857546091079634,50.36342270788675]]]]},"id":"53"},{"type":"Feature","properties":{"id":"54","кадастр":"3222784400:02:009:0028","площа":5.65},"geometry":{"type":"MultiPolygon","coordinates":[[[[29.860002994537275,50.365715423833215],[29.86316800117485,50.36436718339368],[29.862749576568522,50.36398392023661],[29.862309694290083,50.36356643363288],[29.862127304077063,50.363395331504805],[29.861505031585615,50.36282042383618],[29.858340024948042,50.364168708216596],[29.85914468765251,50.36492154069837],[29.860002994537275,50.365715423833215]]]]},"id":"54"},{"type":"Feature","properties":{"id":"55","кадастр":"3222784400:02:002:0009","площа":3.21},"geometry":{"type":"MultiPolygon","coordinates":[[[[29.854778051376265,50.36537323445526],[29.858071804046553,50.36399760825981],[29.857159852981486,50.36314209922321],[29.85388755798332,50.364510906279634],[29.854778051376265,50.36537323445526]]]]},"id":"55"},{"type":"Feature","properties":{"id":"56","кадастр":"3222784400:02:002:0001","площа":3.22},"geometry":{"type":"MultiPolygon","coordinates":[[[[29.85388755798332,50.364510906279634],[29.857159852981486,50.36314209922321],[29.856237173080366,50.3622797305076],[29.852986335754316,50.36364171837382],[29.85388755798332,50.364510906279634]]]]},"id":"56"},{"type":"Feature","properties":{"id":"57","кадастр":"3222784400:02:002:0022","площа":2.5},"geometry":{"type":"MultiPolygon","coordinates":[[[[29.849992990493696,50.365024198747896],[29.853007793426432,50.36373753514411],[29.852256774902266,50.363012060499486],[29.849241971969523,50.364291899803526],[29.849896430969164,50.36492154069837],[29.849992990493696,50.365024198747896]]]]},"id":"57"},{"type":"Feature","properties":{"id":"58","кадастр":"3222784400:02:002:0021","площа":3.1},"geometry":{"type":"MultiPolygon","coordinates":[[[[29.849241971969523,50.364291899803526],[29.852256774902266,50.363012060499486],[29.851312637329023,50.36210862374082],[29.848308563232344,50.363388487406844],[29.84859824180595,50.36366909461364],[29.848812818527144,50.36387441590897],[29.849209785461344,50.36426452392295],[29.849241971969523,50.364291899803526]]]]},"id":"58"},{"type":"Feature","properties":{"id":"59","кадастр":"3222784400:02:010:0034","площа":3.22},"geometry":{"type":"MultiPolygon","coordinates":[[[[29.847332239150923,50.36245083665752],[29.850347042083662,50.36117094770656],[29.84937071800224,50.3602332531479],[29.84636664390556,50.36151316738396],[29.84689235687248,50.362019647978315],[29.847332239150923,50.36245083665752]]]]},"id":"59"},{"type":"Feature","properties":{"id":"60","кадастр":"3222784400:02:010:0027","площа":3.25},"geometry":{"type":"MultiPolygon","coordinates":[[[[29.843845367431566,50.363320046373026],[29.84689235687248,50.362019647978315],[29.84636664390556,50.36151316738396],[29.84591603279106,50.361088814616835],[29.8428797721862,50.36238239427158],[29.843845367431566,50.363320046373026]]]]},"id":"60"},{"type":"Feature","properties":{"id":"61","кадастр":"3222784400:02:010:0072","площа":3.24},"geometry":{"type":"MultiPolygon","coordinates":[[[[29.8428797721862,50.36238239427158],[29.84591603279106,50.361088814616835],[29.84542250633232,50.36060970209415],[29.844950437545695,50.36015111843559],[29.84191417694084,50.361451568024115],[29.8428797721862,50.36238239427158]]]]},"id":"61"},{"type":"Feature","properties":{"id":"62","кадастр":"3222784400:02:010:0071","площа":3.19},"geometry":{"type":"MultiPolygon","coordinates":[[[[29.84480023384086,50.36423714802659],[29.847836494445723,50.36294361892284],[29.847332239150923,50.36245083665752],[29.84689235687248,50.362019647978315],[29.843845367431566,50.363320046373026],[29.84428524971,50.36374437919173],[29.84480023384086,50.36423714802659]]]]},"id":"62"},{"type":"Feature","properties":{"id":"63","кадастр":"3222784400:02:009:0042","площа":2.25},"geometry":{"type":"MultiPolygon","coordinates":[[[[29.862749576568522,50.36398392023661],[29.86605405807487,50.362539811611704],[29.86542105674736,50.36195120497059],[29.862127304077063,50.363395331504805],[29.862309694290083,50.36356643363288],[29.862749576568522,50.36398392023661]]]]},"id":"63"},{"type":"Feature","properties":{"id":"64","кадастр":"3222784400:02:009:0039","площа":2.26},"geometry":{"type":"MultiPolygon","coordinates":[[[[29.863382577896036,50.36457250166895],[29.866687059402384,50.36312841095328],[29.86605405807487,50.362539811611704],[29.862749576568522,50.36398392023661],[29.86316800117485,50.36436718339368],[29.863382577896036,50.36457250166895]]]]},"id":"64"},{"type":"Feature","properties":{"id":"65","кадастр":"3222784400:02:009:0055","площа":2.72},"geometry":{"type":"MultiPolygon","coordinates":[[[[29.858340024948042,50.364168708216596],[29.861505031585615,50.36282042383618],[29.861505031585615,50.362813579655324],[29.8608720302581,50.36223182067508],[29.860700368881147,50.362074402313446],[29.857546091079634,50.36342270788675],[29.858340024948042,50.364168708216596]]]]},"id":"65"},{"type":"Feature","properties":{"id":"66","кадастр":"3222784400:02:009:0053","площа":2.28},"geometry":{"type":"MultiPolygon","coordinates":[[[[29.8608720302581,50.36223182067508],[29.864176511764445,50.360787658738545],[29.86354351043693,50.3601921858095],[29.860239028930582,50.36163636586381],[29.860539436340254,50.36192382773986],[29.860700368881147,50.362074402313446],[29.8608720302581,50.36223182067508]]]]},"id":"66"},{"type":"Feature","properties":{"id":"67","кадастр":"3222784400:02:002:0024","площа":3.22},"geometry":{"type":"MultiPolygon","coordinates":[[[[29.852095842361365,50.36275882617293],[29.85531449317924,50.361410501739826],[29.854370355605997,50.36054125705326],[29.85116243362419,50.36188276186416],[29.852095842361365,50.36275882617293]]]]},"id":"67"},{"type":"Feature","properties":{"id":"68","кадастр":"3222784400:02:002:0023","площа":2.39},"geometry":{"type":"MultiPolygon","coordinates":[[[[29.850711822509684,50.365715423833215],[29.853726625442427,50.36443562291746],[29.853007793426432,50.36373753514411],[29.849992990493696,50.365024198747896],[29.850604534149088,50.36560592350073],[29.850711822509684,50.365715423833215]]]]},"id":"68"},{"type":"Feature","properties":{"id":"69","кадастр":"3222784400:02:009:0006","площа":2.24},"geometry":{"type":"MultiPolygon","coordinates":[[[[29.86400485038749,50.36515423195851],[29.865860939025804,50.364346651517295],[29.86730933189384,50.36371015894377],[29.866687059402384,50.36312841095328],[29.863382577896036,50.36457250166895],[29.86400485038749,50.36515423195851]]]]},"id":"69"},{"type":"Feature","properties":{"id":"70","кадастр":"3222784400:02:002:0025","площа":3.21},"geometry":{"type":"MultiPolygon","coordinates":[[[[29.852986335754316,50.36364171837382],[29.856237173080366,50.3622797305076],[29.85530376434318,50.361417346123005],[29.85208511352531,50.362765670361675],[29.852986335754316,50.36364171837382]]]]},"id":"70"},{"type":"Feature","properties":{"id":"71","кадастр":"3222784800:00:008:0006","площа":2.53},"geometry":{"type":"MultiPolygon","coordinates":[[[[29.87279176712028,50.36287517724751],[29.876954555511396,50.36113672560311],[29.876407384872362,50.3606028575945],[29.872212409973066,50.362348173041596],[29.87279176712028,50.36287517724751]]]]},"id":"71"},{"type":"Feature","properties":{"id":"72","кадастр":"3222784400:02:002:0012","площа":2.06},"geometry":{"type":"MultiPolygon","coordinates":[[[[29.84617352485649,50.365558017025805],[29.849209785461344,50.36426452392295],[29.848812818527144,50.36387441590897],[29.84859824180595,50.36366909461364],[29.845551252365034,50.36496944781579],[29.846001863479536,50.36540060969631],[29.84617352485649,50.365558017025805]]]]},"id":"72"},{"type":"Feature","properties":{"id":"73","кадастр":"3222784400:02:002:0006","площа":2.53},"geometry":{"type":"MultiPolygon","coordinates":[[[[29.845551252365034,50.36496944781579],[29.84859824180595,50.36366909461364],[29.848308563232344,50.363388487406844],[29.847836494445723,50.36294361892284],[29.84480023384086,50.36423714802659],[29.845325946807787,50.36474359955316],[29.845551252365034,50.36496944781579]]]]},"id":"73"},{"type":"Feature","properties":{"id":"74","кадастр":"3222784400:02:009:0020","площа":2.2},"geometry":{"type":"MultiPolygon","coordinates":[[[[29.871193170547407,50.36465462873034],[29.872223138809126,50.36413448827458],[29.870334863662638,50.3624303039521],[29.869251251220625,50.36290939809752],[29.871193170547407,50.36465462873034]]]]},"id":"74"},{"type":"Feature","properties":{"id":"75","кадастр":"3222784400:02:008:0010","площа":2.12},"geometry":{"type":"MultiPolygon","coordinates":[[[[29.872727394103922,50.36626292170586],[29.87524867057793,50.36515423195851],[29.874465465545576,50.36443562291746],[29.87195491790764,50.3655374856646],[29.872727394103922,50.36626292170586]]]]},"id":"75"},{"type":"Feature","properties":{"id":"76","кадастр":"3222784400:02:008:0029","площа":0.71},"geometry":{"type":"MultiPolygon","coordinates":[[[[29.868242740631025,50.369848876592265],[29.871107339858927,50.36858287384885],[29.87088203430168,50.36837072954441],[29.86800670623771,50.36963673794778],[29.868242740631025,50.369848876592265]]]]},"id":"76"},{"type":"Feature","properties":{"id":"77","кадастр":"3222784400:02:008:0038","площа":1.95},"geometry":{"type":"MultiPolygon","coordinates":[[[[29.870570898055952,50.36808330671576],[29.873306751251143,50.36687884926252],[29.87265229225151,50.36626976538929],[29.86991643905632,50.36746739479203],[29.86999154090873,50.36754267334486],[29.870570898055952,50.36808330671576]]]]},"id":"77"},{"type":"Feature","properties":{"id":"78","кадастр":"3222784400:02:007:0051","площа":2.69},"geometry":{"type":"MultiPolygon","coordinates":[[[[29.86373662948601,50.37127907689535],[29.86403703689567,50.371149060467346],[29.864938259124678,50.370752166009666],[29.862792491912764,50.36882239047204],[29.862395524978556,50.36908927899948],[29.861955642700114,50.36921245781354],[29.861601591110148,50.36935616602582],[29.86373662948601,50.37127907689535]]]]},"id":"78"},{"type":"Feature","properties":{"id":"79","кадастр":"3222784400:02:007:0043","площа":1.83},"geometry":{"type":"MultiPolygon","coordinates":[[[[29.85939145088188,50.36962305155105],[29.859455823898234,50.36958199233718],[29.860335588455122,50.36932879306656],[29.860399961471476,50.36928089034986],[29.858522415161055,50.3675905778163],[29.857578277587812,50.36798749871933],[29.85939145088188,50.36962305155105]]]]},"id":"79"},{"type":"Feature","properties":{"id":"80","кадастр":"3222784400:02:007:0058","площа":2.05},"geometry":{"type":"MultiPolygon","coordinates":[[[[29.86601114273063,50.37027999414107],[29.866558313369673,50.37004048487532],[29.866837263107218,50.369917308210745],[29.86450910568229,50.36781641253031],[29.863929748535078,50.36806277644709],[29.863704442977824,50.368206488141205],[29.86601114273063,50.37027999414107]]]]},"id":"80"},{"type":"Feature","properties":{"id":"81","кадастр":"3222784400:02:007:0055","площа":1.82},"geometry":{"type":"MultiPolygon","coordinates":[[[[29.862298965454016,50.368528127022365],[29.862384796142496,50.368500753585444],[29.863178730010908,50.36810383697553],[29.861311912536543,50.366420326175216],[29.860389232635416,50.366803569656646],[29.862298965454016,50.368528127022365]]]]},"id":"81"},{"type":"Feature","properties":{"id":"82","кадастр":"3222784400:02:011:0005","площа":2.51},"geometry":{"type":"MultiPolygon","coordinates":[[[[29.844553470611494,50.367645325724446],[29.847117662429728,50.36655719920244],[29.84591603279106,50.365393765887525],[29.844574928283613,50.36656404284344],[29.843984842300333,50.36707731310561],[29.844027757644575,50.36711837448676],[29.844553470611494,50.367645325724446]]]]},"id":"82"},{"type":"Feature","properties":{"id":"83","кадастр":"3222784400:02:009:0002","площа":2.15},"geometry":{"type":"MultiPolygon","coordinates":[[[[29.86836075782768,50.36614657893642],[29.86878991127006,50.36587967385823],[29.869261980056685,50.365640142381764],[29.867223501205366,50.363805975575886],[29.866247177123945,50.36423714802659],[29.86836075782768,50.36614657893642]]]]},"id":"83"},{"type":"Feature","properties":{"id":"84","кадастр":"3222784400:02:011:0052","площа":2.34},"geometry":{"type":"MultiPolygon","coordinates":[[[[29.844467639923014,50.36650245003892],[29.845840930938643,50.36531848392583],[29.844832420349046,50.36435349547708],[29.843126535415568,50.36507894961686],[29.844467639923014,50.36650245003892]]]]},"id":"84"},{"type":"Feature","properties":{"id":"85","кадастр":"3222784400:02:008:0032","площа":2.16},"geometry":{"type":"MultiPolygon","coordinates":[[[[29.8664188385009,50.36819964473707],[29.869326353073046,50.366919910815405],[29.869219064712446,50.36682410047008],[29.86859679222099,50.36624923433601],[29.86758828163139,50.366858318472765],[29.86561417579643,50.36747423830177],[29.8664188385009,50.36819964473707]]]]},"id":"85"},{"type":"Feature","properties":{"id":"86","кадастр":"3222784400:02:008:0050","площа":2.1},"geometry":{"type":"MultiPolygon","coordinates":[[[[29.872684478759687,50.370047328013975],[29.87542033195488,50.368842920412064],[29.874701499938883,50.36817911451874],[29.872019290923994,50.3693766957349],[29.871987104415812,50.36939038220268],[29.872030019760054,50.36943828480884],[29.872684478759687,50.370047328013975]]]]},"id":"86"},{"type":"Feature","properties":{"id":"87","кадастр":"3222784400:02:008:0048","площа":2.05},"geometry":{"type":"MultiPolygon","coordinates":[[[[29.86991643905632,50.36746739479203],[29.87265229225151,50.36626976538929],[29.87195491790764,50.36562645483231],[29.869219064712446,50.36682410047008],[29.869326353073046,50.366919910815405],[29.86991643905632,50.36746739479203]]]]},"id":"87"},{"type":"Feature","properties":{"id":"88","кадастр":"3222784400:02:008:0031","площа":2.14},"geometry":{"type":"MultiPolygon","coordinates":[[[[29.872019290923994,50.3693766957349],[29.874701499938883,50.36817911451874],[29.87398266792289,50.367508455835655],[29.8712468147277,50.36871289730859],[29.87134337425224,50.36879501720487],[29.872019290923994,50.3693766957349]]]]},"id":"88"},{"type":"Feature","properties":{"id":"89","кадастр":"3222784400:02:008:0030","площа":0.71},"geometry":{"type":"MultiPolygon","coordinates":[[[[29.86847877502434,50.370054171151644],[29.87134337425224,50.36879501720487],[29.8712468147277,50.36871289730859],[29.871107339858927,50.36858287384885],[29.868242740631025,50.369848876592265],[29.86847877502434,50.370054171151644]]]]},"id":"89"},{"type":"Feature","properties":{"id":"90","кадастр":"3222784400:02:008:0028","площа":0.71},"geometry":{"type":"MultiPolygon","coordinates":[[[[29.86800670623771,50.36963673794778],[29.87088203430168,50.36837072954441],[29.87086057662956,50.36835019940009],[29.87065672874443,50.36815858429152],[29.867770671844404,50.36942459835488],[29.86800670623771,50.36963673794778]]]]},"id":"90"},{"type":"Feature","properties":{"id":"91","кадастр":"3222784400:02:007:0035","площа":2.02},"geometry":{"type":"MultiPolygon","coordinates":[[[[29.86829638481132,50.371600694949734],[29.8693907260894,50.371114845558644],[29.867663383483805,50.3695546195082],[29.866837263107218,50.369917308210745],[29.866558313369673,50.37004048487532],[29.86829638481132,50.371600694949734]]]]},"id":"91"},{"type":"Feature","properties":{"id":"92","кадастр":"3222784400:02:002:0013","площа":2.47},"geometry":{"type":"MultiPolygon","coordinates":[[[[29.851462841033857,50.3664340134957],[29.854466915130537,50.36515423195851],[29.853726625442427,50.36443562291746],[29.850711822509684,50.365715423833215],[29.851226806640543,50.366208172202825],[29.85143065452568,50.366406638850776],[29.851462841033857,50.3664340134957]]]]},"id":"92"},{"type":"Feature","properties":{"id":"93","кадастр":"3222784400:02:002:0002","площа":2.28},"geometry":{"type":"MultiPolygon","coordinates":[[[[29.846849441528242,50.366215015894156],[29.849896430969164,50.36492154069837],[29.849241971969523,50.364291899803526],[29.849209785461344,50.36426452392295],[29.84617352485649,50.365558017025805],[29.846849441528242,50.366215015894156]]]]},"id":"93"},{"type":"Feature","properties":{"id":"94","кадастр":"3222784400:02:002:0019","площа":3.16},"geometry":{"type":"MultiPolygon","coordinates":[[[[29.85241770744316,50.367357898502014],[29.85542178153984,50.366078141879996],[29.854466915130537,50.36515423195851],[29.851462841033857,50.3664340134957],[29.85241770744316,50.367357898502014]]]]},"id":"94"},{"type":"Feature","properties":{"id":"95","кадастр":"3222784400:02:002:0018","площа":3.21},"geometry":{"type":"MultiPolygon","coordinates":[[[[29.855668544769205,50.36622870327386],[29.858983755111613,50.36484625798759],[29.858071804046553,50.36399760825981],[29.854778051376265,50.36537323445526],[29.855668544769205,50.36622870327386]]]]},"id":"95"},{"type":"Feature","properties":{"id":"96","кадастр":"3222784400:02:011:0033","площа":2.75},"geometry":{"type":"MultiPolygon","coordinates":[[[[29.84428524971,50.37065636340179],[29.845165014266893,50.37027999414107],[29.845529794692915,50.37012260247406],[29.843276739120405,50.36787800362941],[29.842611551284712,50.36897978645187],[29.84428524971,50.37065636340179]]]]},"id":"96"},{"type":"Feature","properties":{"id":"97","кадастр":"3222784400:02:011:0014","площа":3.02},"geometry":{"type":"MultiPolygon","coordinates":[[[[29.84580874443046,50.37283924624234],[29.84716057777397,50.37226445297799],[29.845165014266893,50.37027999414107],[29.84428524971,50.37065636340179],[29.84382390975944,50.37084796842411],[29.84580874443046,50.37283924624234]]]]},"id":"97"},{"type":"Feature","properties":{"id":"98","кадастр":"3222784400:02:011:0051","площа":3.03},"geometry":{"type":"MultiPolygon","coordinates":[[[[29.84716057777397,50.37226445297799],[29.848512411117476,50.37168965275009],[29.846516847610395,50.369705169872205],[29.845529794692915,50.37012260247406],[29.845165014266893,50.37027999414107],[29.84716057777397,50.37226445297799]]]]},"id":"98"},{"type":"Feature","properties":{"id":"99","кадастр":"3222784400:02:009:0003","площа":3.15},"geometry":{"type":"MultiPolygon","coordinates":[[[[29.85578656196586,50.361780097019455],[29.858940839767374,50.36043174478255],[29.858694076538008,50.36019903036836],[29.858018159866248,50.359569326821266],[29.854853153228685,50.36091770355676],[29.85578656196586,50.361780097019455]]]]},"id":"99"},{"type":"Feature","properties":{"id":"100","кадастр":"3222784800:02:008:0015","площа":2.13},"geometry":{"type":"MultiPolygon","coordinates":[[[[29.870227575302046,50.35444925312694],[29.873585700988688,50.35305277355015],[29.873027801513594,50.35251196895515],[29.873006343841475,50.35248458628017],[29.869658946990885,50.353887928038034],[29.870227575302046,50.35444925312694]]]]},"id":"100"},{"type":"Feature","properties":{"id":"101","кадастр":"3222784400:02:009:0008","площа":2.18},"geometry":{"type":"MultiPolygon","coordinates":[[[[29.856644868850626,50.35828936016887],[29.859949350356974,50.35684507827893],[29.859337806701582,50.35627693639366],[29.856033325195234,50.3577212355688],[29.856258630752485,50.3579197377079],[29.856644868850626,50.35828936016887]]]]},"id":"101"},{"type":"Feature","properties":{"id":"102","кадастр":"3222784400:02:009:0005","площа":3.11},"geometry":{"type":"MultiPolygon","coordinates":[[[[29.86416578292839,50.360698680499745],[29.868210554122847,50.358912235952566],[29.867513179778978,50.35824829114867],[29.863457679748457,50.36004160526477],[29.86416578292839,50.360698680499745]]]]},"id":"102"},{"type":"Feature","properties":{"id":"103","кадастр":"3222784800:02:008:0005","площа":2.65},"geometry":{"type":"MultiPolygon","coordinates":[[[[29.870527982711714,50.360787658738545],[29.874787330627363,50.359008062270775],[29.87422943115227,50.358460480703926],[29.869948625564493,50.360240097700846],[29.870527982711714,50.360787658738545]]]]},"id":"103"},{"type":"Feature","properties":{"id":"104","кадастр":"3222784800:02:008:0016","площа":3.47},"geometry":{"type":"MultiPolygon","coordinates":[[[[29.863940477371138,50.354640923588526],[29.868435859680098,50.3527652579501],[29.867759943008345,50.352108072897664],[29.86729860305778,50.35212861006825],[29.867191314697184,50.35204646133264],[29.865292310714644,50.35328552299875],[29.86316800117485,50.35392900083055],[29.863940477371138,50.354640923588526]]]]},"id":"104"},{"type":"Feature","properties":{"id":"105","кадастр":"3222784800:02:008:0012","площа":2.15},"geometry":{"type":"MultiPolygon","coordinates":[[[[29.870806932449266,50.35501741688521],[29.874165058135908,50.353620954020535],[29.87361788749687,50.35308700148178],[29.873585700988688,50.35305277355015],[29.870227575302046,50.35444925312694],[29.870806932449266,50.35501741688521]]]]},"id":"105"},{"type":"Feature","properties":{"id":"106","кадастр":"3222784800:02:008:0010","площа":2.12},"geometry":{"type":"MultiPolygon","coordinates":[[[[29.873102903366014,50.357269468985606],[29.876450300216597,50.35587307236476],[29.875903129577555,50.355332299895075],[29.875881671905443,50.35531176411027],[29.872523546218794,50.356708177241636],[29.873102903366014,50.357269468985606]]]]},"id":"106"},{"type":"Feature","properties":{"id":"107","кадастр":"3222784400:02:009:0044","площа":2.18},"geometry":{"type":"MultiPolygon","coordinates":[[[[29.856033325195234,50.35771439065266],[29.859337806701582,50.35627693639366],[29.858726263046186,50.355701942502606],[29.8554325103759,50.35715310416937],[29.8554861545562,50.35720101912824],[29.856033325195234,50.35771439065266]]]]},"id":"107"},{"type":"Feature","properties":{"id":"108","кадастр":"3222784400:02:009:0041","площа":2.17},"geometry":{"type":"MultiPolygon","coordinates":[[[[29.850958585739058,50.357283158945236],[29.85412359237663,50.355934678964125],[29.85384464263908,50.35566771645615],[29.853286743163984,50.355517121558606],[29.85283613204948,50.355647180816426],[29.852803945541304,50.35558557384398],[29.850293397903364,50.356660261785315],[29.85054016113273,50.35688614851314],[29.850958585739058,50.357283158945236]]]]},"id":"108"},{"type":"Feature","properties":{"id":"109","кадастр":"3222784400:02:009:0051","площа":2.65},"geometry":{"type":"MultiPolygon","coordinates":[[[[29.858694076538008,50.36019903036836],[29.861998558044355,50.35875480658126],[29.86125826835624,50.35806348011806],[29.857953786849894,50.35950772493872],[29.858018159866248,50.359569326821266],[29.858694076538008,50.36019903036836]]]]},"id":"109"},{"type":"Feature","properties":{"id":"110","кадастр":"3222784400:02:009:0048","площа":2.54},"geometry":{"type":"MultiPolygon","coordinates":[[[[29.86276030540458,50.359384520933816],[29.866826534271166,50.357598026927036],[29.866343736648478,50.357146259171294],[29.866247177123945,50.357057274106516],[29.862191677093428,50.35885063321728],[29.86276030540458,50.359384520933816]]]]},"id":"110"},{"type":"Feature","properties":{"id":"111","кадастр":"3222784400:02:009:0024","площа":2.48},"geometry":{"type":"MultiPolygon","coordinates":[[[[29.860239028930582,50.36163636586381],[29.86354351043693,50.3601921858095],[29.86284613609306,50.3595487928693],[29.859541654586714,50.360992992499185],[29.8598635196685,50.36128730267372],[29.860239028930582,50.36163636586381]]]]},"id":"111"},{"type":"Feature","properties":{"id":"112","кадастр":"3222784400:02:009:0013","площа":2.37},"geometry":{"type":"MultiPolygon","coordinates":[[[[29.852321147918623,50.358549463138374],[29.8554861545562,50.35720101912824],[29.8554325103759,50.35715310416937],[29.854788780212324,50.35655074056068],[29.85162377357475,50.35789920304236],[29.851752519607462,50.3580155660297],[29.852321147918623,50.358549463138374]]]]},"id":"112"},{"type":"Feature","properties":{"id":"113","кадастр":"3222784400:02:009:0038","площа":2.29},"geometry":{"type":"MultiPolygon","coordinates":[[[[29.8572885990142,50.35888485696897],[29.860593080520548,50.3574405931972],[29.859949350356974,50.35684507827893],[29.856644868850626,50.35828936016887],[29.857106208801188,50.35871373796375],[29.8572885990142,50.35888485696897]]]]},"id":"113"},{"type":"Feature","properties":{"id":"114","кадастр":"3222784400:02:009:0030","площа":2.41},"geometry":{"type":"MultiPolygon","coordinates":[[[[29.861612319946207,50.358309894665645],[29.865667819976725,50.356523360215036],[29.86510992050163,50.35601682097225],[29.861065149307176,50.35779652958135],[29.861612319946207,50.358309894665645]]]]},"id":"114"},{"type":"Feature","properties":{"id":"115","кадастр":"3222784800:00:008:0057","площа":3.04},"geometry":{"type":"MultiPolygon","coordinates":[[[[29.866719245910566,50.357173639157665],[29.87107515335075,50.35535968092767],[29.870442152023234,50.35474360387463],[29.86605405807487,50.35657127580954],[29.866579771041792,50.357043584081744],[29.866719245910566,50.357173639157665]]]]},"id":"115"},{"type":"Feature","properties":{"id":"116","кадастр":"3222784800:00:008:0056","площа":3.01},"geometry":{"type":"MultiPolygon","coordinates":[[[[29.867362976074137,50.35778283976977],[29.871697425842207,50.35597574998596],[29.87107515335075,50.35535968092767],[29.866719245910566,50.357173639157665],[29.867362976074137,50.35778283976977]]]]},"id":"116"},{"type":"Feature","properties":{"id":"117","кадастр":"3222784800:02:008:0006","площа":2.13},"geometry":{"type":"MultiPolygon","coordinates":[[[[29.872523546218794,50.356708177241636],[29.875881671905443,50.35531176411027],[29.8753345012664,50.35477783058732],[29.875302314758223,50.35475044921914],[29.87195491790764,50.356146878861104],[29.872523546218794,50.356708177241636]]]]},"id":"117"},{"type":"Feature","properties":{"id":"118","кадастр":"3222784800:02:008:0001","площа":2.52},"geometry":{"type":"MultiPolygon","coordinates":[[[[29.871643781661906,50.361821162983986],[29.875860214233317,50.36006213900353],[29.87532377243034,50.35953510356305],[29.871085882186808,50.36130099147464],[29.871643781661906,50.361821162983986]]]]},"id":"118"},{"type":"Feature","properties":{"id":"119","кадастр":"3222784800:00:008:0011","площа":3.05},"geometry":{"type":"MultiPolygon","coordinates":[[[[29.86934781074516,50.35966515181297],[29.873639345168982,50.357878668367924],[29.872995615005415,50.35724893403875],[29.868693351745527,50.35904228590897],[29.86878991127006,50.35913811196465],[29.86934781074516,50.35966515181297]]]]},"id":"119"},{"type":"Feature","properties":{"id":"120","кадастр":"3222784400:02:010:0017","площа":2.3},"geometry":{"type":"MultiPolygon","coordinates":[[[[29.847729206085123,50.35856315272886],[29.85085129737846,50.35726262400431],[29.850422143936083,50.356858768360944],[29.85016465187065,50.35661234628063],[29.847053289413374,50.35791289282038],[29.847729206085123,50.35856315272886]]]]},"id":"120"},{"type":"Feature","properties":{"id":"121","кадастр":"3222784800:00:008:0054","площа":3.07},"geometry":{"type":"MultiPolygon","coordinates":[[[[29.868017435073778,50.35840572219983],[29.87234115600578,50.35660550120458],[29.871697425842207,50.35597574998596],[29.867362976074137,50.35778283976977],[29.868017435073778,50.35840572219983]]]]},"id":"121"},{"type":"Feature","properties":{"id":"122","кадастр":"3222784800:00:008:0053","площа":3.1},"geometry":{"type":"MultiPolygon","coordinates":[[[[29.86605405807487,50.35657127580954],[29.870442152023234,50.35474360387463],[29.86980915069572,50.354120673392494],[29.865388870239183,50.355955214479486],[29.86605405807487,50.35657127580954]]]]},"id":"122"},{"type":"Feature","properties":{"id":"123","кадастр":"3222784800:02:008:0026","площа":2.8},"geometry":{"type":"MultiPolygon","coordinates":[[[[29.869948625564493,50.360240097700846],[29.87422943115227,50.358460480703926],[29.873639345168982,50.357878668367924],[29.86934781074516,50.35966515181297],[29.869948625564493,50.360240097700846]]]]},"id":"123"},{"type":"Feature","properties":{"id":"124","кадастр":"3222784800:02:008:0018","площа":3.13},"geometry":{"type":"MultiPolygon","coordinates":[[[[29.868693351745527,50.35904228590897],[29.872995615005415,50.35724893403875],[29.87234115600578,50.35660550120458],[29.868017435073778,50.35840572219983],[29.868693351745527,50.35904228590897]]]]},"id":"124"},{"type":"Feature","properties":{"id":"125","кадастр":"3222786500:05:001:0016","площа":4.43},"geometry":{"type":"MultiPolygon","coordinates":[[[[29.85402703285209,50.35547605014],[29.855207204818647,50.35342243390612],[29.852879047393717,50.352874787907794],[29.852793216705244,50.35285425105997],[29.85162377357475,50.354880510577324],[29.85402703285209,50.35547605014]]]]},"id":"125"},{"type":"Feature","properties":{"id":"126","кадастр":"3222784800:02:008:0028","площа":2.52},"geometry":{"type":"MultiPolygon","coordinates":[[[[29.871085882186808,50.36130099147464],[29.87532377243034,50.35953510356305],[29.874787330627363,50.359008062270775],[29.870527982711714,50.360787658738545],[29.870592355728068,50.360849258960016],[29.871085882186808,50.36130099147464]]]]},"id":"126"},{"type":"Feature","properties":{"id":"127","кадастр":"3222784400:02:009:0050","площа":2.92},"geometry":{"type":"MultiPolygon","coordinates":[[[[29.86620426177971,50.362601409559204],[29.870227575302046,50.36082188109368],[29.869573116302412,50.36019903036836],[29.86553907394401,50.361978582185515],[29.86620426177971,50.362601409559204]]]]},"id":"127"},{"type":"Feature","properties":{"id":"128","кадастр":"3222784400:02:009:0047","площа":2.14},"geometry":{"type":"MultiPolygon","coordinates":[[[[29.869261980056685,50.365640142381764],[29.870216846465986,50.36515423195851],[29.868221282958906,50.36336111100516],[29.867223501205366,50.363805975575886],[29.869261980056685,50.365640142381764]]]]},"id":"128"},{"type":"Feature","properties":{"id":"129","кадастр":"3222784400:02:010:0013","площа":3.22},"geometry":{"type":"MultiPolygon","coordinates":[[[[29.848308563232344,50.363388487406844],[29.851312637329023,50.36210862374082],[29.850347042083662,50.36117094770656],[29.847332239150923,50.36245083665752],[29.847836494445723,50.36294361892284],[29.848308563232344,50.363388487406844]]]]},"id":"129"},{"type":"Feature","properties":{"id":"130","кадастр":"3222784400:02:009:0052","площа":2.15},"geometry":{"type":"MultiPolygon","coordinates":[[[[29.870216846465986,50.36515423195851],[29.871193170547407,50.36465462873034],[29.869251251220625,50.36290939809752],[29.868221282958906,50.36336111100516],[29.870216846465986,50.36515423195851]]]]},"id":"130"},{"type":"Feature","properties":{"id":"131","кадастр":"3222784400:02:009:0018","площа":2.24},"geometry":{"type":"MultiPolygon","coordinates":[[[[29.861505031585615,50.362813579655324],[29.864798784255903,50.36136943541999],[29.864176511764445,50.360787658738545],[29.8608720302581,50.36223182067508],[29.861505031585615,50.362813579655324]]]]},"id":"131"},{"type":"Feature","properties":{"id":"132","кадастр":"3222784400:02:009:0010","площа":2.26},"geometry":{"type":"MultiPolygon","coordinates":[[[[29.872223138809126,50.36413448827458],[29.87329602241508,50.36358696584679],[29.871493577957075,50.36191698342971],[29.870334863662638,50.3624303039521],[29.872223138809126,50.36413448827458]]]]},"id":"132"},{"type":"Feature","properties":{"id":"133","кадастр":"3222784400:02:009:0037","площа":3.12},"geometry":{"type":"MultiPolygon","coordinates":[[[[29.856698513030928,50.362635630606604],[29.8598635196685,50.36128730267372],[29.859541654586714,50.360992992499185],[29.858940839767374,50.36043174478255],[29.85578656196586,50.361780097019455],[29.856698513030928,50.362635630606604]]]]},"id":"133"},{"type":"Feature","properties":{"id":"134","кадастр":"3222784400:02:009:0034","площа":2.29},"geometry":{"type":"MultiPolygon","coordinates":[[[[29.867362976074137,50.36368278272763],[29.86930489540092,50.36283411219494],[29.87138628959648,50.36191013911857],[29.87086057662956,50.3614241905052],[29.866847991943278,50.36319685226344],[29.867362976074137,50.36368278272763]]]]},"id":"134"},{"type":"Feature","properties":{"id":"135","кадастр":"3222784400:02:009:0019","площа":2.96},"geometry":{"type":"MultiPolygon","coordinates":[[[[29.86553907394401,50.361978582185515],[29.869573116302412,50.36019903036836],[29.86889719963066,50.359569326821266],[29.864863157272257,50.36134890224674],[29.86553907394401,50.361978582185515]]]]},"id":"135"},{"type":"Feature","properties":{"id":"136","кадастр":"3222784400:02:009:0017","площа":3.08},"geometry":{"type":"MultiPolygon","coordinates":[[[[29.863457679748457,50.36004160526477],[29.867513179778978,50.35824829114867],[29.866826534271166,50.357598026927036],[29.86276030540458,50.359384520933816],[29.863457679748457,50.36004160526477]]]]},"id":"136"},{"type":"Feature","properties":{"id":"137","кадастр":"3222784400:02:009:0046","площа":2.39},"geometry":{"type":"MultiPolygon","coordinates":[[[[29.857953786849894,50.35950772493872],[29.86125826835624,50.35806348011806],[29.860593080520548,50.3574405931972],[29.8572885990142,50.35888485696897],[29.85733151435844,50.35891908069599],[29.857953786849894,50.35950772493872]]]]},"id":"137"},{"type":"Feature","properties":{"id":"138","кадастр":"3222784400:02:009:0021","площа":2.25},"geometry":{"type":"MultiPolygon","coordinates":[[[[29.861065149307176,50.35779652958135],[29.86510992050163,50.35601682097225],[29.86461639404289,50.35555819294167],[29.860528707504194,50.35730369387726],[29.861065149307176,50.35779652958135]]]]},"id":"138"},{"type":"Feature","properties":{"id":"139","кадастр":"3222784400:02:008:0021","площа":2.13},"geometry":{"type":"MultiPolygon","coordinates":[[[[29.87195491790764,50.3655374856646],[29.874465465545576,50.36443562291746],[29.87393975257866,50.36393601212436],[29.87362861633293,50.363655406495695],[29.871225357055586,50.36486678964783],[29.87195491790764,50.3655374856646]]]]},"id":"139"},{"type":"Feature","properties":{"id":"140","кадастр":"3222784800:02:008:0021","площа":2.55},"geometry":{"type":"MultiPolygon","coordinates":[[[[29.872212409973066,50.362348173041596],[29.876407384872362,50.3606028575945],[29.875860214233317,50.36006213900353],[29.871643781661906,50.361821162983986],[29.87183690071098,50.36199911508637],[29.872212409973066,50.362348173041596]]]]},"id":"140"},{"type":"Feature","properties":{"id":"141","кадастр":"3222784400:02:009:0007","площа":3.07},"geometry":{"type":"MultiPolygon","coordinates":[[[[29.864863157272257,50.36134890224674],[29.86889719963066,50.359569326821266],[29.868210554122847,50.358912235952566],[29.86416578292839,50.360698680499745],[29.864863157272257,50.36134890224674]]]]},"id":"141"},{"type":"Feature","properties":{"id":"142","кадастр":"3222784400:02:009:0001","площа":2.16},"geometry":{"type":"MultiPolygon","coordinates":[[[[29.850293397903364,50.356660261785315],[29.852803945541304,50.35558557384398],[29.852696657180704,50.355332299895075],[29.852503538131632,50.35527753778252],[29.851849079132,50.355229620882206],[29.85114097595207,50.35520908505298],[29.850422143936083,50.355352835671],[29.849349260330122,50.35577039452149],[29.850293397903364,50.356660261785315]]]]},"id":"142"},{"type":"Feature","properties":{"id":"143","кадастр":"3222784400:02:009:0032","площа":2.17},"geometry":{"type":"MultiPolygon","coordinates":[[[[29.8554325103759,50.35715310416937],[29.858726263046186,50.355701942502606],[29.858715534210127,50.35568825208699],[29.85587239265434,50.35597574998596],[29.854981899261393,50.35604420161005],[29.85479950904838,50.35590729826317],[29.854166507720873,50.35575670412561],[29.85384464263908,50.35566771645615],[29.85412359237663,50.355934678964125],[29.854788780212324,50.35655074056068],[29.8554325103759,50.35715310416937]]]]},"id":"143"},{"type":"Feature","properties":{"id":"144","кадастр":"3222784400:02:009:0029","площа":4.68},"geometry":{"type":"MultiPolygon","coordinates":[[[[29.859981536865156,50.35679716296079],[29.86401557922355,50.35501741688521],[29.863436222076334,50.35449032543386],[29.862964153289717,50.35406590988233],[29.859209060668867,50.35563349038502],[29.858790636062547,50.35567456166742],[29.859412908553995,50.356263246143854],[29.859981536865156,50.35679716296079]]]]},"id":"144"},{"type":"Feature","properties":{"id":"145","кадастр":"3222784400:02:009:0040","площа":2.62},"geometry":{"type":"MultiPolygon","coordinates":[[[[29.853093624114912,50.35926816130221],[29.856258630752485,50.3579197377079],[29.856033325195234,50.3577212355688],[29.8554861545562,50.35720101912824],[29.852321147918623,50.358549463138374],[29.853093624114912,50.35926816130221]]]]},"id":"145"},{"type":"Feature","properties":{"id":"146","кадастр":"3222784400:02:009:0033","площа":3.05},"geometry":{"type":"MultiPolygon","coordinates":[[[[29.859541654586714,50.360992992499185],[29.86284613609306,50.3595487928693],[29.862363338470377,50.359090198960985],[29.861998558044355,50.35875480658126],[29.858694076538008,50.36019903036836],[29.858940839767374,50.36043174478255],[29.859541654586714,50.360992992499185]]]]},"id":"146"},{"type":"Feature","properties":{"id":"147","кадастр":"3222784400:02:009:0025","площа":2.55},"geometry":{"type":"MultiPolygon","coordinates":[[[[29.862191677093428,50.35885063321728],[29.866247177123945,50.357057274106516],[29.865667819976725,50.356523360215036],[29.861612319946207,50.358309894665645],[29.862191677093428,50.35885063321728]]]]},"id":"147"},{"type":"Feature","properties":{"id":"148","кадастр":"3222784400:02:009:0023","площа":2.89},"geometry":{"type":"MultiPolygon","coordinates":[[[[29.853941202163618,50.36006213900353],[29.857106208801188,50.35871373796375],[29.856644868850626,50.35828936016887],[29.856258630752485,50.3579197377079],[29.853093624114912,50.35926816130221],[29.853941202163618,50.36006213900353]]]]},"id":"148"},{"type":"Feature","properties":{"id":"149","кадастр":"3222784400:02:009:0027","площа":1.24},"geometry":{"type":"MultiPolygon","coordinates":[[[[29.86261010169975,50.35641383867457],[29.86460566520683,50.355565038168734],[29.864305257797163,50.35527753778252],[29.86401557922355,50.35501741688521],[29.86204147338859,50.35588676272708],[29.86261010169975,50.35641383867457]]]]},"id":"149"},{"type":"Feature","properties":{"id":"150","кадастр":"3222784400:02:009:0026","площа":1.24},"geometry":{"type":"MultiPolygon","coordinates":[[[[29.860528707504194,50.35730369387726],[29.86261010169975,50.35641383867457],[29.86204147338859,50.35588676272708],[29.861998558044355,50.35590729826317],[29.859981536865156,50.35679716296079],[29.86026048660271,50.357057274106516],[29.860528707504194,50.35730369387726]]]]},"id":"150"},{"type":"Feature","properties":{"id":"151","кадастр":"3222784400:02:010:0082","площа":2.38},"geometry":{"type":"MultiPolygon","coordinates":[[[[29.848415851592943,50.35923393782688],[29.85157012939445,50.3579197377079],[29.85085129737846,50.35726262400431],[29.847729206085123,50.35856315272886],[29.848415851592943,50.35923393782688]]]]},"id":"151"},{"type":"Feature","properties":{"id":"152","кадастр":"3222784400:02:010:0078","площа":3.11},"geometry":{"type":"MultiPolygon","coordinates":[[[[29.849327802658003,50.36010320645444],[29.852482080459517,50.35878218563985],[29.85157012939445,50.3579197377079],[29.848415851592943,50.35923393782688],[29.849327802658003,50.36010320645444]]]]},"id":"152"},{"type":"Feature","properties":{"id":"153","кадастр":"3222784800:00:008:0061","площа":2.12},"geometry":{"type":"MultiPolygon","coordinates":[[[[29.87195491790764,50.35614003371794],[29.875302314758223,50.35475044921914],[29.874755144119188,50.354216509383285],[29.874733686447062,50.354182282265924],[29.87138628959648,50.35557872861988],[29.87195491790764,50.35614003371794]]]]},"id":"153"},{"type":"Feature","properties":{"id":"154","кадастр":"3222784800:00:008:0058","площа":3.31},"geometry":{"type":"MultiPolygon","coordinates":[[[[29.865388870239183,50.355955214479486],[29.86980915069572,50.354120673392494],[29.869133234023966,50.35345666157128],[29.864680767059244,50.35531176411027],[29.865388870239183,50.355955214479486]]]]},"id":"154"},{"type":"Feature","properties":{"id":"155","кадастр":"3222784400:02:009:0054","площа":3.12},"geometry":{"type":"MultiPolygon","coordinates":[[[[29.854853153228685,50.36091770355676],[29.858018159866248,50.359569326821266],[29.857953786849894,50.35950772493872],[29.85733151435844,50.35891908069599],[29.8572885990142,50.35888485696897],[29.857106208801188,50.35871373796375],[29.853941202163618,50.36006213900353],[29.85440254211418,50.36048650094949],[29.854853153228685,50.36091770355676]]]]},"id":"155"},{"type":"Feature","properties":{"id":"156","кадастр":"3222784400:02:009:0043","площа":2.25},"geometry":{"type":"MultiPolygon","coordinates":[[[[29.85162377357475,50.35789920304236],[29.854788780212324,50.35655074056068],[29.85412359237663,50.355934678964125],[29.850958585739058,50.357283158945236],[29.85162377357475,50.35789920304236]]]]},"id":"156"},{"type":"Feature","properties":{"id":"157","кадастр":"3222784400:02:010:0033","площа":3.21},"geometry":{"type":"MultiPolygon","coordinates":[[[[29.85116243362419,50.36188276186416],[29.854370355605997,50.36054125705326],[29.85342621803276,50.35966515181297],[29.85025048255913,50.360992992499185],[29.85116243362419,50.36188276186416]]]]},"id":"157"},{"type":"Feature","properties":{"id":"158","кадастр":"3222784400:02:010:0018","площа":3.2},"geometry":{"type":"MultiPolygon","coordinates":[[[[29.85025048255913,50.360992992499185],[29.85342621803276,50.35966515181297],[29.852482080459517,50.35878218563985],[29.849327802658003,50.36010320645444],[29.85025048255913,50.360992992499185]]]]},"id":"158"},{"type":"Feature","properties":{"id":"159","кадастр":"3222784400:02:010:0075","площа":3.25},"geometry":{"type":"MultiPolygon","coordinates":[[[[29.84191417694084,50.361451568024115],[29.844950437545695,50.36015111843559],[29.844574928283613,50.3597883550895],[29.843984842300333,50.35922024842982],[29.84093785285942,50.36051387900927],[29.84191417694084,50.361451568024115]]]]},"id":"159"},{"type":"Feature","properties":{"id":"160","кадастр":"3222786500:05:005:0031","площа":3.49},"geometry":{"type":"MultiPolygon","coordinates":[[[[29.872963428497236,50.34719943435533],[29.87355351448051,50.346460013865425],[29.873811006545935,50.346131378841015],[29.869980812072672,50.345556262076],[29.86941218376152,50.34666540960082],[29.872963428497236,50.34719943435533]]]]},"id":"160"},{"type":"Feature","properties":{"id":"161","кадастр":"3222786500:05:005:0010","площа":3.16},"geometry":{"type":"MultiPolygon","coordinates":[[[[29.876321554183882,50.34809630857173],[29.876343011855997,50.34791145801983],[29.876407384872362,50.34731582356888],[29.876461029052656,50.346898190360335],[29.87355351448051,50.346460013865425],[29.872963428497236,50.34719943435533],[29.872684478759687,50.3475486011402],[29.876321554183882,50.34809630857173]]]]},"id":"161"},{"type":"Feature","properties":{"id":"162","кадастр":"3222786500:05:005:0029","площа":3.15},"geometry":{"type":"MultiPolygon","coordinates":[[[[29.876192808151163,50.34921224291543],[29.876321554183882,50.34809630857173],[29.872684478759687,50.3475486011402],[29.872051477432173,50.348342774854956],[29.876192808151163,50.34921224291543]]]]},"id":"162"},{"type":"Feature","properties":{"id":"163","кадастр":"3222786500:05:005:0028","площа":3.2},"geometry":{"type":"MultiPolygon","coordinates":[[[[29.872051477432173,50.348342774854956],[29.872684478759687,50.3475486011402],[29.872963428497236,50.34719943435533],[29.86941218376152,50.34666540960082],[29.86889719963066,50.34767868222719],[29.871010780334394,50.34812369377748],[29.871997833251875,50.34832908231723],[29.872051477432173,50.348342774854956]]]]},"id":"163"},{"type":"Feature","properties":{"id":"164","кадастр":"3222786500:05:005:0027","площа":129.86},"geometry":{"type":"MultiPolygon","coordinates":[[[[29.858254194259562,50.35127288710139],[29.868725538253706,50.34769922131361],[29.868822097778246,50.347664989497964],[29.86889719963066,50.34767868222719],[29.86941218376152,50.34666540960082],[29.870517253875654,50.3445018632511],[29.876600503921424,50.34578220163574],[29.87665414810173,50.34528924121048],[29.876761436462324,50.34441285448661],[29.876847267150797,50.343707625302],[29.85067963600151,50.343707625302],[29.85016465187065,50.34436492662127],[29.85014319419853,50.34440600765166],[29.846463203430094,50.343707625302],[29.844735860824507,50.343707625302],[29.839822053909224,50.346925576257036],[29.858114719390787,50.35123865786193],[29.858254194259562,50.35127288710139]]]]},"id":"164"},{"type":"Feature","properties":{"id":"165","кадастр":"3222784400:02:010:0019","площа":3.25},"geometry":{"type":"MultiPolygon","coordinates":[[[[29.84093785285942,50.36051387900927],[29.843984842300333,50.35922024842982],[29.843652248382487,50.35889854646274],[29.84300851821892,50.35828251533464],[29.839972257614058,50.35957617146994],[29.84093785285942,50.36051387900927]]]]},"id":"165"},{"type":"Feature","properties":{"id":"166","кадастр":"3222784400:02:010:0023","площа":2.03},"geometry":{"type":"MultiPolygon","coordinates":[[[[29.845025539398108,50.35516801336789],[29.845336675643843,50.35426442730613],[29.8439419269561,50.353490889211756],[29.843577146530073,50.35333344186124],[29.843040704727095,50.35485997459708],[29.845025539398108,50.35516801336789]]]]},"id":"166"},{"type":"Feature","properties":{"id":"167","кадастр":"3222784400:02:010:0020","площа":3.21},"geometry":{"type":"MultiPolygon","coordinates":[[[[29.843652248382487,50.35889854646274],[29.84665632247917,50.35761171679192],[29.84569072723381,50.35668079698681],[29.842675924301066,50.35796080701237],[29.84300851821892,50.35828251533464],[29.843652248382487,50.35889854646274]]]]},"id":"167"},{"type":"Feature","properties":{"id":"168","кадастр":"3222784400:02:010:0001","площа":2.3},"geometry":{"type":"MultiPolygon","coordinates":[[[[29.846345186233442,50.35723524406926],[29.849445819854658,50.3559415241369],[29.849284887313765,50.35579777530141],[29.849241971969523,50.35575670412561],[29.848823547363203,50.355434978685864],[29.846055507659834,50.35637961314136],[29.84588384628288,50.356126343428656],[29.8452937602996,50.356222175370746],[29.846345186233442,50.35723524406926]]]]},"id":"168"},{"type":"Feature","properties":{"id":"169","кадастр":"3222786500:05:005:0032","площа":2.43},"geometry":{"type":"MultiPolygon","coordinates":[[[[29.876461029052656,50.346898190360335],[29.876600503921424,50.34578220163574],[29.874454736709517,50.34533032144137],[29.873811006545935,50.346131378841015],[29.87355351448051,50.346460013865425],[29.876461029052656,50.346898190360335]]]]},"id":"169"},{"type":"Feature","properties":{"id":"170","кадастр":"3222784400:02:010:0006","площа":2.32},"geometry":{"type":"MultiPolygon","coordinates":[[[[29.8424291610717,50.356591811049526],[29.844650030136034,50.3562358656324],[29.845025539398108,50.35516801336789],[29.843040704727095,50.35485997459708],[29.8424291610717,50.356591811049526]]]]},"id":"170"},{"type":"Feature","properties":{"id":"171","кадастр":"3222784400:02:010:0081","площа":2.39},"geometry":{"type":"MultiPolygon","coordinates":[[[[29.847053289413374,50.35791289282038],[29.85016465187065,50.35661234628063],[29.849445819854658,50.3559415241369],[29.846345186233442,50.35723524406926],[29.847053289413374,50.35791289282038]]]]},"id":"171"},{"type":"Feature","properties":{"id":"172","кадастр":"3222784400:02:010:0080","площа":3.12},"geometry":{"type":"MultiPolygon","coordinates":[[[[29.84636664390556,50.36151316738396],[29.84937071800224,50.3602332531479],[29.848426580428995,50.359322918811436],[29.84542250633232,50.36060970209415],[29.84591603279106,50.361088814616835],[29.84636664390556,50.36151316738396]]]]},"id":"172"},{"type":"Feature","properties":{"id":"173","кадастр":"3222784400:02:010:0077","площа":2.69},"geometry":{"type":"MultiPolygon","coordinates":[[[[29.842675924301066,50.35796080701237],[29.84569072723381,50.35668079698681],[29.845229387283247,50.3562358656324],[29.84151721000664,50.356838233236445],[29.842042922973558,50.35734476371471],[29.842675924301066,50.35796080701237]]]]},"id":"173"},{"type":"Feature","properties":{"id":"174","кадастр":"3222784400:02:010:0016","площа":2.81},"geometry":{"type":"MultiPolygon","coordinates":[[[[29.84542250633232,50.36060970209415],[29.848426580428995,50.359322918811436],[29.84757900238029,50.358508394343204],[29.844574928283613,50.3597883550895],[29.844950437545695,50.36015111843559],[29.84542250633232,50.36060970209415]]]]},"id":"174"},{"type":"Feature","properties":{"id":"175","кадастр":"3222784400:02:010:0070","площа":2.08},"geometry":{"type":"MultiPolygon","coordinates":[[[[29.844650030136034,50.3562358656324],[29.845991134643473,50.35601682097225],[29.847321510314863,50.355352835671],[29.845336675643843,50.35426442730613],[29.845025539398108,50.35516801336789],[29.844650030136034,50.3562358656324]]]]},"id":"175"},{"type":"Feature","properties":{"id":"176","кадастр":"3222784400:02:010:0021","площа":3.06},"geometry":{"type":"MultiPolygon","coordinates":[[[[29.844574928283613,50.3597883550895],[29.84757900238029,50.358508394343204],[29.84665632247917,50.35761171679192],[29.843652248382487,50.35889854646274],[29.843984842300333,50.35922024842982],[29.844574928283613,50.3597883550895]]]]},"id":"176"},{"type":"Feature","properties":{"id":"177","кадастр":"3222784800:00:005:0058","площа":3.43},"geometry":{"type":"MultiPolygon","coordinates":[[[[29.903647899627604,50.367193653593255],[29.90607261657707,50.36614657893642],[29.905418157577436,50.36538692207776],[29.90497827529899,50.36488732129918],[29.902392625808638,50.36600970472487],[29.903647899627604,50.367193653593255]]]]},"id":"177"},{"type":"Feature","properties":{"id":"178","кадастр":"3222784800:00:005:0040","площа":3.86},"geometry":{"type":"MultiPolygon","coordinates":[[[[29.90636229515068,50.366481919086326],[29.9097526073455,50.36529110863742],[29.909677505493086,50.365208982677444],[29.9088513851165,50.36417555220203],[29.905418157577436,50.36538692207776],[29.90607261657707,50.36614657893642],[29.90636229515068,50.366481919086326]]]]},"id":"178"},{"type":"Feature","properties":{"id":"179","кадастр":"3222784800:02:005:0013","площа":3.26},"geometry":{"type":"MultiPolygon","coordinates":[[[[29.900654554366987,50.36837757292387],[29.90350842475883,50.36713890516401],[29.902467727661055,50.366153422636636],[29.899613857269202,50.367378429075636],[29.900311231613074,50.36804908959638],[29.900654554366987,50.36837757292387]]]]},"id":"179"},{"type":"Feature","properties":{"id":"180","кадастр":"3222784800:02:004:0004","площа":3.48},"geometry":{"type":"MultiPolygon","coordinates":[[[[29.902832508087076,50.370464757605745],[29.905686378478926,50.3692261443287],[29.90459203720085,50.368165427701584],[29.90172743797294,50.36940406866651],[29.902038574218675,50.369705169872205],[29.902832508087076,50.370464757605745]]]]},"id":"180"},{"type":"Feature","properties":{"id":"181","кадастр":"3222784800:03:009:0006","площа":5.96},"geometry":{"type":"MultiPolygon","coordinates":[[[[29.912863969802775,50.36798749871933],[29.913593530654822,50.365434828725384],[29.909688234329145,50.36497629168576],[29.909827709197913,50.36515423195851],[29.910664558410566,50.366180797427624],[29.91044998168937,50.367419490196234],[29.9103641510009,50.367706917045616],[29.912863969802775,50.36798749871933]]]]},"id":"181"},{"type":"Feature","properties":{"id":"182","кадастр":"3222784800:03:009:0002","площа":7.25},"geometry":{"type":"MultiPolygon","coordinates":[[[[29.91184473037712,50.37158700911949],[29.911909103393473,50.37134066350005],[29.912842512130656,50.36798065528361],[29.910374879836954,50.367706917045616],[29.909377098083418,50.37131329168562],[29.91184473037712,50.37158700911949]]]]},"id":"182"},{"type":"Feature","properties":{"id":"183","кадастр":"3222784800:00:007:0076","площа":2.37},"geometry":{"type":"MultiPolygon","coordinates":[[[[29.894549846649085,50.3712174902107],[29.8968565464019,50.37020471993068],[29.896427392959513,50.3698078175738],[29.895161390304484,50.37036895441757],[29.894678592681807,50.369896778735566],[29.895955324172892,50.36935616602582],[29.895590543746867,50.36902084618682],[29.89347696304313,50.36994468083051],[29.893530607223425,50.37001311231082],[29.89449620246879,50.371149060467346],[29.894549846649085,50.3712174902107]]]]},"id":"183"},{"type":"Feature","properties":{"id":"184","кадастр":"3222784800:00:005:0062","площа":3.38},"geometry":{"type":"MultiPolygon","coordinates":[[[[29.90172743797294,50.36940406866651],[29.90459203720085,50.368165427701584],[29.90350842475883,50.36713890516401],[29.900654554366987,50.36837757292387],[29.90111589431755,50.36882239047204],[29.90172743797294,50.36940406866651]]]]},"id":"184"},{"type":"Feature","properties":{"id":"185","кадастр":"3222784800:02:004:0003","площа":3.36},"geometry":{"type":"MultiPolygon","coordinates":[[[[29.90389466285697,50.37148436526682],[29.906780719757,50.37023209238463],[29.905686378478926,50.3692261443287],[29.902832508087076,50.370464757605745],[29.90311145782463,50.3707316368957],[29.90389466285697,50.37148436526682]]]]},"id":"185"},{"type":"Feature","properties":{"id":"186","кадастр":"3222784800:02:004:0001","площа":4.02},"geometry":{"type":"MultiPolygon","coordinates":[[[[29.90737080574027,50.367652169208526],[29.910428524017252,50.36657088648345],[29.910503625869673,50.366201328510506],[29.9097526073455,50.36529110863742],[29.90636229515068,50.366481919086326],[29.907327890396036,50.3675905778163],[29.90737080574027,50.367652169208526]]]]},"id":"186"},{"type":"Feature","properties":{"id":"187","кадастр":"3222784800:00:009:0035","площа":9.21},"geometry":{"type":"MultiPolygon","coordinates":[[[[29.91541743278495,50.368274922128286],[29.915632009506147,50.36748792531828],[29.916747808456343,50.36371700299533],[29.91430163383476,50.363395331504805],[29.913175106048502,50.36720049714248],[29.912960529327307,50.36799434215405],[29.91541743278495,50.368274922128286]]]]},"id":"187"},{"type":"Feature","properties":{"id":"188","кадастр":"3222784800:03:010:0006","площа":10.23},"geometry":{"type":"MultiPolygon","coordinates":[[[[29.91769194602958,50.372250767339196],[29.917756319045942,50.37201811087585],[29.91845369338981,50.37210022505201],[29.91904377937309,50.37023209238463],[29.91837859153739,50.37015681809825],[29.918625354766764,50.369253517347175],[29.919322729110636,50.36933563630785],[29.91950511932365,50.36874027062314],[29.91550326347343,50.368281765521566],[29.91540670394889,50.36862393392726],[29.916114807128828,50.36870605397749],[29.915825128555216,50.36960252194856],[29.915159940719523,50.369520403449755],[29.914623498916548,50.371463836469644],[29.915320873260416,50.37154595160507],[29.9151921272277,50.37197021087413],[29.91769194602958,50.372250767339196]]]]},"id":"188"},{"type":"Feature","properties":{"id":"189","кадастр":"3222784800:03:009:0001","площа":7.13},"geometry":{"type":"MultiPolygon","coordinates":[[[[29.914419651031416,50.37188125359978],[29.91541743278495,50.368274922128286],[29.912971258163374,50.3680011855878],[29.91229534149162,50.37054687447023],[29.91201639175407,50.371607537863376],[29.914419651031416,50.37188125359978]]]]},"id":"189"},{"type":"Feature","properties":{"id":"190","кадастр":"3222784800:03:010:0005","площа":13.52},"geometry":{"type":"MultiPolygon","coordinates":[[[[29.91950511932365,50.36874027062314],[29.919912815093912,50.36746739479203],[29.919247627258223,50.36739211611979],[29.919483661651537,50.36648876273818],[29.920191764831465,50.36657088648345],[29.920910596847452,50.36425083597675],[29.919623136520304,50.36408658031432],[29.919483661651537,50.36453143808496],[29.918110370635905,50.364346651517295],[29.918249845504683,50.36391548006145],[29.916822910308756,50.363730691095505],[29.91618990898124,50.365920736275655],[29.91688728332511,50.36600286100393],[29.91658687591545,50.366892536450756],[29.91592168807975,50.3668172568666],[29.915717840194624,50.36748792531828],[29.91550326347343,50.368281765521566],[29.91950511932365,50.36874027062314]]]]},"id":"190"},{"type":"Feature","properties":{"id":"191","кадастр":"3222784800:00:010:0038","площа":0.5},"geometry":{"type":"MultiPolygon","coordinates":[[[[29.915825128555216,50.36960252194856],[29.916114807128828,50.36870605397749],[29.91540670394889,50.36862393392726],[29.915159940719523,50.369520403449755],[29.915825128555216,50.36960252194856]]]]},"id":"191"},{"type":"Feature","properties":{"id":"192","кадастр":"3222784800:00:017:0027","площа":1.01},"geometry":{"type":"MultiPolygon","coordinates":[[[[29.90255355834953,50.356105807987326],[29.902693033218302,50.35567456166742],[29.90298271179191,50.35475729456267],[29.901201725006022,50.35444240773901],[29.901630878448408,50.35495580909552],[29.902135133743208,50.355606109510354],[29.90255355834953,50.356105807987326]]]]},"id":"192"},{"type":"Feature","properties":{"id":"193","кадастр":"3222784800:00:017:0034","площа":1.0},"geometry":{"type":"MultiPolygon","coordinates":[[[[29.90360498428337,50.357173639157665],[29.903948307037275,50.35609896283824],[29.90400195121757,50.35590729826317],[29.902693033218302,50.35567456166742],[29.90255355834953,50.356105807987326],[29.903433322906416,50.35715310416937],[29.90360498428337,50.357173639157665]]]]},"id":"193"},{"type":"Feature","properties":{"id":"194","кадастр":"3222784800:00:017:0031","площа":1.3},"geometry":{"type":"MultiPolygon","coordinates":[[[[29.906061887741004,50.35693406374146],[29.906115531921305,50.35676978275728],[29.906330108642496,50.356078427385064],[29.90648031234733,50.355606109510354],[29.905343055725023,50.35540075244695],[29.90507483482353,50.35624271076174],[29.904903173446577,50.35679031791139],[29.906061887741004,50.35693406374146]]]]},"id":"194"},{"type":"Feature","properties":{"id":"195","кадастр":"3222784800:00:006:0060","площа":3.27},"geometry":{"type":"MultiPolygon","coordinates":[[[[29.888949394225996,50.35127288710139],[29.89156723022453,50.35014330917037],[29.890848398208536,50.34946554951315],[29.89022612571708,50.34952716442719],[29.887372255325236,50.349773623283866],[29.88782286643974,50.35020492320497],[29.88872408866874,50.35105381954245],[29.888949394225996,50.35127288710139]]]]},"id":"195"},{"type":"Feature","properties":{"id":"196","кадастр":"3222784800:00:006:0072","площа":2.19},"geometry":{"type":"MultiPolygon","coordinates":[[[[29.88999009132377,50.35970621960735],[29.892618656158366,50.35856315272886],[29.891856908798136,50.35784444389079],[29.88922834396354,50.358987528076014],[29.889582395553504,50.359322918811436],[29.88999009132377,50.35970621960735]]]]},"id":"196"},{"type":"Feature","properties":{"id":"197","кадастр":"3222784800:00:006:0071","площа":2.18},"geometry":{"type":"MultiPolygon","coordinates":[[[[29.88922834396354,50.358987528076014],[29.891856908798136,50.35784444389079],[29.89109516143791,50.35711887916913],[29.888477325439375,50.35827567049942],[29.888863563537516,50.358638445406015],[29.88922834396354,50.358987528076014]]]]},"id":"197"},{"type":"Feature","properties":{"id":"198","кадастр":"3222784800:02:006:0009","площа":2.18},"geometry":{"type":"MultiPolygon","coordinates":[[[[29.892007112502977,50.357906047931856],[29.894732236862104,50.356721867363134],[29.894667863845743,50.356660261785315],[29.894002676010054,50.35603051129312],[29.891277551650923,50.35721470910761],[29.892007112502977,50.357906047931856]]]]},"id":"198"},{"type":"Feature","properties":{"id":"199","кадастр":"3222784800:02:006:0012","площа":2.26},"geometry":{"type":"MultiPolygon","coordinates":[[[[29.884668588638228,50.354668305019864],[29.887286424636763,50.35353196234776],[29.886492490768354,50.352785794836414],[29.88387465476982,50.35392215536759],[29.883917570114054,50.353956382672486],[29.884593486785807,50.354599851411905],[29.884668588638228,50.354668305019864]]]]},"id":"199"},{"type":"Feature","properties":{"id":"200","кадастр":"3222784800:02:006:0011","площа":2.18},"geometry":{"type":"MultiPolygon","coordinates":[[[[29.886192083358686,50.356112653135426],[29.88882064819328,50.35496949972235],[29.888058900833048,50.354257581891545],[29.885430335998453,50.3553939071962],[29.886084794998087,50.35600997581034],[29.886192083358686,50.356112653135426]]]]},"id":"200"},{"type":"Feature","properties":{"id":"201","кадастр":"3222784800:02:006:0003","площа":2.19},"geometry":{"type":"MultiPolygon","coordinates":[[[[29.889078140258707,50.355133786936506],[29.891803264617838,50.353956382672486],[29.89110589027397,50.35329921410726],[29.891062974929724,50.3532581407699],[29.8883378505706,50.35444240773901],[29.889078140258707,50.355133786936506]]]]},"id":"201"},{"type":"Feature","properties":{"id":"202","кадастр":"3222784800:00:017:0040","площа":0.2},"geometry":{"type":"MultiPolygon","coordinates":[[[[29.90648031234733,50.355606109510354],[29.90654468536369,50.35538706194446],[29.90637302398674,50.35536652618335],[29.905396699905317,50.35518854921488],[29.905343055725023,50.35540075244695],[29.90648031234733,50.355606109510354]]]]},"id":"202"},{"type":"Feature","properties":{"id":"203","кадастр":"3222784800:02:006:0005","площа":2.2},"geometry":{"type":"MultiPolygon","coordinates":[[[[29.885430335998453,50.3553939071962],[29.888058900833048,50.354257581891545],[29.887286424636763,50.35353196234776],[29.884668588638228,50.354668305019864],[29.88533377647392,50.35529807358214],[29.885430335998453,50.3553939071962]]]]},"id":"203"},{"type":"Feature","properties":{"id":"204","кадастр":"3222784800:00:005:0054","площа":1.83},"geometry":{"type":"MultiPolygon","coordinates":[[[[29.895215034484785,50.35923393782688],[29.89877700805656,50.357693855898276],[29.898369312286295,50.357221554095815],[29.8977577686309,50.3574885078659],[29.895236492156904,50.358583687107206],[29.894742965698164,50.35879587516324],[29.895215034484785,50.35923393782688]]]]},"id":"204"},{"type":"Feature","properties":{"id":"205","кадастр":"3222784800:00:005:0031","площа":2.71},"geometry":{"type":"MultiPolygon","coordinates":[[[[29.898873567581095,50.357803374485655],[29.902660846710123,50.356461754379616],[29.90199565887443,50.355654026030656],[29.898369312286295,50.357221554095815],[29.89877700805656,50.357693855898276],[29.898873567581095,50.357803374485655]]]]},"id":"205"},{"type":"Feature","properties":{"id":"206","кадастр":"3222784800:00:006:0053","площа":2.18},"geometry":{"type":"MultiPolygon","coordinates":[[[[29.89347696304313,50.35928869537558],[29.894099235534586,50.35901490700039],[29.894174337387007,50.358987528076014],[29.894324541091837,50.35892592543844],[29.895193576812666,50.358549463138374],[29.896202087402266,50.35811139415804],[29.89546179771415,50.35742005832437],[29.892736673355024,50.35859737668783],[29.89347696304313,50.35928869537558]]]]},"id":"206"},{"type":"Feature","properties":{"id":"207","кадастр":"3222784800:00:005:0067","площа":1.85},"geometry":{"type":"MultiPolygon","coordinates":[[[[29.895697832107466,50.35969253034649],[29.899184703826826,50.35817299785268],[29.898873567581095,50.357803374485655],[29.89877700805656,50.357693855898276],[29.895215034484785,50.35923393782688],[29.895697832107466,50.35969253034649]]]]},"id":"207"},{"type":"Feature","properties":{"id":"208","кадастр":"3222784800:02:006:0015","площа":2.2},"geometry":{"type":"MultiPolygon","coordinates":[[[[29.88526940345756,50.35923393782688],[29.888166189193647,50.35798134165127],[29.887704849243082,50.35755011236888],[29.887468814849775,50.35732422880043],[29.884572029113688,50.358576842315415],[29.88526940345756,50.35923393782688]]]]},"id":"208"},{"type":"Feature","properties":{"id":"209","кадастр":"3222784800:02:006:0013","площа":2.18},"geometry":{"type":"MultiPolygon","coordinates":[[[[29.886953830718916,50.35683138819297],[29.889582395553504,50.35569509729529],[29.88882064819328,50.354976345034295],[29.886192083358686,50.356112653135426],[29.886771440505903,50.356667106853465],[29.886953830718916,50.35683138819297]]]]},"id":"209"},{"type":"Feature","properties":{"id":"210","кадастр":"3222784800:00:001:0009","площа":2.6},"geometry":{"type":"MultiPolygon","coordinates":[[[[29.899570941924967,50.35031445906905],[29.900643825530928,50.35018438520232],[29.90082621574394,50.35017753919946],[29.901351928710856,50.35011592512934],[29.901888370513834,50.34840439122589],[29.90081548690788,50.348267465848586],[29.90023612976066,50.348192156722774],[29.899570941924967,50.35031445906905]]]]},"id":"210"},{"type":"Feature","properties":{"id":"211","кадастр":"3222784800:02:006:0017","площа":2.18},"geometry":{"type":"MultiPolygon","coordinates":[[[[29.894667863845743,50.356660261785315],[29.89727497100822,50.355530812023574],[29.896502494811934,50.3548052119397],[29.893895387649458,50.3559415241369],[29.894002676010054,50.35603051129312],[29.894667863845743,50.356660261785315]]]]},"id":"211"},{"type":"Feature","properties":{"id":"212","кадастр":"3222784800:00:017:0030","площа":1.0},"geometry":{"type":"MultiPolygon","coordinates":[[[[29.904731512069624,50.357317383827024],[29.904903173446577,50.35679031791139],[29.90507483482353,50.35624271076174],[29.903948307037275,50.35609896283824],[29.90360498428337,50.357173639157665],[29.904731512069624,50.357317383827024]]]]},"id":"212"},{"type":"Feature","properties":{"id":"213","кадастр":"3222784800:00:006:0062","площа":2.19},"geometry":{"type":"MultiPolygon","coordinates":[[[[29.896202087402266,50.35811139415804],[29.89772558212272,50.357447438152825],[29.89880919456474,50.356981978921425],[29.898036718368452,50.35625640101747],[29.895429611205973,50.3573858335166],[29.89546179771415,50.35742005832437],[29.896202087402266,50.35811139415804]]]]},"id":"213"},{"type":"Feature","properties":{"id":"214","кадастр":"3222784800:02:006:0002","площа":2.72},"geometry":{"type":"MultiPolygon","coordinates":[[[[29.896706342697065,50.354914737191315],[29.899055957794108,50.353894773505914],[29.89903450012199,50.353155457271065],[29.898701906204142,50.35279264046321],[29.89578366279594,50.354052218994916],[29.896706342697065,50.354914737191315]]]]},"id":"214"},{"type":"Feature","properties":{"id":"215","кадастр":"3222784800:02:001:0014","площа":3.18},"geometry":{"type":"MultiPolygon","coordinates":[[[[29.90053653717033,50.35353880786697],[29.902253150939856,50.3531280749672],[29.904237985610877,50.352662573385274],[29.90657687187187,50.352108072897664],[29.905611276626505,50.35164256131521],[29.900085926055826,50.352950089607134],[29.90053653717033,50.35353880786697]]]]},"id":"215"},{"type":"Feature","properties":{"id":"216","кадастр":"3222784800:02:005:0006","площа":2.66},"geometry":{"type":"MultiPolygon","coordinates":[[[[29.902392625808638,50.36600970472487],[29.90497827529899,50.36488732129918],[29.904538393020548,50.36436718339368],[29.904184341430582,50.36396338819443],[29.901469945907515,50.36514054426891],[29.902392625808638,50.36600970472487]]]]},"id":"216"},{"type":"Feature","properties":{"id":"217","кадастр":"3222784800:00:004:0018","площа":3.43},"geometry":{"type":"MultiPolygon","coordinates":[[[[29.90657687187187,50.369958367134466],[29.908604621887125,50.369075592444844],[29.90737080574027,50.367652169208526],[29.907327890396036,50.3675905778163],[29.90509629249565,50.36856234379632],[29.90657687187187,50.369958367134466]]]]},"id":"217"},{"type":"Feature","properties":{"id":"218","кадастр":"3222784800:02:005:0016","площа":2.35},"geometry":{"type":"MultiPolygon","coordinates":[[[[29.897983074188154,50.36581123641689],[29.90080475807182,50.364586189522385],[29.90003228187553,50.36386757188011],[29.89722132682792,50.365085793471025],[29.897704124450605,50.36554432945265],[29.897983074188154,50.36581123641689]]]]},"id":"218"},{"type":"Feature","properties":{"id":"219","кадастр":"3222784800:00:007:0065","площа":7.79},"geometry":{"type":"MultiPolygon","coordinates":[[[[29.89727497100822,50.37392038613411],[29.89782214164726,50.373851960288974],[29.899399280548014,50.3736398395419],[29.899656772613447,50.37361931167734],[29.900418519973673,50.37351667222128],[29.898487329482947,50.371717024347426],[29.8968565464019,50.37020471993068],[29.894549846649085,50.3712174902107],[29.894807338714525,50.37153226575903],[29.8958480358123,50.37109431660159],[29.896309375762858,50.371600694949734],[29.89526867866508,50.37201811087585],[29.895676374435347,50.37240130914873],[29.89606261253349,50.3727776615828],[29.89727497100822,50.37392038613411]]]]},"id":"219"},{"type":"Feature","properties":{"id":"220","кадастр":"3222784800:00:007:0071","площа":2.74},"geometry":{"type":"MultiPolygon","coordinates":[[[[29.89012956619255,50.37138856413734],[29.891781806945723,50.37071795081477],[29.890440702438276,50.36935616602582],[29.889775514602583,50.36949303058525],[29.88853096961967,50.369759915340694],[29.89012956619255,50.37138856413734]]]]},"id":"220"},{"type":"Feature","properties":{"id":"221","кадастр":"3222784800:00:005:0059","площа":3.4},"geometry":{"type":"MultiPolygon","coordinates":[[[[29.895654916763228,50.36891819678281],[29.899506568908613,50.367275776118696],[29.898787736892622,50.36657773012248],[29.898680448532026,50.366481919086326],[29.895311594009325,50.36791906431774],[29.895343780517493,50.36798749871933],[29.895354509353552,50.36812436722643],[29.89526867866508,50.368261235338764],[29.895097017288126,50.36835704278251],[29.89505410194389,50.36836388616395],[29.895654916763228,50.36891819678281]]]]},"id":"221"},{"type":"Feature","properties":{"id":"222","кадастр":"3222784800:00:005:0041","площа":3.84},"geometry":{"type":"MultiPolygon","coordinates":[[[[29.89822983741752,50.371320134640705],[29.902038574218675,50.369705169872205],[29.90172743797294,50.36940406866651],[29.90111589431755,50.36882239047204],[29.897296428680338,50.37045107144785],[29.89822983741752,50.371320134640705]]]]},"id":"222"},{"type":"Feature","properties":{"id":"223","кадастр":"3222784800:00:007:0083","площа":0.68},"geometry":{"type":"MultiPolygon","coordinates":[[[[29.895161390304484,50.37036895441757],[29.896427392959513,50.3698078175738],[29.896223545074385,50.36958199233718],[29.895955324172892,50.36935616602582],[29.894678592681807,50.369896778735566],[29.895161390304484,50.37036895441757]]]]},"id":"223"},{"type":"Feature","properties":{"id":"224","кадастр":"3222784800:00:007:0077","площа":1.82},"geometry":{"type":"MultiPolygon","coordinates":[[[[29.885044097900312,50.37153226575903],[29.8868250846862,50.37038264059915],[29.886170625686567,50.36974622897949],[29.884099960327067,50.370628991192596],[29.88433599472038,50.370861654467525],[29.885044097900312,50.37153226575903]]]]},"id":"224"},{"type":"Feature","properties":{"id":"225","кадастр":"3222784800:00:006:0035","площа":2.18},"geometry":{"type":"MultiPolygon","coordinates":[[[[29.895429611205973,50.3573858335166],[29.898036718368452,50.35625640101747],[29.89727497100822,50.355530812023574],[29.894667863845743,50.356660261785315],[29.894732236862104,50.356721867363134],[29.895429611205973,50.3573858335166]]]]},"id":"225"},{"type":"Feature","properties":{"id":"226","кадастр":"3222784800:00:006:0029","площа":2.18},"geometry":{"type":"MultiPolygon","coordinates":[[[[29.89053726196281,50.356523360215036],[29.893262386321943,50.355339145154694],[29.893133640289225,50.35521593033038],[29.892532825469893,50.35464776894785],[29.88980770111076,50.35583200125411],[29.89053726196281,50.356523360215036]]]]},"id":"226"},{"type":"Feature","properties":{"id":"227","кадастр":"3222784800:00:006:0057","площа":2.17},"geometry":{"type":"MultiPolygon","coordinates":[[[[29.887704849243082,50.35755011236888],[29.890333414077677,50.35641383867457],[29.889582395553504,50.35569509729529],[29.886953830718916,50.35683138819297],[29.887704849243082,50.35755011236888]]]]},"id":"227"},{"type":"Feature","properties":{"id":"228","кадастр":"3222784800:00:006:0041","площа":2.83},"geometry":{"type":"MultiPolygon","coordinates":[[[[29.889947175979536,50.352210758661734],[29.892554283142005,50.3510812030426],[29.89156723022453,50.35014330917037],[29.888949394225996,50.35127288710139],[29.88957166671745,50.3518547803968],[29.889947175979536,50.352210758661734]]]]},"id":"228"},{"type":"Feature","properties":{"id":"229","кадастр":"3222784800:00:004:0019","площа":7.83},"geometry":{"type":"MultiPolygon","coordinates":[[[[29.900150299072187,50.3731129548731],[29.903926849365156,50.37151857990906],[29.90389466285697,50.37148436526682],[29.90299344062797,50.37062214813782],[29.902832508087076,50.370464757605745],[29.902038574218675,50.369705169872205],[29.89822983741752,50.371320134640705],[29.89920616149894,50.37223023887362],[29.900150299072187,50.3731129548731]]]]},"id":"229"},{"type":"Feature","properties":{"id":"230","кадастр":"3222784800:02:007:0015","площа":1.91},"geometry":{"type":"MultiPolygon","coordinates":[[[[29.885966777801436,50.37171018144958],[29.88912105560295,50.370444228367425],[29.88845586776725,50.36977360169795],[29.887801408767622,50.36998573973055],[29.8856556415557,50.37138856413734],[29.885966777801436,50.37171018144958]]]]},"id":"230"},{"type":"Feature","properties":{"id":"231","кадастр":"3222784800:00:007:0068","площа":2.29},"geometry":{"type":"MultiPolygon","coordinates":[[[[29.88961458206169,50.36874027062314],[29.893455505371012,50.36710468736366],[29.89288687705986,50.36659141739757],[29.889067411422648,50.368220174946515],[29.889346361160197,50.36848706686106],[29.88961458206169,50.36874027062314]]]]},"id":"231"},{"type":"Feature","properties":{"id":"232","кадастр":"3222786500:05:002:0002","площа":6.77},"geometry":{"type":"MultiPolygon","coordinates":[[[[29.88753318786613,50.34936970393238],[29.890097379684363,50.34916431989358],[29.889389276504442,50.34587120783383],[29.88683581352226,50.346097145895186],[29.88753318786613,50.34936970393238]]]]},"id":"232"},{"type":"Feature","properties":{"id":"233","кадастр":"3222784800:00:005:0070","площа":5.11},"geometry":{"type":"MultiPolygon","coordinates":[[[[29.899613857269202,50.367378429075636],[29.902467727661055,50.366153422636636],[29.90162014961234,50.36536639064254],[29.90080475807182,50.364586189522385],[29.897983074188154,50.36581123641689],[29.898680448532026,50.366481919086326],[29.898787736892622,50.36657773012248],[29.899506568908613,50.367275776118696],[29.899613857269202,50.367378429075636]]]]},"id":"233"},{"type":"Feature","properties":{"id":"234","кадастр":"3222784800:00:005:0057","площа":7.2},"geometry":{"type":"MultiPolygon","coordinates":[[[[29.89011883735649,50.36386072785025],[29.893938302993693,50.3621839107942],[29.89397048950187,50.36154054485156],[29.894002676010054,50.36108197018628],[29.89347696304313,50.36131468027159],[29.89162087440483,50.362129156585404],[29.890193939208903,50.36078081426456],[29.889163970947184,50.36122570302075],[29.887876510620035,50.36177325268858],[29.889335632324137,50.36312841095328],[29.89011883735649,50.36386072785025]]]]},"id":"234"},{"type":"Feature","properties":{"id":"235","кадастр":"3222786500:05:002:0001","площа":6.41},"geometry":{"type":"MultiPolygon","coordinates":[[[[29.885505437850874,50.349581933172566],[29.887179136276167,50.34939708840378],[29.88753318786613,50.34936970393238],[29.88683581352226,50.346097145895186],[29.88397121429436,50.34634362255438],[29.884132146835245,50.346809186087015],[29.885323047637854,50.348911011688955],[29.885505437850874,50.349581933172566]]]]},"id":"235"},{"type":"Feature","properties":{"id":"236","кадастр":"3222786500:05:006:0033","площа":0.46},"geometry":{"type":"MultiPolygon","coordinates":[[[[29.885462522506636,50.34958877926128],[29.885505437850874,50.349581933172566],[29.885323047637854,50.348911011688955],[29.884132146835245,50.346809186087015],[29.883692264556807,50.3455425687348],[29.883681535720747,50.343707625302],[29.883649349212565,50.343707625302],[29.883649349212565,50.3437897884644],[29.883660078048624,50.34513176666293],[29.883660078048624,50.345556262076],[29.883842468261633,50.34610399248633],[29.884089231491007,50.346822879063],[29.884454011917033,50.34746644448061],[29.885076284408488,50.34855500868491],[29.885280132293627,50.34892470405889],[29.885462522506636,50.34958877926128]]],[[[29.890322685241618,50.343707625302],[29.890687465667643,50.34447447595671],[29.893712997436445,50.34887678074685],[29.8937773704528,50.34893839642487],[29.893831014633104,50.34893839642487],[29.8937773704528,50.34885624216974],[29.89073038101188,50.3444607823036],[29.890376329421915,50.343707625302],[29.890322685241618,50.343707625302]]]]},"id":"236"},{"type":"Feature","properties":{"id":"237","кадастр":"3222784800:00:007:0064","площа":3.02},"geometry":{"type":"MultiPolygon","coordinates":[[[[29.887393712997355,50.366611948302804],[29.891159534454264,50.365003667155754],[29.889872074127116,50.36504473033116],[29.889796972274702,50.36438087130633],[29.886524677276533,50.36577701765921],[29.886621236801066,50.36587283011855],[29.887393712997355,50.366611948302804]]]]},"id":"237"},{"type":"Feature","properties":{"id":"238","кадастр":"3222784800:00:007:0073","площа":3.47},"geometry":{"type":"MultiPolygon","coordinates":[[[[29.886524677276533,50.36577701765921],[29.889796972274702,50.36438087130633],[29.889775514602583,50.364161864230155],[29.890097379684363,50.36399760825981],[29.889410734176554,50.36335426690226],[29.8856556415557,50.36494891619996],[29.88575220108024,50.36503788647106],[29.886524677276533,50.36577701765921]]]]},"id":"238"},{"type":"Feature","properties":{"id":"239","кадастр":"3222784800:00:007:0067","площа":10.33},"geometry":{"type":"MultiPolygon","coordinates":[[[[29.8856556415557,50.36494891619996],[29.889410734176554,50.36335426690226],[29.88855242729179,50.36255350005139],[29.887715578079142,50.36177325268858],[29.887694120407023,50.36175271969003],[29.886921644210734,50.36095877026743],[29.883112907409586,50.36249874626897],[29.88397121429436,50.36333373458768],[29.884003400802527,50.36335426690226],[29.88481879234306,50.364148176254346],[29.8848617076873,50.364182396186486],[29.8856556415557,50.36494891619996]]]]},"id":"239"},{"type":"Feature","properties":{"id":"240","кадастр":"3222784800:00:007:0001","площа":3.65},"geometry":{"type":"MultiPolygon","coordinates":[[[[29.89012956619255,50.3692329875848],[29.894710779189985,50.36825439194253],[29.893455505371012,50.36710468736366],[29.88961458206169,50.36874027062314],[29.89012956619255,50.3692329875848]]]]},"id":"240"},{"type":"Feature","properties":{"id":"241","кадастр":"3222784800:00:007:0015","площа":3.25},"geometry":{"type":"MultiPolygon","coordinates":[[[[29.885430335998453,50.368966099865645],[29.888488054275435,50.367665856173716],[29.887962341308516,50.36715943583238],[29.88752245903007,50.36673513354767],[29.884464740753092,50.36803540274172],[29.885430335998453,50.368966099865645]]]]},"id":"241"},{"type":"Feature","properties":{"id":"242","кадастр":"3222784800:02:005:0004","площа":1.82},"geometry":{"type":"MultiPolygon","coordinates":[[[[29.8987662792205,50.36258772113334],[29.901845455169596,50.36124623624729],[29.90158796310417,50.36095192581812],[29.901384115219034,50.36071236947042],[29.89822983741752,50.362081246600894],[29.8987662792205,50.36258772113334]]]]},"id":"242"},{"type":"Feature","properties":{"id":"243","кадастр":"3222784800:02:007:0008","площа":2.27},"geometry":{"type":"MultiPolygon","coordinates":[[[[29.88850951194755,50.3676863866141],[29.892318248748698,50.366064454456854],[29.891760349273596,50.36555117323972],[29.887962341308516,50.36715943583238],[29.888488054275435,50.367665856173716],[29.88850951194755,50.3676863866141]]]]},"id":"243"},{"type":"Feature","properties":{"id":"244","кадастр":"3222784800:00:005:0035","площа":3.25},"geometry":{"type":"MultiPolygon","coordinates":[[[[29.90158796310417,50.36095192581812],[29.905246496200483,50.35965830717712],[29.90454912185661,50.35878903040204],[29.900847673416056,50.36009636188175],[29.900922775268473,50.360185341249654],[29.901384115219034,50.36071236947042],[29.90158796310417,50.36095192581812]]]]},"id":"244"},{"type":"Feature","properties":{"id":"245","кадастр":"3222784800:02:005:0009","площа":1.72},"geometry":{"type":"MultiPolygon","coordinates":[[[[29.89928126335136,50.36307365783409],[29.9022960662841,50.36176640835671],[29.901845455169596,50.36124623624729],[29.8987662792205,50.36258772113334],[29.89928126335136,50.36307365783409]]]]},"id":"245"},{"type":"Feature","properties":{"id":"246","кадастр":"3222784800:02:005:0008","площа":3.49},"geometry":{"type":"MultiPolygon","coordinates":[[[[29.89485025405876,50.368220174946515],[29.894957542419352,50.368206488141205],[29.895043373107832,50.36815858429152],[29.89507555961601,50.3680969935566],[29.89507555961601,50.368014872452335],[29.89498972892753,50.36786431672541],[29.8942816257476,50.366618791935906],[29.893745183944624,50.36568804877378],[29.8937773704528,50.36503104260997],[29.893820285797037,50.36427136789458],[29.89161014556877,50.365250045675204],[29.89246845245353,50.366037079598755],[29.89485025405876,50.368220174946515]]]]},"id":"246"},{"type":"Feature","properties":{"id":"247","кадастр":"3222784800:00:005:0012","площа":3.38},"geometry":{"type":"MultiPolygon","coordinates":[[[[29.894024133682166,50.36559223594139],[29.896609783172526,50.36449037446544],[29.896502494811934,50.36439455921504],[29.8958480358123,50.36376491132866],[29.89526867866508,50.36320369638903],[29.894217252731245,50.36219759933653],[29.894185066223066,50.3628614889006],[29.894099235534586,50.36420977211443],[29.89405632019035,50.36503788647106],[29.894024133682166,50.36559223594139]]]]},"id":"247"},{"type":"Feature","properties":{"id":"248","кадастр":"3222784800:00:007:0074","площа":1.92},"geometry":{"type":"MultiPolygon","coordinates":[[[[29.89347696304313,50.36994468083051],[29.895590543746867,50.36902084618682],[29.894914627075117,50.368391259679825],[29.89258646965019,50.368890823570894],[29.89347696304313,50.36994468083051]]]]},"id":"248"},{"type":"Feature","properties":{"id":"249","кадастр":"3222784800:00:005:0061","площа":3.41},"geometry":{"type":"MultiPolygon","coordinates":[[[[29.895311594009325,50.36791906431774],[29.898680448532026,50.366481919086326],[29.897983074188154,50.36581123641689],[29.897704124450605,50.36554432945265],[29.894700050353926,50.3668309440726],[29.89525794982902,50.367809569069905],[29.895311594009325,50.36791906431774]]]]},"id":"249"},{"type":"Feature","properties":{"id":"250","кадастр":"3222784800:00:006:0064","площа":2.29},"geometry":{"type":"MultiPolygon","coordinates":[[[[29.890794754028242,50.36046596739429],[29.891867637634196,50.359993693173074],[29.89341259002677,50.35931607412625],[29.892618656158366,50.35856315272886],[29.88999009132377,50.35970621960735],[29.890794754028242,50.36046596739429]]]]},"id":"250"},{"type":"Feature","properties":{"id":"251","кадастр":"3222784800:00:006:0012","площа":2.28},"geometry":{"type":"MultiPolygon","coordinates":[[[[29.886685609817427,50.360575479586046],[29.889582395553504,50.359322918811436],[29.88922834396354,50.358987528076014],[29.888863563537516,50.358638445406015],[29.885966777801436,50.35989102424232],[29.886685609817427,50.360575479586046]]]]},"id":"251"},{"type":"Feature","properties":{"id":"252","кадастр":"3222784800:00:005:0074","площа":1.77},"geometry":{"type":"MultiPolygon","coordinates":[[[[29.89538669586174,50.36189645049334],[29.897146224975508,50.36113672560311],[29.896212816238325,50.36026063135375],[29.89446401596061,50.36102037026683],[29.89538669586174,50.36189645049334]]]]},"id":"252"},{"type":"Feature","properties":{"id":"253","кадастр":"3222784800:02:006:0004","площа":2.18},"geometry":{"type":"MultiPolygon","coordinates":[[[[29.88980770111076,50.35583200125411],[29.892532825469893,50.35464776894785],[29.892243146896284,50.35437395380533],[29.891803264617838,50.353956382672486],[29.889078140258707,50.355133786936506],[29.88980770111076,50.35583200125411]]]]},"id":"253"},{"type":"Feature","properties":{"id":"254","кадастр":"3222784800:00:001:0005","площа":2.98},"geometry":{"type":"MultiPolygon","coordinates":[[[[29.900085926055826,50.352950089607134],[29.905611276626505,50.35164256131521],[29.904677867889323,50.35121812030641],[29.90457057952873,50.35117019930899],[29.89962458610526,50.3523408269774],[29.900053739547648,50.35291586157678],[29.900085926055826,50.352950089607134]]]]},"id":"254"},{"type":"Feature","properties":{"id":"255","кадастр":"3222784800:02:006:0016","площа":2.2},"geometry":{"type":"MultiPolygon","coordinates":[[[[29.884572029113688,50.358576842315415],[29.887468814849775,50.35732422880043],[29.886953830718916,50.35683138819297],[29.886771440505903,50.356667106853465],[29.88387465476982,50.3579197377079],[29.88438963890068,50.35840572219983],[29.884572029113688,50.358576842315415]]]]},"id":"255"},{"type":"Feature","properties":{"id":"256","кадастр":"3222784800:00:006:0037","площа":2.17},"geometry":{"type":"MultiPolygon","coordinates":[[[[29.893895387649458,50.3559415241369],[29.896502494811934,50.3548052119397],[29.8957407474517,50.35408644620604],[29.893133640289225,50.35521593033038],[29.893262386321943,50.355339145154694],[29.893895387649458,50.3559415241369]]]]},"id":"256"},{"type":"Feature","properties":{"id":"257","кадастр":"3222784800:00:006:0063","площа":2.23},"geometry":{"type":"MultiPolygon","coordinates":[[[[29.887597560882487,50.353744172984385],[29.890322685241618,50.35256673425774],[29.88957166671745,50.3518547803968],[29.88684654235832,50.35303908237058],[29.887597560882487,50.353744172984385]]]]},"id":"257"},{"type":"Feature","properties":{"id":"258","кадастр":"3222784800:00:006:0039","площа":3.23},"geometry":{"type":"MultiPolygon","coordinates":[[[[29.892243146896284,50.35437395380533],[29.89485025405876,50.35324444964956],[29.893712997436445,50.35216968438275],[29.89110589027397,50.35329921410726],[29.891803264617838,50.353956382672486],[29.892243146896284,50.35437395380533]]]]},"id":"258"},{"type":"Feature","properties":{"id":"259","кадастр":"3222784800:00:006:0050","площа":1.33},"geometry":{"type":"MultiPolygon","coordinates":[[[[29.89833712577812,50.35222445008016],[29.899163246154707,50.351964312454896],[29.898154735565107,50.350601989510075],[29.896953105926432,50.35073890815573],[29.897124767303385,50.35092374770111],[29.897575378417887,50.35140980381247],[29.898197650909346,50.352073844260296],[29.89833712577812,50.35222445008016]]]]},"id":"259"},{"type":"Feature","properties":{"id":"260","кадастр":"3222784800:00:006:0047","площа":2.26},"geometry":{"type":"MultiPolygon","coordinates":[[[[29.89578366279594,50.354052218994916],[29.898701906204142,50.35279264046321],[29.89864826202384,50.3527310297865],[29.898079633712687,50.35212176434571],[29.898058176040568,50.35210122717216],[29.895086288452067,50.3533882062163],[29.89578366279594,50.354052218994916]]]]},"id":"260"},{"type":"Feature","properties":{"id":"261","кадастр":"3222784800:02:006:0018","площа":2.68},"geometry":{"type":"MultiPolygon","coordinates":[[[[29.885998964309607,50.35223814149464],[29.88872408866874,50.35105381954245],[29.88782286643974,50.35020492320497],[29.885097742080607,50.351389266330976],[29.885998964309607,50.35223814149464]]]]},"id":"261"},{"type":"Feature","properties":{"id":"262","кадастр":"3222784800:00:006:0059","площа":2.97},"geometry":{"type":"MultiPolygon","coordinates":[[[[29.899088144302286,50.35516116808358],[29.90108370780937,50.35453824308034],[29.901051521301188,50.35449717081488],[29.900944232940596,50.35433972680147],[29.900579452514567,50.35381947330486],[29.899903535842814,50.35296378081237],[29.899163246154707,50.351964312454896],[29.89833712577812,50.35222445008016],[29.89877700805656,50.35269680159822],[29.899152517318647,50.35311438380934],[29.89903450012199,50.353155457271065],[29.899055957794108,50.353894773505914],[29.899088144302286,50.35516116808358]]]]},"id":"262"},{"type":"Feature","properties":{"id":"263","кадастр":"3222784800:00:001:0015","площа":2.95},"geometry":{"type":"MultiPolygon","coordinates":[[[[29.906136989593424,50.34894524260638],[29.90675926208488,50.34695980860568],[29.90495681762687,50.3467270281482],[29.904334545135416,50.34871931809535],[29.905128479003825,50.348815164988885],[29.906136989593424,50.34894524260638]]]]},"id":"263"},{"type":"Feature","properties":{"id":"264","кадастр":"3222784800:00:001:0012","площа":2.28},"geometry":{"type":"MultiPolygon","coordinates":[[[[29.90558981895439,50.35140980381247],[29.906351566314616,50.348979473499135],[29.906136989593424,50.34894524260638],[29.905128479003825,50.348815164988885],[29.90447402000419,50.35090321000938],[29.904860258102335,50.3510812030426],[29.90558981895439,50.35140980381247]]]]},"id":"264"},{"type":"Feature","properties":{"id":"265","кадастр":"3222784800:00:006:0044","площа":2.26},"geometry":{"type":"MultiPolygon","coordinates":[[[[29.893723726272505,50.35210122717216],[29.89681363105766,50.35075944591854],[29.89675998687736,50.350704678531336],[29.896202087402266,50.35010907911662],[29.89305853843681,50.35147826201995],[29.893723726272505,50.35210122717216]]]]},"id":"265"},{"type":"Feature","properties":{"id":"266","кадастр":"3222784800:00:006:0043","площа":2.74},"geometry":{"type":"MultiPolygon","coordinates":[[[[29.892318248748698,50.35077998367245],[29.89505410194389,50.34959562534903],[29.894152879714884,50.34919855062841],[29.89408850669853,50.34916431989358],[29.890923500060957,50.34945870340665],[29.892318248748698,50.35077998367245]]]]},"id":"266"},{"type":"Feature","properties":{"id":"267","кадастр":"3222784800:02:006:0020","площа":2.18},"geometry":{"type":"MultiPolygon","coordinates":[[[[29.888477325439375,50.35827567049942],[29.89109516143791,50.35711887916913],[29.890333414077677,50.35641383867457],[29.887704849243082,50.35755011236888],[29.888166189193647,50.35798134165127],[29.888477325439375,50.35827567049942]]]]},"id":"267"},{"type":"Feature","properties":{"id":"268","кадастр":"3222784800:02:006:0019","площа":2.2},"geometry":{"type":"MultiPolygon","coordinates":[[[[29.885966777801436,50.35989102424232],[29.888863563537516,50.358638445406015],[29.888477325439375,50.35827567049942],[29.888166189193647,50.35798134165127],[29.88526940345756,50.35923393782688],[29.885966777801436,50.35989102424232]]]]},"id":"268"},{"type":"Feature","properties":{"id":"269","кадастр":"3222786500:05:002:0003","площа":4.49},"geometry":{"type":"MultiPolygon","coordinates":[[[[29.890097379684363,50.34916431989358],[29.891781806945723,50.349027396707534],[29.89108443260185,50.345727428507836],[29.889389276504442,50.34587120783383],[29.890097379684363,50.34916431989358]]]]},"id":"269"},{"type":"Feature","properties":{"id":"270","кадастр":"3222784800:02:001:0004","площа":2.83},"geometry":{"type":"MultiPolygon","coordinates":[[[[29.904334545135416,50.34871931809535],[29.90495681762687,50.3467270281482],[29.903229475021284,50.34650793961648],[29.90260720252983,50.348500238755086],[29.903647899627604,50.34863031723526],[29.904334545135416,50.34871931809535]]]]},"id":"270"},{"type":"Feature","properties":{"id":"271","кадастр":"3222784800:00:006:0023","площа":2.74},"geometry":{"type":"MultiPolygon","coordinates":[[[[29.885097742080607,50.351389266330976],[29.88782286643974,50.35020492320497],[29.887372255325236,50.349773623283866],[29.88635301589958,50.34984892990159],[29.883724451064985,50.35008854107251],[29.885097742080607,50.351389266330976]]]]},"id":"271"},{"type":"Feature","properties":{"id":"272","кадастр":"3222784800:02:001:0017","площа":3.02},"geometry":{"type":"MultiPolygon","coordinates":[[[[29.89824056625358,50.350465070469596],[29.899570941924967,50.35031445906905],[29.900010824203413,50.348911011688955],[29.896674156188887,50.34847970001511],[29.89681363105766,50.34871247188126],[29.897060394287028,50.34887678074685],[29.89824056625358,50.350465070469596]]]]},"id":"272"},{"type":"Feature","properties":{"id":"273","кадастр":"3222784800:00:006:0051","площа":2.34},"geometry":{"type":"MultiPolygon","coordinates":[[[[29.896888732910075,50.35066360294949],[29.898090362548746,50.35052668408667],[29.896888732910075,50.348911011688955],[29.89673852920524,50.34892470405889],[29.89427089691154,50.34915062759274],[29.8952901363372,50.34958877926128],[29.8962450027465,50.349985850718745],[29.896888732910075,50.35066360294949]]]]},"id":"273"},{"type":"Feature","properties":{"id":"274","кадастр":"3222784800:00:001:0010","площа":2.27},"geometry":{"type":"MultiPolygon","coordinates":[[[[29.903132915496748,50.350273383149634],[29.903647899627604,50.34863031723526],[29.90260720252983,50.348500238755086],[29.901888370513834,50.34840439122589],[29.901351928710856,50.35011592512934],[29.901834726333536,50.35005431097927],[29.902542829513468,50.34999954277875],[29.903132915496748,50.350273383149634]]]]},"id":"274"},{"type":"Feature","properties":{"id":"275","кадастр":"3222784800:02:001:0003","площа":2.27},"geometry":{"type":"MultiPolygon","coordinates":[[[[29.90447402000419,50.35090321000938],[29.905128479003825,50.348815164988885],[29.904334545135416,50.34871931809535],[29.903647899627604,50.34863031723526],[29.903132915496748,50.350273383149634],[29.903744459152144,50.350560913839395],[29.90447402000419,50.35090321000938]]]]},"id":"275"},{"type":"Feature","properties":{"id":"276","кадастр":"3222784800:02:001:0001","площа":3.2},"geometry":{"type":"MultiPolygon","coordinates":[[[[29.90081548690788,50.348267465848586],[29.901437759399336,50.34627515694404],[29.899485111236494,50.3460286799295],[29.899173974990767,50.347028273228965],[29.898862838745035,50.348014152859726],[29.90023612976066,50.348192156722774],[29.90081548690788,50.348267465848586]]]]},"id":"276"},{"type":"Feature","properties":{"id":"277","кадастр":"3222784800:00:010:0040","площа":0.5},"geometry":{"type":"MultiPolygon","coordinates":[[[[29.91658687591545,50.366892536450756],[29.91688728332511,50.36600286100393],[29.91618990898124,50.365920736275655],[29.91592168807975,50.3668172568666],[29.91658687591545,50.366892536450756]]]]},"id":"277"},{"type":"Feature","properties":{"id":"278","кадастр":"3222784800:00:005:0077","площа":1.84},"geometry":{"type":"MultiPolygon","coordinates":[[[[29.898186922073286,50.36209493517283],[29.901384115219034,50.36071236947042],[29.900922775268473,50.360185341249654],[29.897704124450605,50.36158161102335],[29.898186922073286,50.36209493517283]]]]},"id":"278"},{"type":"Feature","properties":{"id":"279","кадастр":"3222784800:00:005:0006","площа":2.03},"geometry":{"type":"MultiPolygon","coordinates":[[[[29.89347696304313,50.36131468027159],[29.894002676010054,50.36108197018628],[29.894045591354285,50.360411211203676],[29.894099235534586,50.359480346298604],[29.894131422042765,50.359097043678766],[29.894142150878825,50.35905597535734],[29.892050027847205,50.35997315940469],[29.89347696304313,50.36131468027159]]]]},"id":"279"},{"type":"Feature","properties":{"id":"280","кадастр":"3222784800:02:006:0006","площа":3.85},"geometry":{"type":"MultiPolygon","coordinates":[[[[29.8878335952758,50.3617321866826],[29.88913178443901,50.36119148095678],[29.890794754028242,50.36046596739429],[29.88999009132377,50.35970621960735],[29.889582395553504,50.359322918811436],[29.886685609817427,50.360575479586046],[29.886996746063154,50.3608697923494],[29.88703966140739,50.36091085910152],[29.8878335952758,50.3617321866826]]]]},"id":"280"},{"type":"Feature","properties":{"id":"281","кадастр":"3222784800:02:005:0011","площа":1.85},"geometry":{"type":"MultiPolygon","coordinates":[[[[29.897189140319746,50.3610956590464],[29.900482892990034,50.35966515181297],[29.90013957023612,50.35926816130221],[29.900043010711588,50.359158646094265],[29.896674156188887,50.36061654659281],[29.897189140319746,50.3610956590464]]]]},"id":"281"},{"type":"Feature","properties":{"id":"282","кадастр":"3222784800:02:005:0012","площа":1.74},"geometry":{"type":"MultiPolygon","coordinates":[[[[29.896287918090746,50.36275882617293],[29.898047447204508,50.36199227078707],[29.897146224975508,50.36113672560311],[29.89538669586174,50.36189645049334],[29.896287918090746,50.36275882617293]]]]},"id":"282"},{"type":"Feature","properties":{"id":"283","кадастр":"3222784800:02:005:0007","площа":2.23},"geometry":{"type":"MultiPolygon","coordinates":[[[[29.89722132682792,50.365085793471025],[29.90003228187553,50.36386757188011],[29.89930272102348,50.363176319880765],[29.896502494811934,50.36439455921504],[29.896609783172526,50.36449037446544],[29.89722132682792,50.365085793471025]]]]},"id":"283"},{"type":"Feature","properties":{"id":"284","кадастр":"3222784800:02:007:0006","площа":1.92},"geometry":{"type":"MultiPolygon","coordinates":[[[[29.886878728866495,50.3703484251378],[29.887694120407023,50.369821503917244],[29.888359308242716,50.36960252194856],[29.889689683914103,50.36932879306656],[29.89012956619255,50.3692329875848],[29.88961458206169,50.36874027062314],[29.889346361160197,50.36848706686106],[29.88628864288322,50.36978728805125],[29.886878728866495,50.3703484251378]]]]},"id":"284"},{"type":"Feature","properties":{"id":"285","кадастр":"3222784800:02:007:0009","площа":2.38},"geometry":{"type":"MultiPolygon","coordinates":[[[[29.887962341308516,50.36715943583238],[29.891760349273596,50.36555117323972],[29.891159534454264,50.365003667155754],[29.887393712997355,50.366611948302804],[29.88752245903007,50.36673513354767],[29.887962341308516,50.36715943583238]]]]},"id":"285"},{"type":"Feature","properties":{"id":"286","кадастр":"3222784800:00:007:0087","площа":5.2},"geometry":{"type":"MultiPolygon","coordinates":[[[[29.88628864288322,50.36978728805125],[29.889346361160197,50.36848706686106],[29.889067411422648,50.368220174946515],[29.89288687705986,50.36659141739757],[29.892350435256883,50.36609182929917],[29.892318248748698,50.366064454456854],[29.88850951194755,50.3676863866141],[29.888488054275435,50.367665856173716],[29.885430335998453,50.368966099865645],[29.88628864288322,50.36978728805125]]]]},"id":"286"},{"type":"Feature","properties":{"id":"287","кадастр":"3222784800:00:005:0071","площа":1.32},"geometry":{"type":"MultiPolygon","coordinates":[[[[29.891395568847578,50.36504473033116],[29.89236116409294,50.36431927566831],[29.891642332076945,50.363621186183586],[29.89011883735649,50.36386072785025],[29.890429973602217,50.364168708216596],[29.891191720962443,50.36487363353259],[29.891395568847578,50.36504473033116]]]]},"id":"287"},{"type":"Feature","properties":{"id":"288","кадастр":"3222784800:00:008:0033","площа":3.95},"geometry":{"type":"MultiPolygon","coordinates":[[[[29.883134365081705,50.362437148188235],[29.886878728866495,50.360924548011],[29.8858702182769,50.35996631481325],[29.88219022750846,50.3615063230146],[29.882351160049353,50.36166374326034],[29.883134365081705,50.362437148188235]]]]},"id":"288"},{"type":"Feature","properties":{"id":"289","кадастр":"3222784800:00:005:0052","площа":3.39},"geometry":{"type":"MultiPolygon","coordinates":[[[[29.89647030830375,50.369684640305245],[29.900311231613074,50.36804908959638],[29.899613857269202,50.367378429075636],[29.899506568908613,50.367275776118696],[29.895654916763228,50.36891819678281],[29.89647030830375,50.369684640305245]]]]},"id":"289"},{"type":"Feature","properties":{"id":"290","кадастр":"3222784800:00:004:0021","площа":3.36},"geometry":{"type":"MultiPolygon","coordinates":[[[[29.904946088790812,50.37249026544802],[29.90785360336296,50.371238019114465],[29.906780719757,50.37023209238463],[29.90389466285697,50.37148436526682],[29.903926849365156,50.37151857990906],[29.904946088790812,50.37249026544802]]]]},"id":"290"},{"type":"Feature","properties":{"id":"291","кадастр":"3222784800:02:007:0003","площа":4.04},"geometry":{"type":"MultiPolygon","coordinates":[[[[29.891202449798502,50.372476579874366],[29.89449620246879,50.371149060467346],[29.893530607223425,50.37001311231082],[29.891781806945723,50.37071795081477],[29.89012956619255,50.37138856413734],[29.891202449798502,50.372476579874366]]]]},"id":"291"},{"type":"Feature","properties":{"id":"292","кадастр":"3222784800:02:007:0010","площа":3.0},"geometry":{"type":"MultiPolygon","coordinates":[[[[29.884464740753092,50.36803540274172],[29.88752245903007,50.36673513354767],[29.886621236801066,50.36587283011855],[29.883574247360148,50.36717312293969],[29.884464740753092,50.36803540274172]]]]},"id":"292"},{"type":"Feature","properties":{"id":"293","кадастр":"3222784800:00:005:0011","площа":3.39},"geometry":{"type":"MultiPolygon","coordinates":[[[[29.894700050353926,50.3668309440726],[29.897704124450605,50.36554432945265],[29.89722132682792,50.365085793471025],[29.896609783172526,50.36449037446544],[29.894024133682166,50.36559223594139],[29.894024133682166,50.36566067369854],[29.894539117813032,50.36655719920244],[29.894700050353926,50.3668309440726]]]]},"id":"293"},{"type":"Feature","properties":{"id":"294","кадастр":"3222784800:00:004:0020","площа":7.64},"geometry":{"type":"MultiPolygon","coordinates":[[[[29.90895867347709,50.37219602474458],[29.909505844116133,50.37023209238463],[29.909527301788252,50.370143131851535],[29.91027832031242,50.367398959640376],[29.910428524017252,50.36657088648345],[29.90737080574027,50.367652169208526],[29.908604621887125,50.369075592444844],[29.90657687187187,50.369958367134466],[29.90895867347709,50.37219602474458]]]]},"id":"294"},{"type":"Feature","properties":{"id":"295","кадастр":"3222784800:00:005:0073","площа":3.39},"geometry":{"type":"MultiPolygon","coordinates":[[[[29.897296428680338,50.37045107144785],[29.90111589431755,50.36882239047204],[29.900654554366987,50.36837757292387],[29.900311231613074,50.36804908959638],[29.89647030830375,50.369684640305245],[29.897296428680338,50.37045107144785]]]]},"id":"295"},{"type":"Feature","properties":{"id":"296","кадастр":"3222784800:00:005:0053","площа":3.67},"geometry":{"type":"MultiPolygon","coordinates":[[[[29.90509629249565,50.36856234379632],[29.907327890396036,50.3675905778163],[29.90636229515068,50.366481919086326],[29.90607261657707,50.36614657893642],[29.903647899627604,50.367193653593255],[29.90509629249565,50.36856234379632]]]]},"id":"296"},{"type":"Feature","properties":{"id":"297","кадастр":"3222784800:00:016:0015","площа":0.69},"geometry":{"type":"MultiPolygon","coordinates":[[[[29.912070035934374,50.35449717081488],[29.912284612655554,50.35382631878262],[29.911029338836588,50.35366887254448],[29.9108147621154,50.35433972680147],[29.912070035934374,50.35449717081488]]]]},"id":"297"},{"type":"Feature","properties":{"id":"298","кадастр":"3222784800:00:016:0013","площа":2.47},"geometry":{"type":"MultiPolygon","coordinates":[[[[29.918593168258585,50.351526182706465],[29.918968677520677,50.35043768661412],[29.916222095489424,50.350068003019516],[29.915910959243696,50.35106066541897],[29.915868043899454,50.351163353448264],[29.918593168258585,50.351526182706465]]]]},"id":"298"},{"type":"Feature","properties":{"id":"299","кадастр":"3222784800:00:016:0038","площа":1.94},"geometry":{"type":"MultiPolygon","coordinates":[[[[29.914956092834394,50.35347719815853],[29.91522431373588,50.35288847913474],[29.911426305770792,50.3523955924774],[29.911297559738074,50.35307331031209],[29.914956092834394,50.35347719815853]]]]},"id":"299"},{"type":"Feature","properties":{"id":"300","кадастр":"3222784800:00:016:0031","площа":1.97},"geometry":{"type":"MultiPolygon","coordinates":[[[[29.91478443145744,50.35411382795717],[29.914956092834394,50.35347719815853],[29.911061525344767,50.35304592796085],[29.910986423492353,50.3532649863286],[29.911147356033247,50.35328552299875],[29.911029338836588,50.35366887254448],[29.912284612655554,50.35382631878262],[29.913539886474528,50.3539906099527],[29.91478443145744,50.35411382795717]]]]},"id":"300"},{"type":"Feature","properties":{"id":"301","кадастр":"3222784800:00:006:0045","площа":2.26},"geometry":{"type":"MultiPolygon","coordinates":[[[[29.895086288452067,50.3533882062163],[29.898058176040568,50.35210122717216],[29.89745736122123,50.35145087874881],[29.897425174713053,50.35142349546186],[29.894399642944258,50.35273787542119],[29.895086288452067,50.3533882062163]]]]},"id":"301"},{"type":"Feature","properties":{"id":"302","кадастр":"3222784800:00:006:0040","площа":3.28},"geometry":{"type":"MultiPolygon","coordinates":[[[[29.89110589027397,50.35329921410726],[29.893712997436445,50.35216968438275],[29.892554283142005,50.3510812030426],[29.889947175979536,50.352210758661734],[29.890322685241618,50.35256673425774],[29.891062974929724,50.3532581407699],[29.89110589027397,50.35329921410726]]]]},"id":"302"},{"type":"Feature","properties":{"id":"303","кадастр":"3222784800:00:016:0007","площа":0.97},"geometry":{"type":"MultiPolygon","coordinates":[[[[29.91522431373588,50.35288847913474],[29.915428161621016,50.352272370013566],[29.91351842880241,50.35202592412653],[29.91332530975334,50.35264203644566],[29.91522431373588,50.35288847913474]]]]},"id":"303"},{"type":"Feature","properties":{"id":"304","кадастр":"3222784800:00:016:0001","площа":4.35},"geometry":{"type":"MultiPolygon","coordinates":[[[[29.910761117935106,50.35452455232913],[29.9108147621154,50.35433972680147],[29.911029338836588,50.35366887254448],[29.911147356033247,50.35328552299875],[29.906909465789717,50.35273787542119],[29.90648031234733,50.353976919043575],[29.910761117935106,50.35452455232913]]]]},"id":"304"},{"type":"Feature","properties":{"id":"305","кадастр":"3222784800:03:016:0010","площа":2.1},"geometry":{"type":"MultiPolygon","coordinates":[[[[29.918239116668623,50.35246404926356],[29.918271303176798,50.35234767266836],[29.91848587989799,50.35172471074964],[29.91857171058647,50.351526182706465],[29.915868043899454,50.351163353448264],[29.915857315063395,50.351163353448264],[29.915535449981608,50.35210122717216],[29.918239116668623,50.35246404926356]]]]},"id":"305"},{"type":"Feature","properties":{"id":"306","кадастр":"3222784800:00:016:0005","площа":2.13},"geometry":{"type":"MultiPolygon","coordinates":[[[[29.915642738342203,50.3516220239344],[29.915835857391276,50.35105381954245],[29.915868043899454,50.350951131276275],[29.912037849426188,50.35045822450721],[29.911823272704993,50.351135969995504],[29.915642738342203,50.3516220239344]]]]},"id":"306"},{"type":"Feature","properties":{"id":"307","кадастр":"3222784800:00:001:0069","площа":3.14},"geometry":{"type":"MultiPolygon","coordinates":[[[[29.905911684036177,50.35516801336789],[29.90675926208488,50.35219706723935],[29.90657687187187,50.352108072897664],[29.904237985610877,50.352662573385274],[29.905675649642863,50.35512694164726],[29.905911684036177,50.35516801336789]]]]},"id":"307"},{"type":"Feature","properties":{"id":"308","кадастр":"3222784800:00:016:0012","площа":2.17},"geometry":{"type":"MultiPolygon","coordinates":[[[[29.917638301849284,50.354380799203135],[29.91797089576713,50.35342243390612],[29.915245771407996,50.35305277355015],[29.914923906326216,50.354017991759115],[29.917638301849284,50.354380799203135]]]]},"id":"308"},{"type":"Feature","properties":{"id":"309","кадастр":"3222784800:00:016:0006","площа":0.96},"geometry":{"type":"MultiPolygon","coordinates":[[[[29.91332530975334,50.35264203644566],[29.91351842880241,50.35202592412653],[29.911619424819868,50.3517794769603],[29.911533594131388,50.35204646133264],[29.911426305770792,50.3523955924774],[29.91332530975334,50.35264203644566]]]]},"id":"309"},{"type":"Feature","properties":{"id":"310","кадастр":"3222784800:00:001:0067","площа":2.07},"geometry":{"type":"MultiPolygon","coordinates":[[[[29.9102568626403,50.35240243816045],[29.91032123565666,50.352203912951026],[29.910374879836954,50.352019078389176],[29.908347129821692,50.35163571552258],[29.907435178756632,50.35149879946296],[29.907381534576338,50.35134819134134],[29.907402992248457,50.35098536072301],[29.90658760070793,50.35073890815573],[29.906061887741004,50.350937439490664],[29.905686378478926,50.35145772456807],[29.906212091445845,50.35168363605019],[29.9103105068206,50.352114918622185],[29.9102568626403,50.352258678608955],[29.9062764644622,50.3518890091921],[29.907027482986365,50.35216283866614],[29.9102568626403,50.35240243816045]]]]},"id":"310"},{"type":"Feature","properties":{"id":"311","кадастр":"3222784800:03:016:0003","площа":2.04},"geometry":{"type":"MultiPolygon","coordinates":[[[[29.915428161621016,50.352272370013566],[29.915642738342203,50.3516220239344],[29.911823272704993,50.351135969995504],[29.911619424819868,50.3517794769603],[29.91351842880241,50.35202592412653],[29.915428161621016,50.352272370013566]]]]},"id":"311"},{"type":"Feature","properties":{"id":"312","кадастр":"3222784800:00:016:0029","площа":2.14},"geometry":{"type":"MultiPolygon","coordinates":[[[[29.91797089576713,50.35342243390612],[29.918206930160437,50.352662573385274],[29.918249845504683,50.352525660286716],[29.918217658996504,50.352518814621426],[29.918239116668623,50.35246404926356],[29.915535449981608,50.35210122717216],[29.915245771407996,50.35305277355015],[29.91797089576713,50.35342243390612]]]]},"id":"312"},{"type":"Feature","properties":{"id":"313","кадастр":"3222784800:00:016:0014","площа":0.69},"geometry":{"type":"MultiPolygon","coordinates":[[[[29.913336038589396,50.35465461430617],[29.913539886474528,50.3539906099527],[29.912284612655554,50.35382631878262],[29.912070035934374,50.35449717081488],[29.913336038589396,50.35465461430617]]]]},"id":"313"},{"type":"Feature","properties":{"id":"314","кадастр":"3222784800:00:016:0037","площа":2.86},"geometry":{"type":"MultiPolygon","coordinates":[[[[29.911555051803507,50.35191639221056],[29.911565780639567,50.35186847191788],[29.9117696285247,50.35123181201108],[29.91181254386894,50.35108804891516],[29.90756392478935,50.35054722194127],[29.90748882293693,50.35077998367245],[29.907381534576338,50.35134819134134],[29.907692670822065,50.351416649637656],[29.911555051803507,50.35191639221056]]]]},"id":"314"},{"type":"Feature","properties":{"id":"315","кадастр":"3222784800:00:016:0003","площа":4.35},"geometry":{"type":"MultiPolygon","coordinates":[[[[29.916329383850016,50.34953401052382],[29.916769266128462,50.348164771556505],[29.912906885147013,50.34767183586307],[29.912477731704634,50.3490410890439],[29.916329383850016,50.34953401052382]]]]},"id":"315"},{"type":"Feature","properties":{"id":"316","кадастр":"3222784800:00:001:0013","площа":2.5},"geometry":{"type":"MultiPolygon","coordinates":[[[[29.905686378478926,50.35145772456807],[29.906061887741004,50.350937439490664],[29.90658760070793,50.35073890815573],[29.907402992248457,50.35099220660939],[29.908014535903853,50.34919170448342],[29.906351566314616,50.348979473499135],[29.90558981895439,50.35140980381247],[29.905686378478926,50.35145772456807]]]]},"id":"316"},{"type":"Feature","properties":{"id":"317","кадастр":"3222786500:05:002:0004","площа":3.15},"geometry":{"type":"MultiPolygon","coordinates":[[[[29.891781806945723,50.349027396707534],[29.893712997436445,50.34887678074685],[29.89152431488029,50.34569319527083],[29.89108443260185,50.345727428507836],[29.891781806945723,50.349027396707534]]]]},"id":"317"},{"type":"Feature","properties":{"id":"318","кадастр":"3222784800:02:001:0002","площа":1.39},"geometry":{"type":"MultiPolygon","coordinates":[[[[29.899173974990767,50.347028273228965],[29.899485111236494,50.3460286799295],[29.89778995513908,50.345809588175996],[29.897478818893354,50.346802339597545],[29.899173974990767,50.347028273228965]]]]},"id":"318"},{"type":"Feature","properties":{"id":"319","кадастр":"3222784800:00:016:0045","площа":2.88},"geometry":{"type":"MultiPolygon","coordinates":[[[[29.91181254386894,50.35108804891516],[29.912037849426188,50.35045822450721],[29.912102222442545,50.3502528451766],[29.907907247543253,50.34971885475961],[29.90762829780571,50.35054722194127],[29.91181254386894,50.35108804891516]]]]},"id":"319"},{"type":"Feature","properties":{"id":"320","кадастр":"3222784800:02:001:0015","площа":1.93},"geometry":{"type":"MultiPolygon","coordinates":[[[[29.89716768264762,50.34779507026614],[29.89778995513908,50.345809588175996],[29.896609783172526,50.34565896200913],[29.896395206451334,50.34635046910998],[29.89597678184501,50.347644450396736],[29.89716768264762,50.34779507026614]]]]},"id":"320"},{"type":"Feature","properties":{"id":"321","кадастр":"3222784800:02:001:0013","площа":1.38},"geometry":{"type":"MultiPolygon","coordinates":[[[[29.898862838745035,50.348014152859726],[29.899173974990767,50.347028273228965],[29.897478818893354,50.346802339597545],[29.89716768264762,50.34779507026614],[29.898862838745035,50.348014152859726]]]]},"id":"321"},{"type":"Feature","properties":{"id":"322","кадастр":"3222784800:00:001:0051","площа":3.75},"geometry":{"type":"MultiPolygon","coordinates":[[[[29.906351566314616,50.34686395796726],[29.90697383880607,50.34486474341066],[29.906491041183397,50.344809969224634],[29.904720783233564,50.34457717822921],[29.904688596725382,50.34457717822921],[29.904066324233924,50.34656955836819],[29.906351566314616,50.34686395796726]]]]},"id":"322"},{"type":"Feature","properties":{"id":"323","кадастр":"3222784800:00:001:0046","площа":3.94},"geometry":{"type":"MultiPolygon","coordinates":[[[[29.908722639083784,50.34716520217942],[29.90893721580498,50.34654217226618],[29.909398555755534,50.34517969375441],[29.90804672241203,50.34500852534843],[29.90697383880607,50.34486474341066],[29.906351566314616,50.34686395796726],[29.908722639083784,50.34716520217942]]]]},"id":"323"},{"type":"Feature","properties":{"id":"324","кадастр":"3222784800:00:016:0032","площа":3.74},"geometry":{"type":"MultiPolygon","coordinates":[[[[29.912359714507975,50.34941762674695],[29.91270303726188,50.34832223604688],[29.908593893051066,50.347788223918805],[29.908196926116865,50.348883626937244],[29.912359714507975,50.34941762674695]]]]},"id":"324"},{"type":"Feature","properties":{"id":"325","кадастр":"3222784800:00:016:0030","площа":4.06},"geometry":{"type":"MultiPolygon","coordinates":[[[[29.916629791259684,50.34815107896744],[29.91702675819389,50.34684341851957],[29.913153648376387,50.346405241519285],[29.912981986999434,50.34694611566918],[29.912756681442183,50.347651296764795],[29.912906885147013,50.34767183586307],[29.916629791259684,50.34815107896744]]]]},"id":"325"},{"type":"Feature","properties":{"id":"326","кадастр":"3222784800:00:016:0035","площа":4.36},"geometry":{"type":"MultiPolygon","coordinates":[[[[29.918968677520677,50.35043768661412],[29.919333457946696,50.34932862719569],[29.919601678848185,50.348500238755086],[29.916908740997236,50.34813738637444],[29.916222095489424,50.350068003019516],[29.918968677520677,50.35043768661412]]]]},"id":"326"},{"type":"Feature","properties":{"id":"327","кадастр":"3222784800:00:016:0033","площа":4.17},"geometry":{"type":"MultiPolygon","coordinates":[[[[29.91270303726188,50.34832223604688],[29.912906885147013,50.34767183586307],[29.912756681442183,50.347651296764795],[29.912949800491255,50.34704196614178],[29.909065961837687,50.34652847920927],[29.908593893051066,50.347788223918805],[29.91270303726188,50.34832223604688]]]]},"id":"327"},{"type":"Feature","properties":{"id":"328","кадастр":"3222784800:00:016:0036","площа":2.01},"geometry":{"type":"MultiPolygon","coordinates":[[[[29.915868043899454,50.350951131276275],[29.91607189178459,50.35031445906905],[29.91223096847526,50.34982154569079],[29.912102222442545,50.3502528451766],[29.912037849426188,50.35045822450721],[29.915868043899454,50.350951131276275]]]]},"id":"328"},{"type":"Feature","properties":{"id":"329","кадастр":"3222784800:00:016:0004","площа":2.47},"geometry":{"type":"MultiPolygon","coordinates":[[[[29.91607189178459,50.35031445906905],[29.916329383850016,50.34953401052382],[29.912477731704634,50.3490410890439],[29.912359714507975,50.34941762674695],[29.91223096847526,50.34982154569079],[29.91607189178459,50.35031445906905]]]]},"id":"329"},{"type":"Feature","properties":{"id":"330","кадастр":"3222784800:00:016:0026","площа":2.88},"geometry":{"type":"MultiPolygon","coordinates":[[[[29.912102222442545,50.3502528451766],[29.91223096847526,50.34982154569079],[29.912359714507975,50.34941762674695],[29.908196926116865,50.348883626937244],[29.90806818008415,50.34924647361571],[29.907907247543253,50.34971885475961],[29.912102222442545,50.3502528451766]]]]},"id":"330"},{"type":"Feature","properties":{"id":"331","кадастр":"3222784800:02:001:0024","площа":2.94},"geometry":{"type":"MultiPolygon","coordinates":[[[[29.90260720252983,50.348500238755086],[29.903229475021284,50.34650793961648],[29.901437759399336,50.34627515694404],[29.90081548690788,50.348267465848586],[29.901888370513834,50.34840439122589],[29.90260720252983,50.348500238755086]]]]},"id":"331"},{"type":"Feature","properties":{"id":"332","кадастр":"3222784800:03:016:0005","площа":2.12},"geometry":{"type":"MultiPolygon","coordinates":[[[[29.912981986999434,50.34694611566918],[29.913153648376387,50.346405241519285],[29.913175106048502,50.346302543200004],[29.909194707870405,50.34578904827229],[29.90898013114921,50.34643262770026],[29.912981986999434,50.34694611566918]]]]},"id":"332"},{"type":"Feature","properties":{"id":"333","кадастр":"3222784800:00:001:0047","площа":1.88},"geometry":{"type":"MultiPolygon","coordinates":[[[[29.89597678184501,50.347644450396736],[29.896395206451334,50.34635046910998],[29.893444776534952,50.345967060475985],[29.894195795059126,50.34666540960082],[29.895622730255045,50.34760337216763],[29.89597678184501,50.347644450396736]]]]},"id":"333"},{"type":"Feature","properties":{"id":"334","кадастр":"3222784800:00:006:0073","площа":2.38},"geometry":{"type":"MultiPolygon","coordinates":[[[[29.89305853843681,50.35147826201995],[29.896202087402266,50.35010907911662],[29.896116256713793,50.35003377291147],[29.89505410194389,50.34959562534903],[29.892318248748698,50.35077998367245],[29.89305853843681,50.35147826201995]]]]},"id":"334"},{"type":"Feature","properties":{"id":"335","кадастр":"3222784800:00:001:0065","площа":3.13},"geometry":{"type":"MultiPolygon","coordinates":[[[[29.908014535903853,50.34919170448342],[29.908121824264445,50.34887678074685],[29.908701181411665,50.34721312721879],[29.90675926208488,50.34695980860568],[29.906136989593424,50.34894524260638],[29.906351566314616,50.348979473499135],[29.908014535903853,50.34919170448342]]]]},"id":"335"},{"type":"Feature","properties":{"id":"336","кадастр":"3222784800:00:005:0034","площа":3.18},"geometry":{"type":"MultiPolygon","coordinates":[[[[29.900847673416056,50.36009636188175],[29.90454912185661,50.35878903040204],[29.90387320518486,50.35794711724816],[29.90013957023612,50.35926816130221],[29.900482892990034,50.35966515181297],[29.900847673416056,50.36009636188175]]]]},"id":"336"},{"type":"Feature","properties":{"id":"337","кадастр":"3222784800:00:005:0033","площа":2.95},"geometry":{"type":"MultiPolygon","coordinates":[[[[29.90013957023612,50.35926816130221],[29.90387320518486,50.35794711724816],[29.903250932693403,50.357173639157665],[29.899485111236494,50.358508394343204],[29.899613857269202,50.35865897975179],[29.900043010711588,50.359158646094265],[29.90013957023612,50.35926816130221]]]]},"id":"337"},{"type":"Feature","properties":{"id":"338","кадастр":"3222784800:00:006:0061","площа":2.18},"geometry":{"type":"MultiPolygon","coordinates":[[[[29.892736673355024,50.35859737668783],[29.89546179771415,50.35742005832437],[29.895429611205973,50.3573858335166],[29.894732236862104,50.356721867363134],[29.892007112502977,50.357906047931856],[29.892736673355024,50.35859737668783]]]]},"id":"338"},{"type":"Feature","properties":{"id":"339","кадастр":"3222784800:00:005:0075","площа":1.83},"geometry":{"type":"MultiPolygon","coordinates":[[[[29.897704124450605,50.36158161102335],[29.900922775268473,50.360185341249654],[29.900847673416056,50.36009636188175],[29.900482892990034,50.35966515181297],[29.897189140319746,50.3610956590464],[29.897704124450605,50.36158161102335]]]]},"id":"339"},{"type":"Feature","properties":{"id":"340","кадастр":"3222784800:02:005:0014","площа":3.57},"geometry":{"type":"MultiPolygon","coordinates":[[[[29.89161014556877,50.365250045675204],[29.893820285797037,50.36427136789458],[29.893831014633104,50.364202928133935],[29.893906116485518,50.36285464472567],[29.893938302993693,50.3621839107942],[29.89011883735649,50.36386072785025],[29.891642332076945,50.363621186183586],[29.89236116409294,50.36431927566831],[29.891395568847578,50.36504473033116],[29.89161014556877,50.365250045675204]]]]},"id":"340"},{"type":"Feature","properties":{"id":"341","кадастр":"3222784800:02:005:0010","площа":2.02},"geometry":{"type":"MultiPolygon","coordinates":[[[[29.896502494811934,50.36439455921504],[29.89930272102348,50.363176319880765],[29.898637533187788,50.36255350005139],[29.8958480358123,50.36376491132866],[29.896502494811934,50.36439455921504]]]]},"id":"341"},{"type":"Feature","properties":{"id":"342","кадастр":"3222784800:00:005:0032","площа":2.76},"geometry":{"type":"MultiPolygon","coordinates":[[[[29.899485111236494,50.358508394343204],[29.903250932693403,50.357173639157665],[29.902660846710123,50.356461754379616],[29.898873567581095,50.357803374485655],[29.899184703826826,50.35817299785268],[29.899485111236494,50.358508394343204]]]]},"id":"342"},{"type":"Feature","properties":{"id":"343","кадастр":"3222784800:03:009:0005","площа":8.99},"geometry":{"type":"MultiPolygon","coordinates":[[[[29.913593530654822,50.365434828725384],[29.914172887802042,50.36337479920798],[29.910482168197554,50.36288202141948],[29.909462928771894,50.362745137792466],[29.909130334854044,50.36270407262737],[29.907606840133585,50.36231395178692],[29.908207654952925,50.3631147226794],[29.909688234329145,50.36497629168576],[29.913593530654822,50.365434828725384]]]]},"id":"343"},{"type":"Feature","properties":{"id":"344","кадастр":"3222784800:00:017:0007","площа":4.12},"geometry":{"type":"MultiPolygon","coordinates":[[[[29.91406559944145,50.36000738234706],[29.915138483047407,50.35643437398265],[29.913733005523603,50.356263246143854],[29.912660121917646,50.359822578165115],[29.912863969802775,50.35984995660784],[29.91406559944145,50.36000738234706]]]]},"id":"344"},{"type":"Feature","properties":{"id":"345","кадастр":"3222784800:00:017:0006","площа":4.07},"geometry":{"type":"MultiPolygon","coordinates":[[[[29.915449619293135,50.360185341249654],[29.916522502899095,50.35660550120458],[29.915138483047407,50.35643437398265],[29.91406559944145,50.36000738234706],[29.91459131240837,50.36007582815778],[29.915449619293135,50.360185341249654]]]]},"id":"345"},{"type":"Feature","properties":{"id":"346","кадастр":"3222784800:00:017:0019","площа":14.08},"geometry":{"type":"MultiPolygon","coordinates":[[[[29.913593530654822,50.36320369638903],[29.91431236267082,50.36095192581812],[29.91459131240837,50.36007582815778],[29.91406559944145,50.36000738234706],[29.912863969802775,50.35984995660784],[29.912660121917646,50.359822578165115],[29.91125464439384,50.35963777326366],[29.910986423492353,50.35960355005479],[29.909634590148848,50.359432433640386],[29.90877628326408,50.359322918811436],[29.908121824264445,50.36139681297049],[29.908883571624678,50.361376279809086],[29.90896940231315,50.362560344269745],[29.909173250198286,50.36261509798112],[29.910010099410933,50.36272460521435],[29.911866188049235,50.362977839723506],[29.913057088851847,50.36313525508873],[29.913593530654822,50.36320369638903]]]]},"id":"346"},{"type":"Feature","properties":{"id":"347","кадастр":"3222784800:00:017:0008","площа":4.12},"geometry":{"type":"MultiPolygon","coordinates":[[[[29.912660121917646,50.359822578165115],[29.913733005523603,50.356263246143854],[29.91274595260612,50.35614003371794],[29.91231679916374,50.356085272537115],[29.91125464439384,50.35963777326366],[29.912660121917646,50.359822578165115]]]]},"id":"347"},{"type":"Feature","properties":{"id":"348","кадастр":"3222784800:00:016:0011","площа":2.32},"geometry":{"type":"MultiPolygon","coordinates":[[[[29.917294979095377,50.35541444294547],[29.917638301849284,50.354380799203135],[29.914923906326216,50.354017991759115],[29.91480588912956,50.35436026300674],[29.91458058357231,50.35505164340049],[29.917294979095377,50.35541444294547]]]]},"id":"348"},{"type":"Feature","properties":{"id":"349","кадастр":"3222784800:00:016:0041","площа":2.08},"geometry":{"type":"MultiPolygon","coordinates":[[[[29.914366006851115,50.35546920490011],[29.91458058357231,50.35481890260997],[29.913336038589396,50.35465461430617],[29.912070035934374,50.35449717081488],[29.9108147621154,50.35433972680147],[29.910761117935106,50.35452455232913],[29.910600185394205,50.35503110749429],[29.914366006851115,50.35546920490011]]]]},"id":"349"},{"type":"Feature","properties":{"id":"350","кадастр":"3222784800:00:016:0019","площа":2.57},"geometry":{"type":"MultiPolygon","coordinates":[[[[29.916919469833296,50.356543895475745],[29.917294979095377,50.35541444294547],[29.91458058357231,50.35505164340049],[29.91419434547416,50.35620848510515],[29.916919469833296,50.356543895475745]]]]},"id":"350"},{"type":"Feature","properties":{"id":"351","кадастр":"3222784800:00:017:0039","площа":1.0},"geometry":{"type":"MultiPolygon","coordinates":[[[[29.90400195121757,50.35590729826317],[29.904291629791178,50.35499003565521],[29.90298271179191,50.35475729456267],[29.902693033218302,50.35567456166742],[29.90400195121757,50.35590729826317]]]]},"id":"351"},{"type":"Feature","properties":{"id":"352","кадастр":"3222784800:00:017:0038","площа":0.71},"geometry":{"type":"MultiPolygon","coordinates":[[[[29.908400774001993,50.357762305045],[29.908604621887125,50.35707096412735],[29.90736007690422,50.3569272187118],[29.907145500183024,50.35761171679192],[29.908400774001993,50.357762305045]]]]},"id":"352"},{"type":"Feature","properties":{"id":"353","кадастр":"3222784800:00:005:0013","площа":1.69},"geometry":{"type":"MultiPolygon","coordinates":[[[[29.89526867866508,50.36320369638903],[29.896287918090746,50.36275882617293],[29.89538669586174,50.36189645049334],[29.89446401596061,50.36102037026683],[29.8942816257476,50.36110250347499],[29.894249439239424,50.36154054485156],[29.894217252731245,50.36219759933653],[29.89526867866508,50.36320369638903]]]]},"id":"353"},{"type":"Feature","properties":{"id":"354","кадастр":"3222784800:02:005:0005","площа":3.13},"geometry":{"type":"MultiPolygon","coordinates":[[[[29.90230679512016,50.361786941349344],[29.905922412872236,50.36050703449581],[29.905246496200483,50.35965830717712],[29.90158796310417,50.36095192581812],[29.901845455169596,50.36124623624729],[29.9022960662841,50.36176640835671],[29.90230679512016,50.361786941349344]]]]},"id":"354"},{"type":"Feature","properties":{"id":"355","кадастр":"3222784800:00:017:0032","площа":0.71},"geometry":{"type":"MultiPolygon","coordinates":[[[[29.907145500183024,50.35761171679192],[29.90736007690422,50.3569272187118],[29.90736007690422,50.35692037368117],[29.906115531921305,50.35676978275728],[29.906061887741004,50.35693406374146],[29.905900955200117,50.35745428310748],[29.907145500183024,50.35761171679192]]]]},"id":"355"},{"type":"Feature","properties":{"id":"356","кадастр":"3222784800:00:017:0029","площа":0.71},"geometry":{"type":"MultiPolygon","coordinates":[[[[29.90736007690422,50.35692037368117],[29.90757465362541,50.35622902050207],[29.906330108642496,50.356078427385064],[29.906115531921305,50.35676978275728],[29.90736007690422,50.35692037368117]]]]},"id":"356"},{"type":"Feature","properties":{"id":"357","кадастр":"3222784800:00:017:0035","площа":1.0},"geometry":{"type":"MultiPolygon","coordinates":[[[[29.90507483482353,50.35624271076174],[29.905396699905317,50.35518854921488],[29.904291629791178,50.35499003565521],[29.90400195121757,50.35590729826317],[29.903948307037275,50.35609896283824],[29.90507483482353,50.35624271076174]]]]},"id":"357"},{"type":"Feature","properties":{"id":"358","кадастр":"3222784800:00:017:0033","площа":0.71},"geometry":{"type":"MultiPolygon","coordinates":[[[[29.908604621887125,50.35707096412735],[29.908711910247725,50.35671502230288],[29.90881919860832,50.35638645824997],[29.90757465362541,50.35622902050207],[29.90736007690422,50.35692037368117],[29.90736007690422,50.3569272187118],[29.908604621887125,50.35707096412735]]]]},"id":"358"},{"type":"Feature","properties":{"id":"359","кадастр":"3222784800:00:005:0037","площа":3.07},"geometry":{"type":"MultiPolygon","coordinates":[[[[29.903733730316077,50.36342955197976],[29.90726351737968,50.3621839107942],[29.90657687187187,50.36133521345964],[29.90300416946403,50.362594565346754],[29.90320801734916,50.36282042383618],[29.903680086135783,50.36336795510706],[29.903733730316077,50.36342955197976]]]]},"id":"359"},{"type":"Feature","properties":{"id":"360","кадастр":"3222784800:00:005:0038","площа":3.39},"geometry":{"type":"MultiPolygon","coordinates":[[[[29.904538393020548,50.36436718339368],[29.908025264739912,50.36313525508873],[29.907413721084513,50.36236870578255],[29.907317161559977,50.36224550920359],[29.90726351737968,50.3621839107942],[29.903733730316077,50.36342955197976],[29.904184341430582,50.36396338819443],[29.904538393020548,50.36436718339368]]]]},"id":"360"},{"type":"Feature","properties":{"id":"361","кадастр":"3222784800:02:001:0006","площа":2.9},"geometry":{"type":"MultiPolygon","coordinates":[[[[29.89962458610526,50.3523408269774],[29.90457057952873,50.35117019930899],[29.90357279777519,50.350704678531336],[29.903444051742476,50.35064306514523],[29.89913105964653,50.351669944475816],[29.89962458610526,50.3523408269774]]]]},"id":"361"},{"type":"Feature","properties":{"id":"362","кадастр":"3222784800:02:005:0001","площа":1.77},"geometry":{"type":"MultiPolygon","coordinates":[[[[29.901469945907515,50.36514054426891],[29.904184341430582,50.36396338819443],[29.903948307037275,50.36369647083767],[29.903647899627604,50.3633816433079],[29.900879859924235,50.36457934559617],[29.901469945907515,50.36514054426891]]]]},"id":"362"},{"type":"Feature","properties":{"id":"363","кадастр":"3222784800:00:011:0106","площа":14.61},"geometry":{"type":"MultiPolygon","coordinates":[[[[29.922305345535193,50.364346651517295],[29.923646450042646,50.360116895596846],[29.92172598838798,50.36097930360944],[29.9208462238311,50.36127361386885],[29.919301271438517,50.361410501739826],[29.918421506881636,50.36149263427289],[29.917885065078657,50.36158161102335],[29.917337894439616,50.361780097019455],[29.916833639144816,50.362026492273664],[29.915910959243696,50.36258087691891],[29.914773702621382,50.36336795510706],[29.916769266128462,50.36363487431139],[29.918518066406172,50.3638538838194],[29.920717477798384,50.36414133226496],[29.922305345535193,50.364346651517295]]]]},"id":"363"},{"type":"Feature","properties":{"id":"364","кадастр":"3222784800:00:006:0038","площа":2.53},"geometry":{"type":"MultiPolygon","coordinates":[[[[29.893133640289225,50.35521593033038],[29.8957407474517,50.35408644620604],[29.89485025405876,50.35324444964956],[29.892243146896284,50.35437395380533],[29.892532825469893,50.35464776894785],[29.893133640289225,50.35521593033038]]]]},"id":"364"},{"type":"Feature","properties":{"id":"365","кадастр":"3222784800:03:016:0006","площа":2.7},"geometry":{"type":"MultiPolygon","coordinates":[[[[29.910986423492353,50.3532649863286],[29.911061525344767,50.35304592796085],[29.911297559738074,50.35307331031209],[29.911426305770792,50.3523955924774],[29.911533594131388,50.35204646133264],[29.908347129821692,50.35163571552258],[29.910374879836954,50.352019078389176],[29.91032123565666,50.352203912951026],[29.9102568626403,50.35240243816045],[29.91024613380424,50.35245720358938],[29.90707039833061,50.3522792157144],[29.906909465789717,50.35273787542119],[29.910986423492353,50.3532649863286]]]]},"id":"365"},{"type":"Feature","properties":{"id":"366","кадастр":"3222784800:00:006:0046","площа":2.25},"geometry":{"type":"MultiPolygon","coordinates":[[[[29.894399642944258,50.35273787542119],[29.897425174713053,50.35142349546186],[29.897006750106726,50.35096482305793],[29.89681363105766,50.35075944591854],[29.893723726272505,50.35210122717216],[29.894399642944258,50.35273787542119]]]]},"id":"366"},{"type":"Feature","properties":{"id":"367","кадастр":"3222784800:00:001:1007","площа":3.03},"geometry":{"type":"MultiPolygon","coordinates":[[[[29.89913105964653,50.351669944475816],[29.903444051742476,50.35064306514523],[29.902456998824995,50.35018438520232],[29.901888370513834,50.35023230719467],[29.900858402252116,50.350355534952946],[29.900665283203047,50.35036238093014],[29.899570941924967,50.35049245430928],[29.898369312286295,50.3506362192085],[29.89913105964653,50.351669944475816]]]]},"id":"367"},{"type":"Feature","properties":{"id":"368","кадастр":"3222784800:00:005:0076","площа":1.82},"geometry":{"type":"MultiPolygon","coordinates":[[[[29.8942816257476,50.36110250347499],[29.89446401596061,50.36102037026683],[29.896212816238325,50.36026063135375],[29.894689321517866,50.358830098954414],[29.894421100616377,50.35894645965985],[29.89429235458366,50.36091085910152],[29.8942816257476,50.36110250347499]]]]},"id":"368"},{"type":"Feature","properties":{"id":"369","кадастр":"3222784800:00:005:0056","площа":1.84},"geometry":{"type":"MultiPolygon","coordinates":[[[[29.896180629730146,50.36015111843559],[29.899613857269202,50.35865897975179],[29.899485111236494,50.358508394343204],[29.899184703826826,50.35817299785268],[29.895697832107466,50.35969253034649],[29.896180629730146,50.36015111843559]]]]},"id":"369"},{"type":"Feature","properties":{"id":"370","кадастр":"3222784800:00:006:0048","площа":3.08},"geometry":{"type":"MultiPolygon","coordinates":[[[[29.898862838745035,50.35695459882452],[29.89913105964653,50.356838233236445],[29.899088144302286,50.35516116808358],[29.899055957794108,50.353894773505914],[29.896706342697065,50.354914737191315],[29.898862838745035,50.35695459882452]]]]},"id":"370"},{"type":"Feature","properties":{"id":"371","кадастр":"3222784800:00:005:0027","площа":1.84},"geometry":{"type":"MultiPolygon","coordinates":[[[[29.896674156188887,50.36061654659281],[29.900043010711588,50.359158646094265],[29.899613857269202,50.35865897975179],[29.896180629730146,50.36015111843559],[29.896674156188887,50.36061654659281]]]]},"id":"371"},{"type":"Feature","properties":{"id":"372","кадастр":"3222784800:02:005:0015","площа":1.8},"geometry":{"type":"MultiPolygon","coordinates":[[[[29.8958480358123,50.36376491132866],[29.898637533187788,50.36255350005139],[29.898047447204508,50.36199227078707],[29.896287918090746,50.36275882617293],[29.89526867866508,50.36320369638903],[29.8958480358123,50.36376491132866]]]]},"id":"372"},{"type":"Feature","properties":{"id":"373","кадастр":"3222784800:02:005:0002","площа":1.69},"geometry":{"type":"MultiPolygon","coordinates":[[[[29.900879859924235,50.36457934559617],[29.903647899627604,50.3633816433079],[29.903143644332804,50.36283411219494],[29.90032196044914,50.3640592043153],[29.900879859924235,50.36457934559617]]]]},"id":"373"},{"type":"Feature","properties":{"id":"374","кадастр":"3222784800:00:017:0024","площа":1.31},"geometry":{"type":"MultiPolygon","coordinates":[[[[29.90896940231315,50.362560344269745],[29.908883571624678,50.361376279809086],[29.908121824264445,50.36139681297049],[29.906855821609412,50.36143787926664],[29.907435178756632,50.36217022224792],[29.90896940231315,50.362560344269745]]]]},"id":"374"},{"type":"Feature","properties":{"id":"375","кадастр":"3222784800:02:005:0017","площа":1.63},"geometry":{"type":"MultiPolygon","coordinates":[[[[29.899785518646155,50.36354590141007],[29.902660846710123,50.36230026327816],[29.902725219726484,50.36226604198896],[29.90230679512016,50.361786941349344],[29.9022960662841,50.36176640835671],[29.89928126335136,50.36307365783409],[29.899785518646155,50.36354590141007]]]]},"id":"375"},{"type":"Feature","properties":{"id":"376","кадастр":"3222784800:00:017:0026","площа":4.07},"geometry":{"type":"MultiPolygon","coordinates":[[[[29.916833639144816,50.36036329948506],[29.917906522750776,50.35677662780963],[29.916522502899095,50.35660550120458],[29.915449619293135,50.360185341249654],[29.916833639144816,50.36036329948506]]]]},"id":"376"},{"type":"Feature","properties":{"id":"377","кадастр":"3222784800:00:017:0011","площа":4.85},"geometry":{"type":"MultiPolygon","coordinates":[[[[29.90796089172355,50.35922024842982],[29.908400774001993,50.357762305045],[29.903433322906416,50.35715310416937],[29.904742240905684,50.35879587516324],[29.90796089172355,50.35922024842982]]]]},"id":"377"},{"type":"Feature","properties":{"id":"378","кадастр":"3222784800:00:017:0041","площа":0.5},"geometry":{"type":"MultiPolygon","coordinates":[[[[29.905900955200117,50.35745428310748],[29.906061887741004,50.35693406374146],[29.904903173446577,50.35679031791139],[29.904731512069624,50.357317383827024],[29.905900955200117,50.35745428310748]]]]},"id":"378"},{"type":"Feature","properties":{"id":"379","кадастр":"3222784800:00:017:0028","площа":0.71},"geometry":{"type":"MultiPolygon","coordinates":[[[[29.90757465362541,50.35622902050207],[29.907789230346598,50.35553765725458],[29.90755319595329,50.355503431089694],[29.90654468536369,50.35538706194446],[29.906330108642496,50.356078427385064],[29.90757465362541,50.35622902050207]]]]},"id":"379"},{"type":"Feature","properties":{"id":"380","кадастр":"3222784800:00:017:0001","площа":4.81},"geometry":{"type":"MultiPolygon","coordinates":[[[[29.906855821609412,50.36143787926664],[29.908121824264445,50.36139681297049],[29.90877628326408,50.359322918811436],[29.90796089172355,50.35922024842982],[29.904742240905684,50.35879587516324],[29.905396699905317,50.35962408398307],[29.906855821609412,50.36143787926664]]]]},"id":"380"},{"type":"Feature","properties":{"id":"381","кадастр":"3222784800:00:011:0107","площа":14.58},"geometry":{"type":"MultiPolygon","coordinates":[[[[29.91459131240837,50.36334057869354],[29.915803670883097,50.3625124347205],[29.916737079620283,50.36195120497059],[29.917241334915076,50.361697964983804],[29.917820692062296,50.36149263427289],[29.918110370635905,50.36144472364587],[29.918389320373457,50.36139681297049],[29.919419288635172,50.36129414707467],[29.920792579650804,50.36117094770656],[29.92143630981437,50.36095877026743],[29.921618700027384,50.360897170188096],[29.922176599502485,50.360650769071306],[29.92374300956718,50.35994578103302],[29.924547672271647,50.35758433705821],[29.923142194747847,50.35742005832437],[29.92195129394523,50.357276313965905],[29.920867681503218,50.3608903257299],[29.919590950012125,50.360719213954276],[29.918217658996504,50.36054125705326],[29.915449619293135,50.360185341249654],[29.91459131240837,50.36007582815778],[29.91431236267082,50.36095192581812],[29.913593530654822,50.363210540513634],[29.914333820342936,50.363306358154425],[29.91459131240837,50.36334057869354]]]]},"id":"381"},{"type":"Feature","properties":{"id":"382","кадастр":"3222784800:00:017:0010","площа":4.86},"geometry":{"type":"MultiPolygon","coordinates":[[[[29.909634590148848,50.359432433640386],[29.910696744918745,50.35588676272708],[29.909023046493452,50.35568825208699],[29.908711910247725,50.35671502230288],[29.908400774001993,50.357762305045],[29.90796089172355,50.35922024842982],[29.90877628326408,50.359322918811436],[29.909634590148848,50.359432433640386]]]]},"id":"382"},{"type":"Feature","properties":{"id":"383","кадастр":"3222784800:00:017:0009","площа":4.72},"geometry":{"type":"MultiPolygon","coordinates":[[[[29.91125464439384,50.35963777326366],[29.91231679916374,50.356085272537115],[29.910696744918745,50.35588676272708],[29.909634590148848,50.359432433640386],[29.910986423492353,50.35960355005479],[29.91125464439384,50.35963777326366]]]]},"id":"383"},{"type":"Feature","properties":{"id":"384","кадастр":"3222784800:02:006:0010","площа":2.18},"geometry":{"type":"MultiPolygon","coordinates":[[[[29.891277551650923,50.35721470910761],[29.894002676010054,50.35603051129312],[29.893895387649458,50.3559415241369],[29.893262386321943,50.355339145154694],[29.89053726196281,50.356523360215036],[29.891277551650923,50.35721470910761]]]]},"id":"384"},{"type":"Feature","properties":{"id":"385","кадастр":"3222784800:00:005:0063","площа":3.0},"geometry":{"type":"MultiPolygon","coordinates":[[[[29.90300416946403,50.362594565346754],[29.90657687187187,50.36133521345964],[29.905922412872236,50.36050703449581],[29.90230679512016,50.361786941349344],[29.902746677398596,50.362286574765434],[29.90300416946403,50.362594565346754]]]]},"id":"385"},{"type":"Feature","properties":{"id":"386","кадастр":"3222784800:02:005:0003","площа":1.68},"geometry":{"type":"MultiPolygon","coordinates":[[[[29.90032196044914,50.3640592043153],[29.903143644332804,50.36283411219494],[29.90312218666069,50.36280673547348],[29.902660846710123,50.36230026327816],[29.899785518646155,50.36354590141007],[29.90032196044914,50.3640592043153]]]]},"id":"386"},{"type":"Feature","properties":{"id":"387","кадастр":"3222784800:00:005:0064","площа":3.65},"geometry":{"type":"MultiPolygon","coordinates":[[[[29.905418157577436,50.36538692207776],[29.9088513851165,50.36417555220203],[29.90804672241203,50.363162631620696],[29.908025264739912,50.36313525508873],[29.904538393020548,50.36436718339368],[29.90497827529899,50.36488732129918],[29.905418157577436,50.36538692207776]]]]},"id":"387"},{"type":"Feature","properties":{"id":"388","кадастр":"3222784800:00:005:0060","площа":2.9},"geometry":{"type":"MultiPolygon","coordinates":[[[[29.89162087440483,50.362129156585404],[29.89347696304313,50.36131468027159],[29.892050027847205,50.35997315940469],[29.891921281814497,50.360027916100634],[29.890891313552775,50.360472811913674],[29.890193939208903,50.36078081426456],[29.89162087440483,50.362129156585404]]]]},"id":"388"},{"type":"Feature","properties":{"id":"389","кадастр":"3222784800:02:008:0031","площа":2.19},"geometry":{"type":"MultiPolygon","coordinates":[[[[29.874197244644087,50.353655181542564],[29.87761974334709,50.352231295787895],[29.87701892852775,50.351669944475816],[29.87361788749687,50.35308700148178],[29.874165058135908,50.353620954020535],[29.874197244644087,50.353655181542564]]]]},"id":"389"},{"type":"Feature","properties":{"id":"390","кадастр":"3222784800:02:008:0014","площа":2.17},"geometry":{"type":"MultiPolygon","coordinates":[[[[29.869658946990885,50.353887928038034],[29.873006343841475,50.35248458628017],[29.872426986694254,50.35191639221056],[29.869068861007612,50.35331290521181],[29.869658946990885,50.353887928038034]]]]},"id":"390"},{"type":"Feature","properties":{"id":"391","кадастр":"3222786500:05:001:0038","площа":23.95},"geometry":{"type":"MultiPolygon","coordinates":[[[[29.85587239265434,50.355934678964125],[29.85640883445732,50.35587991754641],[29.859187602996748,50.35558557384398],[29.861065149307176,50.3548052119397],[29.86316800117485,50.35392900083055],[29.865292310714644,50.35328552299875],[29.86552834510795,50.35313492054465],[29.862803220748823,50.35245035791422],[29.86167669296257,50.35216968438275],[29.860271215438768,50.35462038750466],[29.85778212547294,50.3540316826564],[29.859209060668867,50.35155356593418],[29.85826492309562,50.35131396215617],[29.856762886047285,50.35095797716759],[29.8543167114257,50.3503829188558],[29.852879047393717,50.352874787907794],[29.855207204818647,50.35342243390612],[29.85402703285209,50.35547605014],[29.85587239265434,50.355934678964125]]]]},"id":"391"},{"type":"Feature","properties":{"id":"392","кадастр":"3222784800:02:008:0084","площа":2.12},"geometry":{"type":"MultiPolygon","coordinates":[[[[29.87138628959648,50.35557872861988],[29.874733686447062,50.354182282265924],[29.874197244644087,50.353655181542564],[29.874165058135908,50.353620954020535],[29.870806932449266,50.35501741688521],[29.87138628959648,50.35557872861988]]]]},"id":"392"},{"type":"Feature","properties":{"id":"393","кадастр":"3222784800:02:008:0004","площа":2.12},"geometry":{"type":"MultiPolygon","coordinates":[[[[29.873671531677168,50.35783075409303],[29.87701892852775,50.35643437398265],[29.87701892852775,50.35642752888094],[29.876461029052656,50.35587991754641],[29.876450300216597,50.35587307236476],[29.873102903366014,50.357269468985606],[29.873671531677168,50.35783075409303]]]]},"id":"393"},{"type":"Feature","properties":{"id":"394","кадастр":"3222784800:00:008:0042","площа":2.14},"geometry":{"type":"MultiPolygon","coordinates":[[[[29.876461029052656,50.35587991754641],[29.879937171935957,50.35443556235007],[29.879357814788744,50.353894773505914],[29.875903129577555,50.355332299895075],[29.876450300216597,50.35587307236476],[29.876461029052656,50.35587991754641]]]]},"id":"394"},{"type":"Feature","properties":{"id":"395","кадастр":"3222784800:02:008:0003","площа":2.15},"geometry":{"type":"MultiPolygon","coordinates":[[[[29.8753345012664,50.35477783058732],[29.878778457641523,50.35334713295593],[29.878199100494303,50.35279264046321],[29.8747766017913,50.35422335480379],[29.875302314758223,50.35475044921914],[29.8753345012664,50.35477783058732]]]]},"id":"395"},{"type":"Feature","properties":{"id":"396","кадастр":"3222784800:02:008:0002","площа":2.16},"geometry":{"type":"MultiPolygon","coordinates":[[[[29.875903129577555,50.355332299895075],[29.879357814788744,50.353894773505914],[29.87890720367424,50.35347035263043],[29.878778457641523,50.35334713295593],[29.8753345012664,50.35477783058732],[29.875881671905443,50.35531176411027],[29.875903129577555,50.355332299895075]]]]},"id":"396"},{"type":"Feature","properties":{"id":"397","кадастр":"3222784800:02:008:0030","площа":2.12},"geometry":{"type":"MultiPolygon","coordinates":[[[[29.875956773757856,50.36007582815778],[29.87930417060844,50.358679514088664],[29.87918615341179,50.358556307934116],[29.878735542297285,50.35811823901695],[29.875388145446696,50.35951456959629],[29.875956773757856,50.36007582815778]]]]},"id":"397"},{"type":"Feature","properties":{"id":"398","кадастр":"3222784800:00:008:0027","площа":2.12},"geometry":{"type":"MultiPolygon","coordinates":[[[[29.874808788299482,50.35895330439835],[29.87816691398613,50.35755695730872],[29.87810254096977,50.357495352814624],[29.87759828567497,50.35699566896396],[29.87424015998833,50.358392032563934],[29.874808788299482,50.35895330439835]]]]},"id":"398"},{"type":"Feature","properties":{"id":"399","кадастр":"3222784800:00:008:0055","площа":2.24},"geometry":{"type":"MultiPolygon","coordinates":[[[[29.87361788749687,50.35308700148178],[29.87701892852775,50.351669944475816],[29.876407384872362,50.3510812030426],[29.873027801513594,50.35251196895515],[29.873585700988688,50.35305277355015],[29.87361788749687,50.35308700148178]]]]},"id":"399"},{"type":"Feature","properties":{"id":"400","кадастр":"3222784800:00:008:0028","площа":2.12},"geometry":{"type":"MultiPolygon","coordinates":[[[[29.875388145446696,50.35951456959629],[29.878735542297285,50.35811823901695],[29.878649711608805,50.35802925577417],[29.87816691398613,50.35755695730872],[29.874808788299482,50.35895330439835],[29.875388145446696,50.35951456959629]]]]},"id":"400"},{"type":"Feature","properties":{"id":"401","кадастр":"3222784800:02:008:0036","площа":2.12},"geometry":{"type":"MultiPolygon","coordinates":[[[[29.87424015998833,50.358392032563934],[29.87759828567497,50.35699566896396],[29.87756609916679,50.356961443850224],[29.87701892852775,50.35643437398265],[29.873671531677168,50.35783075409303],[29.87424015998833,50.358392032563934]]]]},"id":"401"},{"type":"Feature","properties":{"id":"402","кадастр":"3222786500:05:003:0023","площа":4.7},"geometry":{"type":"MultiPolygon","coordinates":[[[[29.87705111503593,50.35051299217868],[29.880441427230757,50.35015015517817],[29.87465858459465,50.34893839642487],[29.873682260513228,50.34873301052055],[29.872105121612467,50.34927385815816],[29.87705111503593,50.35051299217868]]]]},"id":"402"},{"type":"Feature","properties":{"id":"403","кадастр":"3222784400:02:008:0037","площа":2.13},"geometry":{"type":"MultiPolygon","coordinates":[[[[29.87484097480766,50.3720454822837],[29.877576828002848,50.37084796842411],[29.876857995986864,50.370177347460924],[29.87412214279167,50.371381721192115],[29.87474441528313,50.371949682287166],[29.87484097480766,50.3720454822837]]]]},"id":"403"},{"type":"Feature","properties":{"id":"404","кадастр":"3222784800:02:008:0023","площа":3.47},"geometry":{"type":"MultiPolygon","coordinates":[[[[29.864680767059244,50.35531176411027],[29.869133234023966,50.35345666157128],[29.868435859680098,50.3527652579501],[29.863940477371138,50.354640923588526],[29.864680767059244,50.35531176411027]]]]},"id":"404"},{"type":"Feature","properties":{"id":"405","кадастр":"3222786500:05:001:0039","площа":10.12},"geometry":{"type":"MultiPolygon","coordinates":[[[[29.847031831741255,50.354976345034295],[29.848802089691084,50.35190954645743],[29.850357770919718,50.3522792157144],[29.851795434951704,50.34978731540507],[29.849338531494062,50.349205396772405],[29.847900867462076,50.35169732762062],[29.846988916397017,50.35147826201995],[29.845497608184736,50.35407275532456],[29.847031831741255,50.354976345034295]]]]},"id":"405"},{"type":"Feature","properties":{"id":"406","кадастр":"3222786500:05:001:0037","площа":10.53},"geometry":{"type":"MultiPolygon","coordinates":[[[[29.848995208740156,50.35518854921488],[29.85062599182121,50.3523408269774],[29.852793216705244,50.35285425105997],[29.852879047393717,50.352874787907794],[29.8543167114257,50.3503829188558],[29.851795434951704,50.34978731540507],[29.850357770919718,50.3522792157144],[29.848802089691084,50.35190954645743],[29.847031831741255,50.354976345034295],[29.84707474708549,50.35500372627219],[29.848995208740156,50.35518854921488]]]]},"id":"406"},{"type":"Feature","properties":{"id":"407","кадастр":"3222784800:00:008:0047","площа":2.5},"geometry":{"type":"MultiPolygon","coordinates":[[[[29.873027801513594,50.35251196895515],[29.876407384872362,50.3510812030426],[29.875999689102095,50.350690986674664],[29.872094392776408,50.35159464074616],[29.872426986694254,50.35191639221056],[29.873006343841475,50.35248458628017],[29.873027801513594,50.35251196895515]]]]},"id":"407"},{"type":"Feature","properties":{"id":"408","кадастр":"3222784800:00:008:0063","площа":2.56},"geometry":{"type":"MultiPolygon","coordinates":[[[[29.869068861007612,50.35331290521181],[29.872426986694254,50.35191639221056],[29.872094392776408,50.35159464074616],[29.871042966842573,50.3518890091921],[29.86792087554924,50.352114918622185],[29.869068861007612,50.35331290521181]]]]},"id":"408"},{"type":"Feature","properties":{"id":"409","кадастр":"3222786500:05:001:0035","площа":3.29},"geometry":{"type":"MultiPolygon","coordinates":[[[[29.843770265579145,50.35305277355015],[29.844950437545695,50.35099905249479],[29.844768047332682,50.35095797716759],[29.844006299972452,50.35077998367245],[29.842976331710734,50.350533530039186],[29.841989278793253,50.35223814149464],[29.843276739120405,50.35275841231935],[29.843770265579145,50.35305277355015]]]]},"id":"409"},{"type":"Feature","properties":{"id":"410","кадастр":"3222786500:05:001:0017","площа":4.84},"geometry":{"type":"MultiPolygon","coordinates":[[[[29.84963893890373,50.35525015670255],[29.851505756378096,50.35484628393866],[29.85162377357475,50.354880510577324],[29.852793216705244,50.35285425105997],[29.85062599182121,50.3523408269774],[29.848995208740156,50.35518854921488],[29.84963893890373,50.35525015670255]]]]},"id":"410"},{"type":"Feature","properties":{"id":"411","кадастр":"3222786500:05:001:0036","площа":25.48},"geometry":{"type":"MultiPolygon","coordinates":[[[[29.845497608184736,50.35407275532456],[29.846988916397017,50.35147826201995],[29.847900867462076,50.35169732762062],[29.849338531494062,50.349205396772405],[29.846956729888834,50.348644009686126],[29.846205711364668,50.34846600751686],[29.845443964004442,50.34828800468035],[29.843888282775794,50.3479183043494],[29.84163522720329,50.34739113408446],[29.840197563171312,50.349876314096605],[29.836335182189863,50.34896578114499],[29.83612060546867,50.34909585834991],[29.83612060546867,50.34984208385037],[29.836764335632243,50.34995162055147],[29.83885645866386,50.350971668947274],[29.839811325073164,50.351355037175416],[29.840605258941572,50.349979004687256],[29.84245061874382,50.35041030274286],[29.842976331710734,50.350533530039186],[29.844006299972452,50.35077998367245],[29.844768047332682,50.35095797716759],[29.844950437545695,50.35099905249479],[29.843770265579145,50.35305277355015],[29.845497608184736,50.35407275532456]]]]},"id":"411"},{"type":"Feature","properties":{"id":"412","кадастр":"3222786500:05:003:0026","площа":4.75},"geometry":{"type":"MultiPolygon","coordinates":[[[[29.870420694351115,50.351820551576836],[29.871000051498335,50.3517794769603],[29.87384319305412,50.35110174065734],[29.869744777679365,50.35007484903817],[29.868156909942545,50.35061568139241],[29.86708402633659,50.35098536072301],[29.870420694351115,50.351820551576836]]]]},"id":"412"},{"type":"Feature","properties":{"id":"413","кадастр":"3222784800:02:008:0024","площа":2.19},"geometry":{"type":"MultiPolygon","coordinates":[[[[29.8747766017913,50.35422335480379],[29.878199100494303,50.35279264046321],[29.877673387527384,50.3522792157144],[29.87761974334709,50.352231295787895],[29.874197244644087,50.353655181542564],[29.874733686447062,50.35418912769137],[29.8747766017913,50.35422335480379]]]]},"id":"413"},{"type":"Feature","properties":{"id":"414","кадастр":"3222786500:05:003:0030","площа":38.03},"geometry":{"type":"MultiPolygon","coordinates":[[[[29.860271215438768,50.35462038750466],[29.86167669296257,50.35216968438275],[29.862803220748823,50.35245035791422],[29.86552834510795,50.35313492054465],[29.867191314697184,50.35204646133264],[29.870420694351115,50.351820551576836],[29.86708402633659,50.35098536072301],[29.868156909942545,50.35061568139241],[29.869744777679365,50.35007484903817],[29.87384319305412,50.35110174065734],[29.87461566925041,50.350937439490664],[29.875924587249674,50.35060883545174],[29.87705111503593,50.35051299217868],[29.872105121612467,50.34927385815816],[29.873682260513228,50.34873301052055],[29.868811368942186,50.347706067673776],[29.8673200607299,50.34821954187325],[29.86560344696037,50.34880147258736],[29.86361861228935,50.34948608782671],[29.861011505126875,50.350369226906345],[29.85826492309562,50.35131396215617],[29.859209060668867,50.35155356593418],[29.85778212547294,50.3540316826564],[29.860271215438768,50.35462038750466]]]]},"id":"414"},{"type":"Feature","properties":{"id":"415","кадастр":"3222784800:02:008:0008","площа":2.55},"geometry":{"type":"MultiPolygon","coordinates":[[[[29.87336039543144,50.36340901969775],[29.87751245498649,50.36168427629738],[29.876954555511396,50.36113672560311],[29.87279176712028,50.36287517724751],[29.87336039543144,50.36340901969775]]]]},"id":"415"},{"type":"Feature","properties":{"id":"416","кадастр":"3222784800:00:008:0003","площа":2.5},"geometry":{"type":"MultiPolygon","coordinates":[[[[29.874508380889814,50.36446984264234],[29.87860679626457,50.36275882617293],[29.878059625625532,50.36221813214262],[29.87393975257866,50.36393601212436],[29.874508380889814,50.36446984264234]]]]},"id":"416"},{"type":"Feature","properties":{"id":"417","кадастр":"3222784400:02:008:0016","площа":2.06},"geometry":{"type":"MultiPolygon","coordinates":[[[[29.87422943115227,50.36765901269161],[29.876761436462324,50.36655035556046],[29.875999689102095,50.36585229889354],[29.873478412628096,50.36696097233275],[29.87422943115227,50.36765901269161]]]]},"id":"417"},{"type":"Feature","properties":{"id":"418","кадастр":"3222784800:02:008:0029","площа":2.18},"geometry":{"type":"MultiPolygon","coordinates":[[[[29.87654685974113,50.360650769071306],[29.87989425659172,50.35925447191504],[29.879722595214766,50.359076509522495],[29.87930417060844,50.358679514088664],[29.875956773757856,50.36007582815778],[29.87654685974113,50.360650769071306]]]]},"id":"418"},{"type":"Feature","properties":{"id":"419","кадастр":"3222784400:02:008:0004","площа":1.97},"geometry":{"type":"MultiPolygon","coordinates":[[[[29.87494826316825,50.3683296692469],[29.877480268478315,50.36721418423794],[29.876761436462324,50.36655035556046],[29.87422943115227,50.36765901269161],[29.87494826316825,50.3683296692469]]]]},"id":"419"},{"type":"Feature","properties":{"id":"420","кадастр":"3222784800:02:008:0009","площа":2.36},"geometry":{"type":"MultiPolygon","coordinates":[[[[29.87505555152885,50.36496944781579],[29.879132509231486,50.363272137590634],[29.87860679626457,50.36275882617293],[29.874508380889814,50.36446984264234],[29.87505555152885,50.36496944781579]]]]},"id":"420"},{"type":"Feature","properties":{"id":"421","кадастр":"3222784800:00:008:0004","площа":2.5},"geometry":{"type":"MultiPolygon","coordinates":[[[[29.87393975257866,50.36393601212436],[29.878059625625532,50.36221813214262],[29.87751245498649,50.36168427629738],[29.87336039543144,50.36340901969775],[29.87393975257866,50.36393601212436]]]]},"id":"421"},{"type":"Feature","properties":{"id":"422","кадастр":"3222784800:02:008:0007","площа":2.17},"geometry":{"type":"MultiPolygon","coordinates":[[[[29.876214265823283,50.365243201844706],[29.87802743911735,50.36450406234256],[29.879690408706583,50.36382650768617],[29.879132509231486,50.363272137590634],[29.87505555152885,50.36496944781579],[29.875087738037035,50.36501051102079],[29.875731468200602,50.364825726318465],[29.876214265823283,50.365243201844706]]]]},"id":"422"},{"type":"Feature","properties":{"id":"423","кадастр":"3222784800:00:008:0001","площа":2.17},"geometry":{"type":"MultiPolygon","coordinates":[[[[29.876214265823283,50.365243201844706],[29.87802743911735,50.36450406234256],[29.879690408706583,50.36382650768617],[29.879132509231486,50.363272137590634],[29.87505555152885,50.36496944781579],[29.875087738037035,50.36501051102079],[29.875731468200602,50.364825726318465],[29.876214265823283,50.365243201844706]]]]},"id":"423"},{"type":"Feature","properties":{"id":"424","кадастр":"3222784400:02:011:0013","площа":3.04},"geometry":{"type":"MultiPolygon","coordinates":[[[[29.848512411117476,50.37168965275009],[29.849864244460978,50.371114845558644],[29.8478686809539,50.36912349536879],[29.84659194946281,50.36967095392234],[29.846516847610395,50.369705169872205],[29.848512411117476,50.37168965275009]]]]},"id":"424"}]}